from_stop_id,to_stop_id,transfer_type,min_transfer_time,from_trip_id,to_trip_id
9022005000194002,9022005000194003,1,,55700000063230995,55700000063154854
9022005000194002,9022005000194003,1,,55700000063231095,55700000063154928
9022005000194002,9022005000194003,1,,55700000063231045,55700000063154891
9022005000038001,9022005000038003,1,,55700000065354175,55700000065059846
9022005000038001,9022005000038002,1,,55700000065354378,55700000065352479
9022005000038001,9022005000038002,1,,55700000065354378,55700000065352552
9022005000038001,9022005000038003,1,,55700000065354610,55700000065059257
9022005000038001,9022005000038003,1,,55700000065354835,55700000065059891
9022005000038001,9022005000038002,1,,55700000065354407,55700000065352752
9022005000038001,9022005000038003,1,,55700000065354995,55700000065059752
9022005000038001,9022005000038003,1,,55700000065354931,55700000065059940
9022005000038001,9022005000038003,1,,55700000065354523,55700000065059212
9022005000038001,9022005000038003,1,,55700000065354668,55700000065059707
9022005000038002,9022005000038003,1,,55700000065355515,55700000065059891
9022005000038002,9022005000038003,1,,55700000065355579,55700000065059891
9022005000038002,9022005000038003,1,,55700000065355641,55700000065059846
9022005000038002,9022005000038002,1,,55700000065355907,55700000065352752
9022005000038002,9022005000038003,1,,55700000065356035,55700000065059797
9022005000038002,9022005000038003,1,,55700000065355343,55700000065059302
9022005000038002,9022005000038003,1,,55700000065355343,55700000065059347
9022005000038002,9022005000038003,1,,55700000065356003,55700000065059557
9022005000126015,9022005000126003,1,,55700000063049781,55700000063119763
9022005000126015,9022005000126002,1,,55700000063049781,55700000063233084
9022005000126015,9022005000126005,1,,55700000063050641,55700000063111875
9022005004136006,9022005004136004,1,,55700000063050641,55700000063140256
9022005000993004,9022005000993002,1,,55700000063050641,55700000064823137
9022005000126015,9022005000126005,1,,55700000063052230,55700000063112315
9022005004136006,9022005004136003,1,,55700000063052230,55700000063144692
9022005000126017,9022005000126002,1,,55700000063052576,55700000063233399
9022005000126017,9022005000126002,1,,55700000063052576,55700000063233462
9022005004136006,9022005004136003,1,,55700000063053092,55700000063145071
9022005004136006,9022005004136002,1,,55700000063053092,55700000063151991
9022005000126017,9022005000126005,1,,55700000063056016,55700000063111354
9022005000126017,9022005000126005,1,,55700000063056016,55700000063112673
9022005000993004,9022005000993002,1,,55700000063057053,55700000064823417
9022005004136006,9022005004136004,1,,55700000063058797,55700000063140144
9022005000126013,9022005000126002,1,,55700000063058797,55700000063233523
9022005000126013,9022005000126001,1,,55700000063058797,55700000063238436
9022005000050024,9022005000050020,1,,55700000063058797,55700000065074528
9022005004137006,9022005004137001,1,,55700000063059047,55700000063121630
9022005000993004,9022005000993002,1,,55700000063059047,55700000063175267
9022005000126017,9022005000126002,1,,55700000063059047,55700000063233828
9022005000050024,9022005000050020,1,,55700000063059047,55700000065074574
9022005000126017,9022005000126003,1,,55700000063059219,55700000063119901
9022005000126017,9022005000126003,1,,55700000063059219,55700000063119975
9022005004137006,9022005004137001,1,,55700000063059391,55700000063121754
9022005000993004,9022005000993002,1,,55700000063059391,55700000064823417
9022005000124003,9022005000124002,1,,55700000063060425,55700000063124277
9022005000126013,9022005000126002,1,,55700000063060425,55700000063233828
9022005000050024,9022005000050020,1,,55700000063060425,55700000065074620
9022005004137006,9022005004137001,1,,55700000063061062,55700000063121795
9022005000124003,9022005000124002,1,,55700000063061062,55700000063124509
9022005004136006,9022005004136004,1,,55700000063061062,55700000063140256
9022005004136006,9022005004136003,1,,55700000063061062,55700000063144203
9022005000993004,9022005000993002,1,,55700000063061062,55700000064823137
9022005000126015,9022005000126005,1,,55700000063050297,55700000063111538
9022005000126015,9022005000126005,1,,55700000063050297,55700000063112227
9022005000126015,9022005000126003,1,,55700000063050297,55700000063119381
9022005004136006,9022005004136004,1,,55700000063050297,55700000063139934
9022005004136006,9022005004136003,1,,55700000063055844,55700000063144814
9022005000993004,9022005000993002,1,,55700000063056360,55700000064822897
9022005000993004,9022005000993002,1,,55700000063057397,55700000064823589
9022005000124003,9022005000124001,1,,55700000063058455,55700000063110669
9022005000126013,9022005000126002,1,,55700000063058455,55700000063233645
9022005000126013,9022005000126002,1,,55700000063058455,55700000063233706
9022005000126013,9022005000126002,1,,55700000063058455,55700000063233889
9022005000050024,9022005000050020,1,,55700000063058455,55700000065074344
9022005000050024,9022005000050020,1,,55700000063058455,55700000065074390
9022005000993004,9022005000993002,1,,55700000063059907,55700000064823473
9022005004136006,9022005004136004,1,,55700000063060251,55700000063139964
9022005004136006,9022005004136003,1,,55700000063060251,55700000063144938
9022005000124003,9022005000124002,1,,55700000063060766,55700000063124973
9022005000124003,9022005000124002,1,,55700000063060874,55700000063125031
9022005000124003,9022005000124002,1,,55700000063061773,55700000063124625
9022005000126015,9022005000126002,1,,55700000063049953,55700000063233706
9022005000050024,9022005000050020,1,,55700000063049953,55700000065074436
9022005000050024,9022005000050020,1,,55700000063049953,55700000065074482
9022005000126015,9022005000126005,1,,55700000063050469,55700000063111715
9022005004136006,9022005004136004,1,,55700000063050813,55700000063140086
9022005000126015,9022005000126005,1,,55700000063050985,55700000063111194
9022005004136006,9022005004136004,1,,55700000063050985,55700000063140312
9022005000993004,9022005000993002,1,,55700000063050985,55700000064823249
9022005000126015,9022005000126005,1,,55700000063051157,55700000063112497
9022005004136006,9022005004136003,1,,55700000063051157,55700000063144380
9022005000126015,9022005000126005,1,,55700000063052058,55700000063111114
9022005004136006,9022005004136002,1,,55700000063052058,55700000063152358
9022005000126017,9022005000126005,1,,55700000063052404,55700000063113119
9022005004136006,9022005004136004,1,,55700000063052404,55700000063140116
9022005000993004,9022005000993002,1,,55700000063052404,55700000063175086
9022005000126017,9022005000126002,1,,55700000063052404,55700000063233273
9022005000126017,9022005000126002,1,,55700000063052404,55700000063233336
9022005004136006,9022005004136004,1,,55700000063052920,55700000063140054
9022005004136006,9022005004136002,1,,55700000063052920,55700000063152583
9022005000993004,9022005000993002,1,,55700000063052920,55700000063175051
9022005000050024,9022005000050020,1,,55700000063052920,55700000065074620
9022005000126017,9022005000126005,1,,55700000063053952,55700000063111626
9022005004137006,9022005004137001,1,,55700000063053952,55700000063121582
9022005004136006,9022005004136003,1,,55700000063053952,55700000063144631
9022005004136006,9022005004136002,1,,55700000063053952,55700000063152064
9022005000050024,9022005000050020,1,,55700000063053952,55700000065074712
9022005000126017,9022005000126001,1,,55700000063054640,55700000063238651
9022005004136006,9022005004136004,1,,55700000063054812,55700000063140024
9022005004136006,9022005004136004,1,,55700000063054812,55700000063140368
9022005004136006,9022005004136004,1,,55700000063054812,55700000063140396
9022005000993004,9022005000993002,1,,55700000063054812,55700000064823701
9022005000993004,9022005000993002,1,,55700000063054984,55700000063175558
9022005000126017,9022005000126005,1,,55700000063055156,55700000063111274
9022005000126017,9022005000126005,1,,55700000063055156,55700000063112585
9022005004136006,9022005004136003,1,,55700000063055156,55700000063144509
9022005004136006,9022005004136002,1,,55700000063055156,55700000063152735
9022005000993004,9022005000993002,1,,55700000063055156,55700000064823757
9022005000993004,9022005000993002,1,,55700000063055328,55700000063175341
9022005000126017,9022005000126005,1,,55700000063057742,55700000063111194
9022005004136006,9022005004136004,1,,55700000063057742,55700000063139994
9022005000126017,9022005000126005,1,,55700000063058087,55700000063112403
9022005000993004,9022005000993002,1,,55700000063058087,55700000064823645
9022005000126013,9022005000126005,1,,55700000063058920,55700000063112833
9022005004137006,9022005004137001,1,,55700000063058920,55700000063121630
9022005004136006,9022005004136004,1,,55700000063058920,55700000063140172
9022005000126013,9022005000126002,1,,55700000063058920,55700000063233767
9022005000126013,9022005000126001,1,,55700000063058920,55700000063238479
9022005000050024,9022005000050020,1,,55700000063058920,55700000065074574
9022005000124003,9022005000124002,1,,55700000063060696,55700000063124393
9022005000124003,9022005000124002,1,,55700000063060909,55700000063125089
9022005000124003,9022005000124002,1,,55700000063060944,55700000063124683
9022005000126015,9022005000126005,1,,55700000063050125,55700000063111034
9022005000126015,9022005000126005,1,,55700000063050125,55700000063111450
9022005004136006,9022005004136003,1,,55700000063050125,55700000063144877
9022005000993004,9022005000993002,1,,55700000063050125,55700000063175121
9022005000050024,9022005000050020,1,,55700000063050125,55700000065074666
9022005000126015,9022005000126005,1,,55700000063051335,55700000063111274
9022005004136006,9022005004136003,1,,55700000063051335,55700000063144999
9022005000993004,9022005000993002,1,,55700000063051335,55700000064823757
9022005000993004,9022005000993002,1,,55700000063051507,55700000064823827
9022005004136006,9022005004136004,1,,55700000063052748,55700000063140144
9022005000993004,9022005000993002,1,,55700000063052748,55700000063175193
9022005000126017,9022005000126002,1,,55700000063052748,55700000063233584
9022005000126017,9022005000126002,1,,55700000063052748,55700000063233645
9022005000126017,9022005000126002,1,,55700000063052748,55700000063233889
9022005000050024,9022005000050020,1,,55700000063052748,55700000065074528
9022005000993004,9022005000993002,1,,55700000063053264,55700000064823529
9022005000993004,9022005000993002,1,,55700000063053608,55700000064823305
9022005004136006,9022005004136004,1,,55700000063053780,55700000063140200
9022005004136006,9022005004136003,1,,55700000063053780,55700000063144450
9022005000993004,9022005000993002,1,,55700000063053780,55700000064823361
9022005000126017,9022005000126005,1,,55700000063054124,55700000063111795
9022005004136006,9022005004136004,1,,55700000063054124,55700000063140228
9022005000126017,9022005000126001,1,,55700000063054124,55700000063238522
9022005000126017,9022005000126003,1,,55700000063054296,55700000063119629
9022005004137006,9022005004137001,1,,55700000063054296,55700000063121836
9022005004136006,9022005004136003,1,,55700000063054296,55700000063144321
9022005000993004,9022005000993002,1,,55700000063054296,55700000063175014
9022005000126017,9022005000126001,1,,55700000063054296,55700000063238608
9022005004136006,9022005004136002,1,,55700000063055500,55700000063152508
9022005000993004,9022005000993002,1,,55700000063055500,55700000064823827
9022005000126017,9022005000126005,1,,55700000063056704,55700000063112139
9022005004136006,9022005004136004,1,,55700000063056704,55700000063139904
9022005004136006,9022005004136003,1,,55700000063056704,55700000063144570
9022005004136006,9022005004136002,1,,55700000063056704,55700000063152283
9022005000126013,9022005000126005,1,,55700000063058283,55700000063113119
9022005000126013,9022005000126003,1,,55700000063058283,55700000063119505
9022005004136006,9022005004136004,1,,55700000063058283,55700000063140116
9022005000993004,9022005000993002,1,,55700000063058283,55700000063175086
9022005000126013,9022005000126002,1,,55700000063058283,55700000063233336
9022005000124003,9022005000124002,1,,55700000063058627,55700000063124567
9022005004136006,9022005004136004,1,,55700000063058627,55700000063140284
9022005004136006,9022005004136003,1,,55700000063058627,55700000063144262
9022005000993004,9022005000993002,1,,55700000063058627,55700000063175156
9022005000126013,9022005000126001,1,,55700000063058627,55700000063238565
9022005000993004,9022005000993002,1,,55700000063058627,55700000064823193
9022005000126017,9022005000126003,1,,55700000063059563,55700000063119443
9022005004137006,9022005004137001,1,,55700000063059563,55700000063121795
9022005004136006,9022005004136003,1,,55700000063059563,55700000063144203
9022005000993004,9022005000993002,1,,55700000063059563,55700000063175508
9022005000124003,9022005000124002,1,,55700000063060979,55700000063124741
9022005000124003,9022005000124001,1,,55700000063539484,55700000063110783
9022005004137006,9022005004137001,1,,55700000063539484,55700000063121836
9022005004136006,9022005004136002,1,,55700000063539484,55700000063579521
9022005000124003,9022005000124002,1,,55700000063539816,55700000063124335
9022005000126017,9022005000126005,1,,55700000063540144,55700000063112051
9022005000126017,9022005000126003,1,,55700000063540144,55700000063119691
9022005004136006,9022005004136002,1,,55700000063540144,55700000063152137
9022005000993004,9022005000993002,1,,55700000063540144,55700000064822839
9022005000126018,9022005000126003,1,,55700000063539358,55700000063119567
9022005000124003,9022005000124002,1,,55700000063539856,55700000063124799
9022005000126015,9022005000126005,1,,55700000064349437,55700000063111963
9022005004136006,9022005004136004,1,,55700000064349437,55700000063140284
9022005000993004,9022005000993002,1,,55700000064349437,55700000064823193
9022005004137006,9022005004137001,1,,55700000063539950,55700000063121877
9022005004136006,9022005004136004,1,,55700000063539950,55700000063140340
9022005000993004,9022005000993002,1,,55700000063539950,55700000064823081
9022005004136006,9022005004136003,1,,55700000063540343,55700000063144753
9022005004136006,9022005004136002,1,,55700000063540343,55700000063152433
9022005004136006,9022005004136002,1,,55700000063540343,55700000063152660
9022005000124003,9022005000124002,1,,55700000063539648,55700000063125223
9022005004136006,9022005004136004,1,,55700000063539648,55700000063140312
9022005004136006,9022005004136003,1,,55700000063539648,55700000063144321
9022005000993004,9022005000993002,1,,55700000063539648,55700000064823249
9022005000126015,9022005000126005,1,,55700000064349621,55700000063112913
9022005000126015,9022005000126002,1,,55700000064349621,55700000063233147
9022005000126015,9022005000126002,1,,55700000064349621,55700000063233210
9022005000126015,9022005000126005,1,,55700000064349621,55700000063112971
9022005004136006,9022005004136003,1,,55700000064349794,55700000063144262
9022005000993004,9022005000993002,1,,55700000064349794,55700000063175156
9022005000993004,9022005000993002,1,,55700000064349794,55700000063175533
9022005000124003,9022005000124002,1,,55700000065005117,55700000063124683
9022005000126017,9022005000126002,1,,55700000063063290,55700000063233828
9022005000993005,9022005000993002,1,,55700000063063290,55700000064824193
9022005000993005,9022005000993006,1,,55700000063064802,55700000063210412
9022005001000022,9022005001000020,1,,55700000063064802,55700000064615988
9022005000993005,9022005000993001,1,,55700000063064802,55700000064820061
9022005000993005,9022005000993002,1,,55700000063064802,55700000064824541
9022005001000022,9022005001000020,1,,55700000063065882,55700000064564884
9022005001000022,9022005001000020,1,,55700000063065882,55700000064630537
9022005001000022,9022005001000020,1,,55700000063065882,55700000064631568
9022005000993005,9022005000993002,1,,55700000063065882,55700000064825067
9022005001000022,9022005001000020,1,,55700000063066098,55700000064630695
9022005001000022,9022005001000020,1,,55700000063066098,55700000064631726
9022005000993005,9022005000993002,1,,55700000063066098,55700000064823959
9022005001000022,9022005001000020,1,,55700000063066962,55700000064570263
9022005001000022,9022005001000020,1,,55700000063066962,55700000064629265
9022005001000022,9022005001000020,1,,55700000063068264,55700000064564410
9022005001000022,9022005001000020,1,,55700000063068264,55700000064631248
9022005000993005,9022005000993002,1,,55700000063070446,55700000063175939
9022005000126018,9022005000126002,1,,55700000063070446,55700000063233584
9022005000126018,9022005000126002,1,,55700000063070446,55700000063233645
9022005000126018,9022005000126002,1,,55700000063070446,55700000063233889
9022005001000022,9022005001000020,1,,55700000063070446,55700000064944787
9022005000993005,9022005000993002,1,,55700000063071270,55700000064824251
9022005001000022,9022005001000020,1,,55700000063071918,55700000064617741
9022005000993005,9022005000993002,1,,55700000063071918,55700000064824835
9022005000993005,9022005000993002,1,,55700000063061954,55700000063176159
9022005000126016,9022005000126002,1,,55700000063061954,55700000063233147
9022005000126016,9022005000126002,1,,55700000063061954,55700000063233210
9022005004136005,9022005004136002,1,,55700000063061954,55700000063573573
9022005004136005,9022005004136002,1,,55700000063061954,55700000063573602
9022005004136005,9022005004136004,1,,55700000063061954,55700000064815265
9022005000126016,9022005000126002,1,,55700000063062180,55700000063233767
9022005004136005,9022005004136004,1,,55700000063062180,55700000064815373
9022005001000026,9022005001000020,1,,55700000063062180,55700000064944857
9022005000993005,9022005000993002,1,,55700000063062858,55700000063176077
9022005000126017,9022005000126002,1,,55700000063062858,55700000063233210
9022005000126017,9022005000126002,1,,55700000063062858,55700000063233273
9022005004136005,9022005004136002,1,,55700000063062858,55700000063573602
9022005000993005,9022005000993002,1,,55700000063065234,55700000063175639
9022005001000022,9022005001000020,1,,55700000063065234,55700000064628870
9022005000993005,9022005000993002,1,,55700000063070034,55700000064824777
9022005000993005,9022005000993006,1,,55700000063071702,55700000063210308
9022005001000022,9022005001000020,1,,55700000063071702,55700000064617062
9022005001000022,9022005001000020,1,,55700000063072350,55700000064628712
9022005000993005,9022005000993002,1,,55700000063072350,55700000064824599
9022005001000022,9022005001000020,1,,55700000063072566,55700000064630616
9022005001000022,9022005001000020,1,,55700000063072784,55700000064628791
9022005001000022,9022005001000020,1,,55700000063072784,55700000064628949
9022005000993005,9022005000993002,1,,55700000063072784,55700000064824893
9022005000993005,9022005000993002,1,,55700000063074883,55700000063175895
9022005001000026,9022005001000020,1,,55700000063075963,55700000064569157
9022005001000022,9022005001000020,1,,55700000063077042,55700000064945333
9022005001000022,9022005001000020,1,,55700000063078958,55700000064614234
9022005004136005,9022005004136002,1,,55700000063075315,55700000063573457
9022005001000026,9022005001000020,1,,55700000063075315,55700000064617196
9022005000993005,9022005000993001,1,,55700000063075315,55700000064820027
9022005000993005,9022005000993002,1,,55700000063075315,55700000064824425
9022005000126017,9022005000126002,1,,55700000063063074,55700000063233767
9022005001000022,9022005001000020,1,,55700000063063074,55700000064629423
9022005004136005,9022005004136004,1,,55700000063063074,55700000064815373
9022005000993005,9022005000993002,1,,55700000063063074,55700000064825185
9022005004136005,9022005004136004,1,,55700000063063506,55700000064815400
9022005000993005,9022005000993002,1,,55700000063063938,55700000064824309
9022005001000022,9022005001000020,1,,55700000063065450,55700000064564726
9022005001000022,9022005001000020,1,,55700000063065450,55700000064631090
9022005000993005,9022005000993002,1,,55700000063065450,55700000064825009
9022005000993005,9022005000993002,1,,55700000063065666,55700000063175683
9022005001000022,9022005001000020,1,,55700000063065666,55700000064631169
9022005001000022,9022005001000020,1,,55700000063066530,55700000064565279
9022005001000022,9022005001000020,1,,55700000063066530,55700000064630374
9022005001000022,9022005001000020,1,,55700000063066530,55700000064630932
9022005000993005,9022005000993002,1,,55700000063066530,55700000064824657
9022005001000022,9022005001000020,1,,55700000063066746,55700000064565358
9022005001000022,9022005001000020,1,,55700000063066746,55700000064630453
9022005001000022,9022005001000020,1,,55700000063066746,55700000064631011
9022005001000022,9022005001000020,1,,55700000063068480,55700000064564568
9022005001000022,9022005001000020,1,,55700000063068480,55700000064631406
9022005000993005,9022005000993002,1,,55700000063068480,55700000064824951
9022005000993005,9022005000993002,1,,55700000063069818,55700000064824367
9022005000993005,9022005000993002,1,,55700000063070838,55700000063176159
9022005000993005,9022005000993006,1,,55700000063070838,55700000063210138
9022005000126015,9022005000126002,1,,55700000063070838,55700000063233084
9022005004136005,9022005004136002,1,,55700000063070838,55700000063573544
9022005004136005,9022005004136002,1,,55700000063070838,55700000063573573
9022005004136005,9022005004136004,1,,55700000063070838,55700000064815265
9022005000993005,9022005000993002,1,,55700000063070838,55700000064824135
9022005000993005,9022005000993006,1,,55700000063070838,55700000065058979
9022005000993005,9022005000993001,1,,55700000063071486,55700000064819993
9022005000993005,9022005000993002,1,,55700000063071486,55700000064824367
9022005001000022,9022005001000020,1,,55700000063073003,55700000064565042
9022005000993005,9022005000993006,1,,55700000063075099,55700000063210256
9022005000993005,9022005000993002,1,,55700000063076828,55700000063175857
9022005001000022,9022005001000020,1,,55700000063076828,55700000064945179
9022005001000022,9022005001000020,1,,55700000063078402,55700000064565200
9022005001000022,9022005001000020,1,,55700000063078402,55700000064630295
9022005001000022,9022005001000020,1,,55700000063078402,55700000064630853
9022005000993005,9022005000993002,1,,55700000063062406,55700000064824483
9022005001000026,9022005001000020,1,,55700000063062406,55700000064945105
9022005000993005,9022005000993006,1,,55700000063062632,55700000063210412
9022005004136005,9022005004136002,1,,55700000063062632,55700000063573718
9022005000993005,9022005000993001,1,,55700000063062632,55700000064820061
9022005000993005,9022005000993002,1,,55700000063062632,55700000064824541
9022005001000026,9022005001000020,1,,55700000063062632,55700000064945035
9022005000993005,9022005000993002,1,,55700000063064586,55700000063175595
9022005001000022,9022005001000020,1,,55700000063064586,55700000064617263
9022005000126015,9022005000126002,1,,55700000063069386,55700000063233645
9022005000126015,9022005000126002,1,,55700000063069386,55700000063233706
9022005000126015,9022005000126002,1,,55700000063069386,55700000063233889
9022005004136005,9022005004136002,1,,55700000063069386,55700000063573660
9022005004136005,9022005004136002,1,,55700000063075531,55700000063573486
9022005001000026,9022005001000020,1,,55700000063075531,55700000064617540
9022005000993005,9022005000993002,1,,55700000063075531,55700000064824483
9022005000126015,9022005000126002,1,,55700000064350078,55700000063233523
9022005004136005,9022005004136002,1,,55700000064350078,55700000063573631
9022005004136005,9022005004136004,1,,55700000064350078,55700000064815346
9022005000993005,9022005000993002,1,,55700000064350579,55700000063176023
9022005000126015,9022005000126002,1,,55700000064350579,55700000063233336
9022005000126015,9022005000126002,1,,55700000064350579,55700000063233399
9022005004136005,9022005004136002,1,,55700000064350579,55700000063573515
9022005004136005,9022005004136004,1,,55700000064350579,55700000064815292
9022005004136005,9022005004136004,1,,55700000064350579,55700000064815319
9022005001000022,9022005001000020,1,,55700000064350579,55700000064944717
9022005000993005,9022005000993006,1,,55700000064350800,55700000063210360
9022005001000022,9022005001000020,1,,55700000063540930,55700000064630774
9022005000993005,9022005000993002,1,,55700000063541304,55700000063176077
9022005000126016,9022005000126002,1,,55700000063541304,55700000063233336
9022005000126016,9022005000126002,1,,55700000063542197,55700000063233584
9022005000126016,9022005000126002,1,,55700000063542733,55700000063233462
9022005000126016,9022005000126002,1,,55700000063542733,55700000063233523
9022005004136005,9022005004136004,1,,55700000063542733,55700000064815319
9022005004136005,9022005004136004,1,,55700000063542733,55700000064815346
9022005001000022,9022005001000020,1,,55700000063542413,55700000064945255
9022005000993005,9022005000993002,1,,55700000064350296,55700000063175813
9022005001000021,9022005001000026,1,,55700000064631955,55700000063539484
9022005001000021,9022005001000026,1,,55700000064572207,55700000063058283
9022005001000021,9022005001000026,1,,55700000064620082,55700000063059047
9022005001000021,9022005001000022,1,,55700000064620032,55700000063049953
9022005001000021,9022005001000022,1,,55700000064620107,55700000063060425
9022005001000021,9022005001000022,1,,55700000065425838,55700000063058920
9022005000214002,9022005000214002,1,,55700000063339156,55700000063260698
9022005000214002,9022005000214002,1,,55700000063340044,55700000063260683
9022005000214002,9022005000214002,1,,55700000063339240,55700000063260715
9022005000050020,9022005000050025,1,,55700000065074784,55700000063064802
9022005000050020,9022005000050025,1,,55700000065074823,55700000063071486
9022005000050020,9022005000050025,1,,55700000065074810,55700000063540704
9022005000050020,9022005000050025,1,,55700000065074810,55700000064350800
9022005000050020,9022005000050025,1,,55700000065074797,55700000063065018
9022005000050020,9022005000050021,1,,55700000065074797,55700000063077042
9022005000050020,9022005000050025,1,,55700000065074862,55700000063062406
9022005000050020,9022005000050025,1,,55700000065074862,55700000063075531
9022005000050020,9022005000050025,1,,55700000065074888,55700000064350800
9022005000050020,9022005000050025,1,,55700000065074758,55700000063071918
9022005000050020,9022005000050021,1,,55700000065074758,55700000063076828
9022005000050020,9022005000050025,1,,55700000065074771,55700000063062632
9022005000050020,9022005000050025,1,,55700000065074771,55700000063064802
9022005000050020,9022005000050025,1,,55700000065074836,55700000063064370
9022005000050020,9022005000050025,1,,55700000065074849,55700000063071702
9022005000050020,9022005000050025,1,,55700000065074875,55700000063075531
9022005001343001,9022005001343001,1,,55700000063260791,55700000063344185
9022005001343001,9022005001343001,1,,55700000063260843,55700000063341149
9022005001343001,9022005001343001,1,,55700000063260857,55700000063340981
9022005000126001,9022005000126017,1,,55700000063238303,55700000063063290
9022005000126001,9022005000126017,1,,55700000063238375,55700000063065450
9022005000126001,9022005000126016,1,,55700000063238267,55700000063061954
9022005000126001,9022005000126015,1,,55700000063238267,55700000063070838
9022005000126001,9022005000126015,1,,55700000063238249,55700000063069386
9022005000126001,9022005000126015,1,,55700000063238285,55700000064350579
9022005000126001,9022005000126017,1,,55700000063238357,55700000063075747
9022005000126002,9022005000126017,1,,55700000063232919,55700000063075531
9022005000126002,9022005000126018,1,,55700000063232919,55700000063076828
9022005000126002,9022005000126018,1,,55700000063232955,55700000063077042
9022005000126002,9022005000126015,1,,55700000063232955,55700000064349794
9022005000126002,9022005000126015,1,,55700000063232991,55700000063539484
9022005000126002,9022005000126015,1,,55700000063232991,55700000064350800
9022005000126002,9022005000126015,1,,55700000063233003,55700000063539648
9022005000126002,9022005000126015,1,,55700000063233003,55700000064350296
9022005000126002,9022005000126017,1,,55700000063232943,55700000063064802
9022005000126002,9022005000126018,1,,55700000063232943,55700000063077042
9022005000126002,9022005000126015,1,,55700000063232943,55700000064349794
9022005000126002,9022005000126013,1,,55700000063232967,55700000063058627
9022005000126002,9022005000126017,1,,55700000063232967,55700000063065018
9022005000126002,9022005000126017,1,,55700000063233015,55700000063075747
9022005000126002,9022005000126013,1,,55700000063233015,55700000063539234
9022005000126002,9022005000126017,1,,55700000063233015,55700000063540144
9022005000126002,9022005000126017,1,,55700000063233026,55700000063059391
9022005000126002,9022005000126017,1,,55700000063233026,55700000063075315
9022005000126002,9022005000126017,1,,55700000063233037,55700000063054124
9022005000126002,9022005000126016,1,,55700000063233037,55700000063062406
9022005000126002,9022005000126017,1,,55700000063233037,55700000063075531
9022005000126002,9022005000126015,1,,55700000063233059,55700000063050641
9022005000126002,9022005000126016,1,,55700000063233059,55700000063062632
9022005000126002,9022005000126017,1,,55700000063233059,55700000063064802
9022005000126002,9022005000126015,1,,55700000063232907,55700000063050469
9022005000126002,9022005000126015,1,,55700000063232907,55700000063071702
9022005000126002,9022005000126015,1,,55700000063232931,55700000063061062
9022005000126002,9022005000126015,1,,55700000063232931,55700000063071918
9022005000126002,9022005000126015,1,,55700000063232979,55700000063539484
9022005000126002,9022005000126015,1,,55700000063232979,55700000064350800
9022005000126002,9022005000126017,1,,55700000063233048,55700000063059563
9022005000126002,9022005000126018,1,,55700000063233048,55700000063076828
9022005000126002,9022005000126017,1,,55700000063233071,55700000063064586
9022005000038001,9022005000038003,1,,55700000065065117,55700000065059607
9022005000038001,9022005000038003,1,,55700000065066415,55700000065059891
9022005000038003,9022005000038003,1,,55700000065066833,55700000065059212
9022005000038003,9022005000038003,1,,55700000065066909,55700000065059707
9022005000038001,9022005000038003,1,,55700000065065060,55700000065059302
9022005000038001,9022005000038003,1,,55700000065065060,55700000065059347
9022005000038001,9022005000038003,1,,55700000065065060,55700000065059985
9022005000038003,9022005000038002,1,,55700000065066757,55700000065352627
9022005000038001,9022005000038003,1,,55700000065065231,55700000065059657
9022005000038001,9022005000038003,1,,55700000065067194,55700000065059797
9022005000038001,9022005000038003,1,,55700000065066210,55700000065059846
9022005000038001,9022005000038002,1,,55700000065066324,55700000065352687
9022005000038003,9022005000038003,1,,55700000065066586,55700000065059940
9022005000038003,9022005000038003,1,,55700000065066871,55700000065059257
9022005000038002,9022005000038003,1,,55700000063224289,55700000065059257
9022005000038002,9022005000038003,1,,55700000063224346,55700000065059707
9022005000038002,9022005000038003,1,,55700000063222400,55700000065059752
9022005000038002,9022005000038003,1,,55700000063222457,55700000065059797
9022005000038002,9022005000038003,1,,55700000063222909,55700000065059846
9022005000038002,9022005000038003,1,,55700000063222343,55700000065059940
9022005000038002,9022005000038002,1,,55700000063223080,55700000065352479
9022005000038002,9022005000038002,1,,55700000063223080,55700000065352552
9022005000038002,9022005000038003,1,,55700000063224232,55700000065059212
9022005000038002,9022005000038003,1,,55700000065067431,55700000065059607
9022005000038002,9022005000038003,1,,55700000065067489,55700000065059657
9022005000038003,9022005000038002,1,,55700000065060098,55700000063222909
9022005000038003,9022005000038001,1,,55700000065060098,55700000065066210
9022005000038003,9022005000038001,1,,55700000065060098,55700000065354175
9022005000038003,9022005000038001,1,,55700000065060316,55700000065065117
9022005000038003,9022005000038002,1,,55700000065060316,55700000065355844
9022005000038003,9022005000038002,1,,55700000065060441,55700000063223888
9022005000038003,9022005000038001,1,,55700000065060441,55700000065354668
9022005000038003,9022005000038003,1,,55700000065060035,55700000063223367
9022005000038003,9022005000038001,1,,55700000065060035,55700000065065573
9022005000038003,9022005000038002,1,,55700000065060035,55700000065355082
9022005000038001,9022005000038001,1,,55700000065060066,55700000065066324
9022005000038001,9022005000038003,1,,55700000065060066,55700000065067373
9022005000038001,9022005000038001,1,,55700000065060066,55700000065354899
9022005000038003,9022005000038002,1,,55700000065060241,55700000063222457
9022005000038003,9022005000038001,1,,55700000065060241,55700000065067194
9022005000038003,9022005000038002,1,,55700000065060241,55700000065356035
9022005000038003,9022005000038003,1,,55700000065060266,55700000063223546
9022005000038003,9022005000038001,1,,55700000065060266,55700000065066966
9022005000038003,9022005000038002,1,,55700000065060266,55700000065355451
9022005000038003,9022005000038002,1,,55700000065060291,55700000065355483
9022005000038003,9022005000038001,1,,55700000065060341,55700000065065231
9022005000038003,9022005000038002,1,,55700000065060341,55700000065067489
9022005000038003,9022005000038003,1,,55700000065060366,55700000063223405
9022005000038003,9022005000038001,1,,55700000065060366,55700000065065630
9022005000038003,9022005000038002,1,,55700000065060366,55700000065355169
9022005000038001,9022005000038002,1,,55700000065352870,55700000063223023
9022005000038001,9022005000038001,1,,55700000065352870,55700000065066472
9022005000038001,9022005000038001,1,,55700000065352870,55700000065354146
9022005000038001,9022005000038002,1,,55700000065352920,55700000063222795
9022005000038001,9022005000038002,1,,55700000065352987,55700000063222795
9022005000038001,9022005000038003,1,,55700000065352987,55700000063223175
9022005000038003,9022005000038002,1,,55700000065060123,55700000063222795
9022005000038003,9022005000038003,1,,55700000065060123,55700000063223175
9022005000038003,9022005000038002,1,,55700000065060216,55700000063222400
9022005000038003,9022005000038001,1,,55700000065060216,55700000065354995
9022005000038003,9022005000038003,1,,55700000065060391,55700000063223443
9022005000038003,9022005000038001,1,,55700000065060391,55700000065065687
9022005000038003,9022005000038002,1,,55700000065060391,55700000065355256
9022005000038003,9022005000038001,1,,55700000065060416,55700000065065060
9022005000038001,9022005000038001,1,,55700000065352830,55700000065354291
9022005000038001,9022005000038002,1,,55700000065352830,55700000065355757
9022005000993006,9022005000993004,1,,55700000063209972,55700000063058627
9022005000993006,9022005000993004,1,,55700000063210085,55700000063059563
9022005000993006,9022005000993004,1,,55700000063209929,55700000063059563
9022005000993006,9022005000993004,1,,55700000063209886,55700000063059219
9022005000993006,9022005000993004,1,,55700000063210064,55700000063052576
9022005001626002,9022005001626002,1,,55700000063208827,55700000063205202
9022005001626002,9022005001626002,1,,55700000063208462,55700000063205238
9022005000140001,9022005000140002,1,,55700000063194696,55700000063189705
9022005000140002,9022005000140002,1,,55700000063189724,55700000063195094
9022005000993002,9022005000993004,1,,55700000064823193,55700000064349437
9022005000993002,9022005000993004,1,,55700000064823305,55700000063053608
9022005000993002,9022005000993004,1,,55700000064823529,55700000063053264
9022005000993002,9022005000993004,1,,55700000064823645,55700000063058087
9022005000993002,9022005000993004,1,,55700000064823757,55700000063051335
9022005000993002,9022005000993004,1,,55700000064823757,55700000063055156
9022005000993002,9022005000993004,1,,55700000064823011,55700000063056704
9022005000993002,9022005000993004,1,,55700000064823249,55700000063050985
9022005005222001,9022005005222001,1,,55700000064823249,55700000063175449
9022005000993002,9022005000993004,1,,55700000064823137,55700000063050641
9022005000993002,9022005000993004,1,,55700000064823473,55700000063059907
9022005005222001,9022005005222001,1,,55700000064823473,55700000063175491
9022005000993002,9022005000993004,1,,55700000064823589,55700000063057397
9022005000993002,9022005000993004,1,,55700000064822839,55700000063540144
9022005005222001,9022005005222001,1,,55700000064823081,55700000063175470
9022005000993002,9022005000993004,1,,55700000064823081,55700000063539950
9022005000993002,9022005000993004,1,,55700000064823361,55700000063053780
9022005000993002,9022005000993004,1,,55700000064823417,55700000063057053
9022005000993002,9022005000993004,1,,55700000064823417,55700000063059391
9022005005222001,9022005005222001,1,,55700000064823417,55700000063175428
9022005000993002,9022005000993004,1,,55700000064823701,55700000063054812
9022005000993002,9022005000993004,1,,55700000064824077,55700000063055844
9022005000993002,9022005000993005,1,,55700000064824657,55700000063066530
9022005000993002,9022005000993004,1,,55700000064824251,55700000063053436
9022005000993002,9022005000993005,1,,55700000064824251,55700000063071270
9022005000993002,9022005000993004,1,,55700000064824309,55700000063050297
9022005000993002,9022005000993005,1,,55700000064824309,55700000063063938
9022005000993002,9022005000993004,1,,55700000064824483,55700000063058627
9022005000993002,9022005000993005,1,,55700000064824483,55700000063075531
9022005000993002,9022005000993004,1,,55700000064824483,55700000064349794
9022005000993002,9022005000993004,1,,55700000064824715,55700000063056704
9022005000993002,9022005000993005,1,,55700000064824893,55700000063072784
9022005000993002,9022005000993005,1,,55700000064825009,55700000063065450
9022005000993002,9022005000993005,1,,55700000064825067,55700000063065882
9022005000993002,9022005000993005,1,,55700000064825185,55700000063063074
9022005000993002,9022005000993004,1,,55700000064824425,55700000063059563
9022005000993002,9022005000993004,1,,55700000064824425,55700000063061062
9022005000993002,9022005000993005,1,,55700000064824425,55700000063075315
9022005000993002,9022005000993004,1,,55700000064824541,55700000063054296
9022005000993002,9022005000993005,1,,55700000064824541,55700000063064802
9022005000993002,9022005000993004,1,,55700000064824599,55700000063054812
9022005000993002,9022005000993005,1,,55700000064824599,55700000063072350
9022005000993002,9022005000993004,1,,55700000064824835,55700000063050813
9022005000993002,9022005000993004,1,,55700000064824835,55700000063057569
9022005000993002,9022005000993005,1,,55700000064824835,55700000063071918
9022005000993002,9022005000993004,1,,55700000064825125,55700000063055844
9022005000993002,9022005000993004,1,,55700000064824135,55700000063052576
9022005000993002,9022005000993005,1,,55700000064824135,55700000063070838
9022005000993002,9022005000993004,1,,55700000064824193,55700000063050125
9022005000993002,9022005000993005,1,,55700000064824193,55700000063063290
9022005000993002,9022005000993004,1,,55700000064824367,55700000063053952
9022005000993002,9022005000993005,1,,55700000064824367,55700000063069818
9022005000993002,9022005000993005,1,,55700000064824367,55700000063071486
9022005000993002,9022005000993004,1,,55700000064824777,55700000063060251
9022005000993002,9022005000993005,1,,55700000064824777,55700000063070034
9022005000993002,9022005000993005,1,,55700000064824951,55700000063068480
9022005000993001,9022005000993004,1,,55700000064820119,55700000063539648
9022005000993001,9022005000993004,1,,55700000064820169,55700000063061062
9022005000993001,9022005000993004,1,,55700000064820194,55700000063052576
9022005000993002,9022005000993004,1,,55700000063175230,55700000063053092
9022005000993002,9022005000993005,1,,55700000063175230,55700000063063074
9022005000993002,9022005000993004,1,,55700000063175401,55700000063051157
9022005000993002,9022005000993005,1,,55700000063175401,55700000063065234
9022005000993002,9022005000993004,1,,55700000063175014,55700000063054296
9022005000993002,9022005000993005,1,,55700000063175014,55700000063064802
9022005000993002,9022005000993004,1,,55700000063175372,55700000063059391
9022005000993002,9022005000993005,1,,55700000063175372,55700000063075099
9022005000993002,9022005000993004,1,,55700000063175051,55700000063052920
9022005000993002,9022005000993004,1,,55700000063175193,55700000063058455
9022005000993002,9022005000993005,1,,55700000063175193,55700000063541304
9022005000993002,9022005000993004,1,,55700000063175267,55700000063060425
9022005000993002,9022005000993005,1,,55700000063175267,55700000063070446
9022005000993002,9022005000993004,1,,55700000063175304,55700000063052404
9022005000993002,9022005000993004,1,,55700000063175304,55700000063058283
9022005000993002,9022005000993005,1,,55700000063175304,55700000063070622
9022005000993002,9022005000993005,1,,55700000063175595,55700000063064586
9022005000993002,9022005000993005,1,,55700000063175683,55700000063065666
9022005000993002,9022005000993005,1,,55700000063175813,55700000064350296
9022005000993002,9022005000993005,1,,55700000063175857,55700000063071918
9022005005222001,9022005005222001,1,,55700000063176113,55700000064824251
9022005000993002,9022005000993005,1,,55700000063175639,55700000063065234
9022005000993002,9022005000993005,1,,55700000063176023,55700000063542733
9022005000993002,9022005000993005,1,,55700000063175715,55700000063065018
9022005000993002,9022005000993005,1,,55700000063175939,55700000063069386
9022005000993002,9022005000993005,1,,55700000063176077,55700000063541304
9022005005222001,9022005005222001,1,,55700000063176132,55700000064824425
9022005000993002,9022005000993005,1,,55700000063176159,55700000063061954
9022005004136002,9022005004136005,1,,55700000063152873,55700000064350579
9022005004136002,9022005004136005,1,,55700000063153062,55700000063065450
9022005004136002,9022005004136005,1,,55700000063153450,55700000063065450
9022005004136002,9022005004136005,1,,55700000063152999,55700000063064586
9022005004136002,9022005004136005,1,,55700000063152810,55700000063070838
9022005004136002,9022005004136005,1,,55700000063153190,55700000063063722
9022005004136002,9022005004136005,1,,55700000063153320,55700000063065450
9022005004136002,9022005004136005,1,,55700000063152936,55700000063063938
9022005004136002,9022005004136005,1,,55700000063153125,55700000063063506
9022005004136002,9022005004136005,1,,55700000063153255,55700000063067831
9022005004136002,9022005004136005,1,,55700000063153385,55700000063067831
9022005004136002,9022005004136006,1,,55700000063573748,55700000063049953
9022005004136002,9022005004136006,1,,55700000063573748,55700000063058455
9022005004136002,9022005004136006,1,,55700000063573796,55700000063059219
9022005004136002,9022005004136006,1,,55700000063573820,55700000063059563
9022005004136002,9022005004136006,1,,55700000063573940,55700000063058627
9022005004136002,9022005004136006,1,,55700000063573940,55700000064349437
9022005004136002,9022005004136006,1,,55700000063573892,55700000063052920
9022005004136002,9022005004136006,1,,55700000063573964,55700000063050985
9022005004136002,9022005004136006,1,,55700000063573964,55700000063539648
9022005004136002,9022005004136006,1,,55700000063573844,55700000064349794
9022005004136002,9022005004136006,1,,55700000063573772,55700000063058920
9022005004136002,9022005004136006,1,,55700000063573772,55700000063059047
9022005004136002,9022005004136006,1,,55700000063573868,55700000063054812
9022005004136002,9022005004136006,1,,55700000063573916,55700000063539950
9022005004136003,9022005004136005,1,,55700000063144094,55700000063063938
9022005004136003,9022005004136005,1,,55700000063144154,55700000063075315
9022005004136003,9022005004136005,1,,55700000063143985,55700000063061954
9022005004136003,9022005004136005,1,,55700000063144034,55700000063542733
9022005004136003,9022005004136005,1,,55700000063144034,55700000064350078
9022005004136004,9022005004136005,1,,55700000063140424,55700000063061954
9022005004136004,9022005004136005,1,,55700000063140424,55700000063062858
9022005004136004,9022005004136005,1,,55700000063140442,55700000063069386
9022005004136004,9022005004136005,1,,55700000063140478,55700000063064370
9022005004136004,9022005004136005,1,,55700000063140514,55700000063064802
9022005004136004,9022005004136005,1,,55700000063140514,55700000063077042
9022005004136004,9022005004136005,1,,55700000063140532,55700000064350800
9022005004136004,9022005004136005,1,,55700000063140568,55700000063075963
9022005004136004,9022005004136005,1,,55700000063140586,55700000063065882
9022005004136004,9022005004136005,1,,55700000063140722,55700000063063506
9022005004136004,9022005004136005,1,,55700000063140764,55700000063542733
9022005004136004,9022005004136005,1,,55700000063140764,55700000064350078
9022005004136004,9022005004136005,1,,55700000063140460,55700000063063290
9022005004136004,9022005004136005,1,,55700000063140550,55700000063075747
9022005004136004,9022005004136005,1,,55700000063140642,55700000063067183
9022005004136004,9022005004136005,1,,55700000063140662,55700000063067831
9022005004136004,9022005004136005,1,,55700000063140702,55700000063065882
9022005004136004,9022005004136005,1,,55700000063140496,55700000063075531
9022005004136004,9022005004136005,1,,55700000063140496,55700000063076828
9022005004136004,9022005004136005,1,,55700000063140604,55700000063065882
9022005004136004,9022005004136005,1,,55700000063140622,55700000063063074
9022005004136004,9022005004136005,1,,55700000063140744,55700000063068048
9022005004136004,9022005004136005,1,,55700000063140682,55700000063068264
9022005004136004,9022005004136006,1,,55700000064954706,55700000063061062
9022005004136004,9022005004136006,1,,55700000064954740,55700000063058627
9022005004136004,9022005004136006,1,,55700000064954723,55700000063539648
9022005004136004,9022005004136006,1,,55700000065041763,55700000064349437
9022005000184003,9022005000184003,1,,55700000063138551,55700000063137932
9022005000184003,9022005000184003,1,,55700000063138551,55700000063138573
9022005000184003,9022005000184003,1,,55700000063137932,55700000063138573
9022005000124002,9022005000124003,1,,55700000063125323,55700000063061954
9022005000124002,9022005000124003,1,,55700000063125372,55700000063542733
9022005000124002,9022005000124003,1,,55700000063125519,55700000063073669
9022005000124002,9022005000124003,1,,55700000063125617,55700000063062406
9022005000124002,9022005000124003,1,,55700000063125764,55700000063074029
9022005000124002,9022005000124003,1,,55700000063125911,55700000063073549
9022005000124002,9022005000124003,1,,55700000063125960,55700000063078613
9022005000124002,9022005000124003,1,,55700000063125960,55700000063541648
9022005000124002,9022005000124003,1,,55700000063126009,55700000063073909
9022005000124002,9022005000124003,1,,55700000063125862,55700000063074751
9022005000124002,9022005000124003,1,,55700000063125862,55700000063077838
9022005000124002,9022005000124003,1,,55700000063125470,55700000063073429
9022005000124002,9022005000124003,1,,55700000063125568,55700000063073789
9022005000124002,9022005000124003,1,,55700000063125715,55700000063077478
9022005000124002,9022005000124003,1,,55700000063125813,55700000063074631
9022005000124002,9022005000124003,1,,55700000063125813,55700000063077718
9022005000124002,9022005000124003,1,,55700000063126223,55700000063540704
9022005004137003,9022005004137005,1,,55700000063122053,55700000063070838
9022005004137003,9022005004137005,1,,55700000063122143,55700000063064370
9022005004137003,9022005004137005,1,,55700000063121925,55700000063075315
9022005004137003,9022005004137005,1,,55700000063121994,55700000063063074
9022005004137003,9022005004137005,1,,55700000063122109,55700000063542733
9022005004137003,9022005004137005,1,,55700000063122177,55700000063065234
9022005004137003,9022005004137005,1,,55700000063122081,55700000063062858
9022005004137003,9022005004137005,1,,55700000063121963,55700000063075531
9022005004137003,9022005004137005,1,,55700000063121963,55700000063076828
9022005004137003,9022005004137005,1,,55700000063122025,55700000064350800
9022005000126003,9022005000126015,1,,55700000063120049,55700000063071702
9022005000126003,9022005000126017,1,,55700000063120123,55700000063064586
9022005000126003,9022005000126017,1,,55700000063120086,55700000063065018
9022005000126003,9022005000126017,1,,55700000063120086,55700000063540704
9022005000126003,9022005000126015,1,,55700000063120197,55700000064350296
9022005000126003,9022005000126015,1,,55700000063120318,55700000063071918
9022005000126003,9022005000126017,1,,55700000063120355,55700000063062858
9022005000126003,9022005000126016,1,,55700000063120355,55700000063541304
9022005000126003,9022005000126016,1,,55700000063120402,55700000063542733
9022005000126003,9022005000126017,1,,55700000063120160,55700000063063074
9022005000126005,9022005000126016,1,,55700000063113191,55700000063061954
9022005000126005,9022005000126017,1,,55700000063113407,55700000063066530
9022005000126005,9022005000126017,1,,55700000063113897,55700000063068264
9022005000126005,9022005000126015,1,,55700000063114069,55700000064350296
9022005000126005,9022005000126016,1,,55700000063113245,55700000063542733
9022005000126005,9022005000126017,1,,55700000063113353,55700000063065450
9022005000126005,9022005000126017,1,,55700000063113461,55700000063067183
9022005000126005,9022005000126017,1,,55700000063113515,55700000063064802
9022005000126005,9022005000126017,1,,55700000063113649,55700000063066098
9022005000126005,9022005000126015,1,,55700000063113649,55700000063073003
9022005000126005,9022005000126017,1,,55700000063113711,55700000063063074
9022005000126005,9022005000126017,1,,55700000063113773,55700000063063722
9022005000126005,9022005000126017,1,,55700000063114015,55700000063065018
9022005000126005,9022005000126017,1,,55700000063114015,55700000063540704
9022005000126005,9022005000126016,1,,55700000063114247,55700000063062406
9022005000126005,9022005000126015,1,,55700000063114309,55700000064350800
9022005000126005,9022005000126017,1,,55700000063113835,55700000063067615
9022005000126005,9022005000126017,1,,55700000063114123,55700000063075963
9022005000126005,9022005000126016,1,,55700000063114278,55700000063062632
9022005000126005,9022005000126017,1,,55700000063114365,55700000063063290
9022005001002016,9022005001020017,2,360,,
9022005001002016,9022005001020016,2,360,,
9022005000130041,9022005000130042,2,300,,
9022005002653002,9022005000268001,2,300,,
9022005002653002,9022005000268002,2,300,,
9022005000003013,9022005001009017,2,420,,
9022005000003013,9022005001009016,2,420,,
9022005000006017,9022005000006001,2,120,,
9022005000006017,9022005000006003,2,120,,
9022005000006017,9022005000006002,2,120,,
9022005004138002,9022005001551001,2,180,,
9022005004138002,9022005001551002,2,180,,
9022005000993002,9022005000993005,2,240,,
9022005000993002,9022005000993004,2,240,,
9022005000993002,9022005000993003,2,300,,
9022005000993002,9022005000993001,2,300,,
9022005001020001,9022005001350002,2,300,,
9022005000050017,9022005001243002,2,300,,
9022005001020001,9022005001350001,2,300,,
9022005000050017,9022005001243001,2,300,,
9022005000006017,9022005000006016,2,120,,
9022005001009017,9022005000003007,2,420,,
9022005001009017,9022005000003008,2,420,,
9022005001009017,9022005000003009,2,420,,
9022005001232002,9022005000451001,2,300,,
9022005001232002,9022005000451002,2,300,,
9022005001009017,9022005000003001,2,420,,
9022005001009017,9022005000003002,2,420,,
9022005001009017,9022005000003003,2,420,,
9022005001009017,9022005000003004,2,420,,
9022005001009017,9022005000003005,2,420,,
9022005001009017,9022005000003006,2,420,,
9022005000993002,9022005000993006,2,300,,
9022005001002016,9022005001020002,2,360,,
9022005001002016,9022005001020001,2,360,,
9022005001009017,9022005000003018,2,420,,
9022005001009017,9022005000003019,2,420,,
9022005000993004,9022005001508002,2,300,,
9022005001009017,9022005000003010,2,420,,
9022005000993004,9022005001508001,2,300,,
9022005001009017,9022005000003011,2,420,,
9022005001009017,9022005000003012,2,420,,
9022005001009017,9022005000003013,2,420,,
9022005001009017,9022005000003016,2,420,,
9022005001009017,9022005000003017,2,420,,
9022005001020017,9022005001002004,2,360,,
9022005001020017,9022005001002002,2,360,,
9022005001020017,9022005001002003,2,360,,
9022005001020017,9022005001002001,2,360,,
9022005001000002,9022005001000017,2,300,,
9022005001000002,9022005001000018,2,300,,
9022005001000002,9022005001000019,2,300,,
9022005000126006,9022005004246001,2,300,,
9022005000194005,9022005000194044,2,300,,
9022005001000002,9022005001000010,2,300,,
9022005001000002,9022005001000011,2,300,,
9022005001000002,9022005001000012,2,300,,
9022005001000002,9022005001000013,2,300,,
9022005001000002,9022005001000014,2,300,,
9022005001000002,9022005001000015,2,300,,
9022005001000002,9022005001000016,2,300,,
9022005000050029,9022005001243002,2,300,,
9022005000226002,9022005001394001,2,300,,
9022005000226002,9022005001394002,2,300,,
9022005000050029,9022005001243001,2,300,,
9022005001000008,9022005001000001,2,300,,
9022005001020017,9022005001002016,2,360,,
9022005001000008,9022005001000002,2,300,,
9022005001000008,9022005001000003,2,300,,
9022005001002004,9022005001020001,2,360,,
9022005001029017,9022005001027001,2,360,,
9022005001029017,9022005001027002,2,360,,
9022005001002004,9022005001020002,2,360,,
9022005000130001,9022005000130041,2,300,,
9022005001000008,9022005001000009,2,300,,
9022005000130001,9022005000130042,2,300,,
9022005001000008,9022005001000004,2,300,,
9022005001000008,9022005001000005,2,300,,
9022005001000008,9022005001000006,2,300,,
9022005001000008,9022005001000007,2,300,,
9022005001000002,9022005001000020,2,300,,
9022005001000002,9022005001000021,2,300,,
9022005001000002,9022005001000022,2,300,,
9022005000001005,9022005001002016,2,360,,
9022005000001005,9022005001002017,2,360,,
9022005003847001,9022005000234001,2,120,,
9022005001000002,9022005001000026,2,300,,
9022005003847001,9022005000234002,2,120,,
9022005001038017,9022005001037017,2,240,,
9022005001038017,9022005001037016,2,240,,
9022005001020017,9022005001002017,2,360,,
9022005001000008,9022005001000011,2,300,,
9022005001000008,9022005001000012,2,300,,
9022005001000008,9022005001000013,2,300,,
9022005001000008,9022005001000014,2,300,,
9022005000993002,9022005000993043,2,300,,
9022005001000008,9022005001000010,2,300,,
9022005000993002,9022005000993042,2,300,,
9022005001000008,9022005001000019,2,300,,
9022005001002004,9022005001020016,2,360,,
9022005001029017,9022005001027016,2,360,,
9022005001029017,9022005001027017,2,360,,
9022005001002004,9022005001020017,2,360,,
9022005001000008,9022005001000015,2,300,,
9022005001000008,9022005001000016,2,300,,
9022005001000008,9022005001000017,2,300,,
9022005001000008,9022005001000018,2,300,,
9022005001038017,9022005001037002,2,240,,
9022005001038017,9022005001037001,2,240,,
9022005000003008,9022005001009016,2,420,,
9022005000003008,9022005001009017,2,420,,
9022005000425001,9022005000046006,2,180,,
9022005000425001,9022005000046002,2,180,,
9022005000425001,9022005000046003,2,180,,
9022005000425001,9022005000046004,2,180,,
9022005000425001,9022005000046005,2,180,,
9022005001038017,9022005001037003,2,240,,
9022005001000008,9022005001000022,2,300,,
9022005001000008,9022005001000020,2,300,,
9022005001000008,9022005001000021,2,300,,
9022005001000008,9022005001000026,2,300,,
9022005000003008,9022005001009001,2,420,,
9022005000003008,9022005001009002,2,420,,
9022005000003008,9022005001009003,2,420,,
9022005001000002,9022005001000046,2,360,,
9022005000003008,9022005001009004,2,420,,
9022005000003008,9022005001009005,2,420,,
9022005000003013,9022005001009002,2,420,,
9022005000003013,9022005001009001,2,420,,
9022005000003013,9022005001009004,2,420,,
9022005000003013,9022005001009003,2,420,,
9022005000003013,9022005001009005,2,420,,
9022005001009005,9022005000003008,2,420,,
9022005000194005,9022005000194001,2,300,,
9022005001009005,9022005000003009,2,420,,
9022005000194005,9022005000194002,2,300,,
9022005001009005,9022005000003006,2,420,,
9022005000194005,9022005000194003,2,300,,
9022005001009005,9022005000003007,2,420,,
9022005000194005,9022005000194004,2,300,,
9022005001350002,9022005001020016,2,300,,
9022005000050011,9022005001243001,2,300,,
9022005001009005,9022005000003001,2,420,,
9022005000050011,9022005001243002,2,300,,
9022005000046003,9022005001268002,2,240,,
9022005000046003,9022005001268001,2,240,,
9022005001009005,9022005000003004,2,420,,
9022005001009005,9022005000003005,2,420,,
9022005001009005,9022005000003002,2,420,,
9022005001009005,9022005000003003,2,420,,
9022005000001016,9022005001002017,2,360,,
9022005000001016,9022005001002016,2,360,,
9022005001350002,9022005001020017,2,300,,
9022005001009005,9022005000003019,2,420,,
9022005001009005,9022005000003017,2,420,,
9022005001009005,9022005000003018,2,420,,
9022005001009005,9022005000003011,2,420,,
9022005001009005,9022005000003012,2,420,,
9022005001188001,9022005003675001,2,300,,
9022005001188001,9022005003675002,2,300,,
9022005001009005,9022005000003010,2,420,,
9022005001350002,9022005001020002,2,300,,
9022005001350002,9022005001020001,2,300,,
9022005001009005,9022005000003016,2,420,,
9022005000130001,9022005000130002,2,300,,
9022005001009005,9022005000003013,2,420,,
9022005000130001,9022005000130003,2,300,,
9022005000130001,9022005000130004,2,300,,
9022005000001016,9022005001002004,2,360,,
9022005000001016,9022005001002003,2,360,,
9022005000001016,9022005001002002,2,360,,
9022005000001016,9022005001002001,2,360,,
9022005000002001,9022005000002016,2,180,,
9022005000002001,9022005000002017,2,180,,
9022005000002001,9022005000002002,2,180,,
9022005000002001,9022005000002003,2,180,,
9022005000002001,9022005000002004,2,180,,
9022005000369004,9022005000348002,2,420,,
9022005000369004,9022005000348001,2,420,,
9022005000002001,9022005000002005,2,180,,
9022005000002001,9022005000002006,2,300,,
9022005000002001,9022005000002007,2,300,,
9022005001000002,9022005001000006,2,300,,
9022005001000002,9022005001000007,2,300,,
9022005001000002,9022005001000008,2,300,,
9022005001000002,9022005001000009,2,300,,
9022005001000002,9022005001000001,2,300,,
9022005005038001,9022005003602001,2,900,,
9022005001000002,9022005001000003,2,300,,
9022005001000002,9022005001000004,2,300,,
9022005005038001,9022005003602002,2,900,,
9022005001000002,9022005001000005,2,300,,
9022005000050005,9022005001243002,2,300,,
9022005000050005,9022005001243001,2,300,,
9022005000001017,9022005001002017,2,360,,
9022005000001017,9022005001002016,2,360,,
9022005001000009,9022005001000026,2,300,,
9022005001000009,9022005001000021,2,300,,
9022005001000009,9022005001000022,2,300,,
9022005001000009,9022005001000020,2,300,,
9022005001783002,9022005000113002,2,300,,
9022005000054001,9022005000448002,2,300,,
9022005001783002,9022005000113001,2,300,,
9022005000054001,9022005000448001,2,300,,
9022005001032002,9022005005221003,2,240,,
9022005001032002,9022005005221002,2,240,,
9022005001394001,9022005000226001,2,300,,
9022005001032002,9022005005221001,2,240,,
9022005001394001,9022005000226002,2,300,,
9022005000001004,9022005001002016,2,360,,
9022005000001004,9022005001002017,2,360,,
9022005000502002,9022005002784002,2,420,,
9022005000993003,9022005000993042,2,300,,
9022005000502002,9022005002784001,2,420,,
9022005000993003,9022005000993043,2,300,,
9022005001009003,9022005001017002,2,180,,
9022005001000009,9022005001000046,2,360,,
9022005001009003,9022005001017001,2,180,,
9022005000001004,9022005001002004,2,360,,
9022005000001004,9022005001002001,2,360,,
9022005000001004,9022005001002002,2,360,,
9022005000001004,9022005001002003,2,360,,
9022005001009003,9022005001017016,2,180,,
9022005000126012,9022005004246001,2,300,,
9022005001009003,9022005001017017,2,180,,
9022005000126007,9022005004246001,2,300,,
9022005003849001,9022005001219001,2,300,,
9022005003849001,9022005001219002,2,300,,
9022005000451001,9022005001232001,2,300,,
9022005000002007,9022005000002006,2,180,,
9022005000451001,9022005001232002,2,300,,
9022005000002007,9022005000002005,2,300,,
9022005000002007,9022005000002004,2,180,,
9022005000002007,9022005000002003,2,300,,
9022005001517002,9022005000076002,2,300,,
9022005000002007,9022005000002002,2,300,,
9022005001517002,9022005000076001,2,300,,
9022005000002007,9022005000002001,2,300,,
9022005000194044,9022005000194005,2,300,,
9022005000194044,9022005000194004,2,300,,
9022005000194044,9022005000194003,2,300,,
9022005000194044,9022005000194002,2,300,,
9022005000194044,9022005000194001,2,300,,
9022005002679001,9022005000273001,2,300,,
9022005001219002,9022005003849001,2,300,,
9022005001219002,9022005003849002,2,300,,
9022005000993003,9022005000993002,2,300,,
9022005000993003,9022005000993001,2,300,,
9022005000993003,9022005000993004,2,300,,
9022005000993003,9022005000993006,2,300,,
9022005000993003,9022005000993005,2,300,,
9022005001000009,9022005001000003,2,300,,
9022005001000009,9022005001000004,2,300,,
9022005001000009,9022005001000001,2,300,,
9022005001000009,9022005001000002,2,300,,
9022005001000009,9022005001000007,2,300,,
9022005001000009,9022005001000008,2,300,,
9022005001000009,9022005001000005,2,300,,
9022005001000009,9022005001000006,2,300,,
9022005001000009,9022005001000014,2,300,,
9022005001000009,9022005001000015,2,300,,
9022005001000009,9022005001000012,2,300,,
9022005001000009,9022005001000013,2,300,,
9022005001000009,9022005001000010,2,300,,
9022005001000009,9022005001000011,2,300,,
9022005001000009,9022005001000018,2,300,,
9022005001000009,9022005001000019,2,300,,
9022005001000009,9022005001000016,2,300,,
9022005001000009,9022005001000017,2,300,,
9022005001002017,9022005000001005,2,360,,
9022005001002017,9022005000001004,2,360,,
9022005001000019,9022005001000020,2,300,,
9022005001002017,9022005000001003,2,360,,
9022005001000019,9022005001000021,2,300,,
9022005001002017,9022005000001002,2,360,,
9022005001000019,9022005001000022,2,300,,
9022005001002017,9022005000001006,2,360,,
9022005001000014,9022005001000006,2,300,,
9022005001000019,9022005001000026,2,300,,
9022005001000014,9022005001000005,2,300,,
9022005001000014,9022005001000004,2,300,,
9022005001000014,9022005001000003,2,300,,
9022005001000014,9022005001000002,2,300,,
9022005001002017,9022005000001001,2,360,,
9022005001000014,9022005001000001,2,300,,
9022005001418002,9022005005010001,2,240,,
9022005001000014,9022005001000009,2,300,,
9022005001000014,9022005001000008,2,300,,
9022005001000014,9022005001000007,2,300,,
9022005001418002,9022005005010002,2,240,,
9022005001000013,9022005001000046,2,360,,
9022005001009002,9022005001017001,2,180,,
9022005001009002,9022005001017002,2,180,,
9022005000993003,9022005001508001,2,300,,
9022005000993003,9022005001508002,2,180,,
9022005000050045,9022005001243001,2,300,,
9022005000050045,9022005001243002,2,300,,
9022005000113001,9022005001783002,2,300,,
9022005000113001,9022005001783001,2,300,,
9022005000003019,9022005001009016,2,420,,
9022005000016001,9022005081002002,2,300,,
9022005000003019,9022005001009017,2,420,,
9022005000016001,9022005081002001,2,300,,
9022005001000019,9022005001000001,2,300,,
9022005001000019,9022005001000002,2,300,,
9022005001000019,9022005001000003,2,300,,
9022005001000019,9022005001000004,2,300,,
9022005001000019,9022005001000005,2,300,,
9022005001000019,9022005001000006,2,300,,
9022005001022002,9022005000006002,2,180,,
9022005001000019,9022005001000007,2,300,,
9022005001022002,9022005000006001,2,180,,
9022005001000019,9022005001000008,2,300,,
9022005001000019,9022005001000009,2,300,,
9022005001022002,9022005000006003,2,180,,
9022005001002017,9022005000001020,2,360,,
9022005001223002,9022005001243001,2,300,,
9022005001223002,9022005001243002,2,240,,
9022005000003019,9022005001009003,2,420,,
9022005000003019,9022005001009004,2,420,,
9022005000003019,9022005001009005,2,420,,
9022005001000013,9022005001000026,2,300,,
9022005001000013,9022005001000021,2,300,,
9022005001000013,9022005001000020,2,300,,
9022005000003019,9022005001009001,2,420,,
9022005001000013,9022005001000022,2,300,,
9022005000003019,9022005001009002,2,420,,
9022005001002017,9022005000001016,2,360,,
9022005001000019,9022005001000010,2,300,,
9022005001000019,9022005001000011,2,300,,
9022005000993043,9022005000993001,2,300,,
9022005001000019,9022005001000012,2,300,,
9022005000993043,9022005000993002,2,240,,
9022005001000019,9022005001000013,2,300,,
9022005001000019,9022005001000014,2,300,,
9022005001002017,9022005000001017,2,360,,
9022005001000019,9022005001000015,2,300,,
9022005001000019,9022005001000016,2,300,,
9022005001000019,9022005001000017,2,300,,
9022005001000019,9022005001000018,2,300,,
9022005001022002,9022005000006017,2,180,,
9022005001022002,9022005000006016,2,180,,
9022005000416001,9022005000484002,2,120,,
9022005000416001,9022005000484001,2,120,,
9022005000130042,9022005000130041,2,300,,
9022005000993043,9022005000993005,2,300,,
9022005000993043,9022005000993006,2,300,,
9022005000993043,9022005000993003,2,240,,
9022005000993043,9022005000993004,2,300,,
9022005001000013,9022005001000007,2,300,,
9022005001418001,9022005005010002,2,240,,
9022005001000013,9022005001000006,2,300,,
9022005001418001,9022005005010001,2,240,,
9022005001000013,9022005001000009,2,300,,
9022005001000013,9022005001000008,2,300,,
9022005001000014,9022005001000046,2,360,,
9022005001020016,9022005001002001,2,360,,
9022005001020016,9022005001002002,2,360,,
9022005001020016,9022005001002003,2,360,,
9022005001020016,9022005001002004,2,360,,
9022005001000013,9022005001000003,2,300,,
9022005001000013,9022005001000002,2,300,,
9022005001000013,9022005001000005,2,300,,
9022005001000013,9022005001000004,2,300,,
9022005001000013,9022005001000001,2,300,,
9022005000369003,9022005000348001,2,420,,
9022005000369003,9022005000348002,2,420,,
9022005001000013,9022005001000018,2,300,,
9022005000053004,9022005001257002,2,420,,
9022005001000013,9022005001000017,2,300,,
9022005000053004,9022005001257001,2,420,,
9022005001000013,9022005001000019,2,300,,
9022005000404001,9022005004230002,2,180,,
9022005000993042,9022005000993043,2,300,,
9022005000126011,9022005004246001,2,300,,
9022005001000013,9022005001000014,2,300,,
9022005001000013,9022005001000016,2,300,,
9022005001000013,9022005001000015,2,300,,
9022005001000013,9022005001000010,2,300,,
9022005001000013,9022005001000012,2,300,,
9022005001000013,9022005001000011,2,300,,
9022005001000014,9022005001000020,2,300,,
9022005000126010,9022005004246001,2,300,,
9022005001009002,9022005001017016,2,180,,
9022005001009002,9022005001017017,2,180,,
9022005001000014,9022005001000026,2,300,,
9022005001017002,9022005001009005,2,180,,
9022005001037001,9022005001038001,2,240,,
9022005001000014,9022005001000022,2,300,,
9022005001017002,9022005001009003,2,180,,
9022005001037001,9022005001038002,2,240,,
9022005001000014,9022005001000021,2,300,,
9022005001017002,9022005001009004,2,180,,
9022005001037001,9022005001038003,2,240,,
9022005001017002,9022005001009001,2,180,,
9022005001037001,9022005001038004,2,240,,
9022005001022001,9022005000006016,2,180,,
9022005001017002,9022005001009002,2,180,,
9022005000001005,9022005001002003,2,360,,
9022005000001005,9022005001002004,2,360,,
9022005000001005,9022005001002001,2,360,,
9022005000001005,9022005001002002,2,360,,
9022005000001006,9022005001002001,2,360,,
9022005000001006,9022005001002002,2,360,,
9022005000001006,9022005001002003,2,360,,
9022005000050016,9022005001243001,2,300,,
9022005000001006,9022005001002004,2,360,,
9022005000050016,9022005001243002,2,300,,
9022005001022001,9022005000006017,2,180,,
9022005000076001,9022005001517001,2,300,,
9022005000993043,9022005000993042,2,300,,
9022005001000014,9022005001000017,2,300,,
9022005001000014,9022005001000016,2,300,,
9022005001000014,9022005001000015,2,300,,
9022005001000014,9022005001000013,2,300,,
9022005001017002,9022005001009016,2,180,,
9022005001020016,9022005001002016,2,360,,
9022005001000014,9022005001000012,2,300,,
9022005001017002,9022005001009017,2,180,,
9022005001020016,9022005001002017,2,360,,
9022005000076001,9022005001517002,2,300,,
9022005001000014,9022005001000011,2,300,,
9022005001000014,9022005001000010,2,300,,
9022005001037001,9022005001038016,2,240,,
9022005001037001,9022005001038017,2,240,,
9022005001000014,9022005001000019,2,300,,
9022005001000014,9022005001000018,2,300,,
9022005003850002,9022005000448002,2,180,,
9022005000001006,9022005001002016,2,360,,
9022005000050010,9022005001243001,2,300,,
9022005000001006,9022005001002017,2,360,,
9022005000050010,9022005001243002,2,300,,
9022005003850002,9022005000448001,2,180,,
9022005001002017,9022005001020016,2,360,,
9022005000002002,9022005000002017,2,180,,
9022005001002017,9022005001020017,2,360,,
9022005000451002,9022005001232001,2,300,,
9022005000451002,9022005001232002,2,300,,
9022005000130041,9022005000130003,2,300,,
9022005000130041,9022005000130004,2,300,,
9022005000002002,9022005000002016,2,180,,
9022005001188002,9022005003675001,2,300,,
9022005000130041,9022005000130001,2,240,,
9022005000130041,9022005000130002,2,300,,
9022005001188002,9022005003675002,2,300,,
9022005001002017,9022005001020001,2,360,,
9022005000050006,9022005001243002,2,300,,
9022005001002017,9022005001020002,2,360,,
9022005000050006,9022005001243001,2,300,,
9022005000002002,9022005000002006,2,300,,
9022005000002002,9022005000002007,2,300,,
9022005000993042,9022005000993002,2,240,,
9022005002653001,9022005000268002,2,300,,
9022005000993042,9022005000993003,2,240,,
9022005002653001,9022005000268001,2,300,,
9022005000993042,9022005000993004,2,300,,
9022005000993042,9022005000993005,2,300,,
9022005001223001,9022005001243002,2,180,,
9022005000993042,9022005000993006,2,300,,
9022005001223001,9022005001243001,2,240,,
9022005000046004,9022005001268001,2,240,,
9022005001022001,9022005000006003,2,180,,
9022005000046004,9022005001268002,2,240,,
9022005001022001,9022005000006002,2,180,,
9022005001022001,9022005000006001,2,180,,
9022005000993042,9022005000993001,2,300,,
9022005000002002,9022005000002004,2,180,,
9022005000002002,9022005000002005,2,180,,
9022005000002002,9022005000002003,2,180,,
9022005000002002,9022005000002001,2,180,,
9022005000184041,9022005000184043,2,240,,
9022005005038002,9022005003602002,2,900,,
9022005005038002,9022005003602001,2,900,,
9022005000404001,9022005004230001,2,180,,
9022005000126001,9022005004246001,2,300,,
9022005000226001,9022005001394002,2,300,,
9022005000226001,9022005001394001,2,300,,
9022005000348001,9022005000369007,2,420,,
9022005000348001,9022005000369006,2,420,,
9022005000348001,9022005000369008,2,420,,
9022005000002003,9022005000002016,2,180,,
9022005000002003,9022005000002017,2,180,,
9022005000016002,9022005081002002,2,300,,
9022005000016002,9022005081002001,2,300,,
9022005001268002,9022005000046004,2,240,,
9022005001268002,9022005000046003,2,240,,
9022005001268002,9022005000046006,2,240,,
9022005000348001,9022005000369001,2,420,,
9022005001268002,9022005000046005,2,240,,
9022005000348001,9022005000369003,2,420,,
9022005000348001,9022005000369002,2,420,,
9022005001268002,9022005000046002,2,240,,
9022005000348001,9022005000369005,2,420,,
9022005000448001,9022005003850002,2,180,,
9022005000348001,9022005000369004,2,420,,
9022005000448001,9022005003850001,2,180,,
9022005000124001,9022005000124003,2,120,,
9022005000184041,9022005000184001,2,240,,
9022005000124001,9022005000124004,2,120,,
9022005000184041,9022005000184002,2,240,,
9022005000184041,9022005000184003,2,240,,
9022005000124001,9022005000124002,2,120,,
9022005000184041,9022005000184004,2,240,,
9022005000184041,9022005000184005,2,300,,
9022005003744001,9022005001186002,2,300,,
9022005003744001,9022005001186001,2,300,,
9022005000001003,9022005001002002,2,360,,
9022005000001003,9022005001002001,2,360,,
9022005002679002,9022005000273001,2,180,,
9022005000001003,9022005001002004,2,360,,
9022005000001003,9022005001002003,2,360,,
9022005000001003,9022005001002017,2,360,,
9022005000001003,9022005001002016,2,360,,
9022005000184041,9022005000184024,2,240,,
9022005000184041,9022005000184025,2,240,,
9022005000184041,9022005000184026,2,240,,
9022005000113002,9022005001783001,2,300,,
9022005001259002,9022005001269001,2,180,,
9022005000113002,9022005001783002,2,300,,
9022005001259002,9022005001269002,2,180,,
9022005000006001,9022005001022016,2,180,,
9022005000006001,9022005001022017,2,180,,
9022005000124004,9022005000124001,2,120,,
9022005000124004,9022005000124002,2,120,,
9022005000124004,9022005000124003,2,120,,
9022005001173001,9022005000900002,2,180,,
9022005001009004,9022005000003005,2,420,,
9022005001009004,9022005000003006,2,420,,
9022005001009004,9022005000003007,2,420,,
9022005001009004,9022005000003008,2,420,,
9022005001173001,9022005000900001,2,180,,
9022005001009004,9022005000003009,2,420,,
9022005000348001,9022005000369041,2,420,,
9022005000348001,9022005000369042,2,420,,
9022005001009004,9022005000003001,2,420,,
9022005001009004,9022005000003002,2,420,,
9022005001009004,9022005000003003,2,420,,
9022005001009004,9022005000003004,2,420,,
9022005000215001,9022005000215003,2,300,,
9022005000484002,9022005000416002,2,120,,
9022005000006001,9022005001022001,2,180,,
9022005000484002,9022005000416001,2,120,,
9022005000215001,9022005000215004,2,300,,
9022005000215001,9022005000215002,2,300,,
9022005000484002,9022005000416003,2,120,,
9022005000006001,9022005001022002,2,180,,
9022005000215001,9022005000215005,2,300,,
9022005000002003,9022005000002001,2,180,,
9022005000002003,9022005000002002,2,180,,
9022005002275002,9022005000189001,2,300,,
9022005000002003,9022005000002004,2,180,,
9022005000002003,9022005000002005,2,180,,
9022005000002003,9022005000002006,2,300,,
9022005002280002,9022005000189002,2,180,,
9022005002280002,9022005000189001,2,180,,
9022005001009004,9022005000003016,2,420,,
9022005001009004,9022005000003017,2,420,,
9022005001009004,9022005000003018,2,420,,
9022005001009004,9022005000003019,2,420,,
9022005000002003,9022005000002007,2,300,,
9022005002275002,9022005000189002,2,300,,
9022005001009004,9022005000003010,2,420,,
9022005001009004,9022005000003011,2,420,,
9022005001009004,9022005000003012,2,420,,
9022005001009004,9022005000003013,2,420,,
9022005001000003,9022005001000012,2,300,,
9022005001000003,9022005001000013,2,300,,
9022005001000003,9022005001000010,2,300,,
9022005001000003,9022005001000011,2,300,,
9022005001000003,9022005001000016,2,300,,
9022005001000003,9022005001000017,2,300,,
9022005001000003,9022005001000014,2,300,,
9022005001000003,9022005001000015,2,300,,
9022005001000018,9022005001000026,2,300,,
9022005001000018,9022005001000021,2,300,,
9022005001000018,9022005001000022,2,300,,
9022005001000018,9022005001000020,2,300,,
9022005000050021,9022005001243002,2,300,,
9022005000050021,9022005001243001,2,300,,
9022005001000003,9022005001000018,2,300,,
9022005001000003,9022005001000019,2,300,,
9022005001009016,9022005001017002,2,180,,
9022005001009016,9022005001017001,2,180,,
9022005001000003,9022005001000001,2,300,,
9022005000003009,9022005001009002,2,420,,
9022005002784002,9022005000502002,2,420,,
9022005001000003,9022005001000002,2,300,,
9022005000003009,9022005001009003,2,420,,
9022005000050001,9022005001243001,2,300,,
9022005002784002,9022005000502001,2,420,,
9022005000050001,9022005001243002,2,300,,
9022005001000018,9022005001000019,2,300,,
9022005000003009,9022005001009001,2,420,,
9022005001000003,9022005001000005,2,300,,
9022005001000018,9022005001000016,2,300,,
9022005001000003,9022005001000006,2,300,,
9022005001000018,9022005001000017,2,300,,
9022005001000018,9022005001000014,2,300,,
9022005000003009,9022005001009004,2,420,,
9022005001000003,9022005001000004,2,300,,
9022005001000018,9022005001000015,2,300,,
9022005000003009,9022005001009005,2,420,,
9022005001000018,9022005001000012,2,300,,
9022005001000018,9022005001000013,2,300,,
9022005001000018,9022005001000010,2,300,,
9022005001000018,9022005001000011,2,300,,
9022005001000003,9022005001000009,2,300,,
9022005001000003,9022005001000007,2,300,,
9022005001000003,9022005001000008,2,300,,
9022005000006016,9022005000006017,2,120,,
9022005000006016,9022005001022001,2,180,,
9022005001027016,9022005001029016,2,360,,
9022005001027016,9022005001029017,2,360,,
9022005000006016,9022005001022002,2,180,,
9022005001000018,9022005001000046,2,360,,
9022005001508001,9022005000993042,2,300,,
9022005001027016,9022005001029001,2,360,,
9022005001508001,9022005000993043,2,300,,
9022005001027016,9022005001029002,2,360,,
9022005001000003,9022005001000021,2,300,,
9022005001000003,9022005001000022,2,300,,
9022005000006016,9022005000006003,2,120,,
9022005000006016,9022005000006002,2,120,,
9022005001000003,9022005001000026,2,300,,
9022005000006016,9022005000006001,2,120,,
9022005000130042,9022005000130002,2,300,,
9022005001000003,9022005001000020,2,300,,
9022005000130042,9022005000130003,2,300,,
9022005000130042,9022005000130004,2,300,,
9022005001009016,9022005001017017,2,180,,
9022005001009016,9022005001017016,2,180,,
9022005000130042,9022005000130001,2,240,,
9022005000993043,9022005001508001,2,300,,
9022005000215005,9022005000215003,2,300,,
9022005000215005,9022005000215004,2,300,,
9022005000215005,9022005000215001,2,300,,
9022005000993043,9022005001508002,2,300,,
9022005000215005,9022005000215002,2,300,,
9022005000003012,9022005001009017,2,420,,
9022005000003012,9022005001009016,2,420,,
9022005000993005,9022005001508001,2,300,,
9022005000993005,9022005001508002,2,300,,
9022005001038004,9022005001037003,2,240,,
9022005001038004,9022005001037002,2,240,,
9022005001038004,9022005001037001,2,240,,
9022005000006016,9022005001022016,2,180,,
9022005001000003,9022005001000046,2,360,,
9022005000003012,9022005001009005,2,420,,
9022005000003012,9022005001009004,2,420,,
9022005000006016,9022005001022017,2,180,,
9022005000003012,9022005001009003,2,420,,
9022005000003012,9022005001009002,2,420,,
9022005000003012,9022005001009001,2,420,,
9022005003850001,9022005000448001,2,180,,
9022005003850001,9022005000448002,2,180,,
9022005003849002,9022005001219002,2,300,,
9022005003849002,9022005001219001,2,300,,
9022005001038004,9022005001037017,2,240,,
9022005001038004,9022005001037016,2,240,,
9022005001000018,9022005001000009,2,300,,
9022005003602001,9022005005038001,2,900,,
9022005001000018,9022005001000007,2,300,,
9022005001000018,9022005001000008,2,300,,
9022005001000018,9022005001000005,2,300,,
9022005000003009,9022005001009017,2,420,,
9022005001002003,9022005001020017,2,360,,
9022005000002007,9022005000002017,2,300,,
9022005001000018,9022005001000006,2,300,,
9022005001002003,9022005001020016,2,360,,
9022005000002007,9022005000002016,2,300,,
9022005001000018,9022005001000003,2,300,,
9022005001000018,9022005001000004,2,300,,
9022005000003009,9022005001009016,2,420,,
9022005001000018,9022005001000001,2,300,,
9022005001000018,9022005001000002,2,300,,
9022005001187002,9022005001169001,2,300,,
9022005003602001,9022005005038002,2,900,,
9022005000993002,9022005001508002,2,300,,
9022005000993002,9022005001508001,2,300,,
9022005001187002,9022005001169002,2,300,,
9022005001508001,9022005000993001,2,300,,
9022005003847002,9022005000234002,2,120,,
9022005001508001,9022005000993002,2,300,,
9022005003847002,9022005000234001,2,120,,
9022005001508001,9022005000993003,2,300,,
9022005001508001,9022005000993004,2,300,,
9022005001508001,9022005000993005,2,300,,
9022005001508001,9022005000993006,2,300,,
9022005001002003,9022005001020002,2,360,,
9022005001002003,9022005001020001,2,360,,
9022005001232001,9022005000451001,2,300,,
9022005001232001,9022005000451002,2,300,,
9022005001000011,9022005001000016,2,300,,
9022005001000046,9022005001000010,2,360,,
9022005001000011,9022005001000015,2,300,,
9022005001000011,9022005001000018,2,300,,
9022005001000046,9022005001000012,2,360,,
9022005001000011,9022005001000017,2,300,,
9022005001000046,9022005001000011,2,360,,
9022005000184005,9022005000184025,2,300,,
9022005000050003,9022005001243002,2,300,,
9022005001000046,9022005001000014,2,360,,
9022005001000011,9022005001000019,2,300,,
9022005000184005,9022005000184026,2,300,,
9022005001000046,9022005001000013,2,360,,
9022005001000046,9022005001000016,2,240,,
9022005000184005,9022005000184024,2,300,,
9022005001000046,9022005001000015,2,360,,
9022005001000001,9022005001000026,2,300,,
9022005001000021,9022005001000006,2,300,,
9022005000003007,9022005001009004,2,420,,
9022005001000006,9022005001000046,2,360,,
9022005001000021,9022005001000005,2,300,,
9022005000003007,9022005001009005,2,420,,
9022005001000021,9022005001000004,2,300,,
9022005000003007,9022005001009002,2,420,,
9022005001000021,9022005001000003,2,300,,
9022005000003007,9022005001009003,2,420,,
9022005001037003,9022005001038016,2,240,,
9022005001000001,9022005001000022,2,300,,
9022005001000001,9022005001000021,2,300,,
9022005001000021,9022005001000009,2,300,,
9022005000003007,9022005001009001,2,420,,
9022005001000001,9022005001000020,2,300,,
9022005001000021,9022005001000008,2,300,,
9022005001000021,9022005001000007,2,300,,
9022005001000026,9022005001000021,2,240,,
9022005001000026,9022005001000020,2,240,,
9022005001000021,9022005001000002,2,300,,
9022005001037003,9022005001038017,2,240,,
9022005001000021,9022005001000001,2,300,,
9022005001000046,9022005001000018,2,360,,
9022005001000046,9022005001000017,2,240,,
9022005001000011,9022005001000010,2,300,,
9022005000050003,9022005001243001,2,300,,
9022005001000046,9022005001000019,2,360,,
9022005001000011,9022005001000012,2,300,,
9022005001517001,9022005001518001,2,180,,
9022005001000026,9022005001000022,2,240,,
9022005001517001,9022005001518002,2,180,,
9022005001000011,9022005001000014,2,300,,
9022005000194004,9022005000194044,2,300,,
9022005001000011,9022005001000013,2,300,,
9022005001000011,9022005001000005,2,300,,
9022005000003017,9022005001009005,2,420,,
9022005001000046,9022005001000021,2,240,,
9022005001000011,9022005001000004,2,300,,
9022005001000046,9022005001000020,2,240,,
9022005001000011,9022005001000007,2,300,,
9022005001000011,9022005001000006,2,300,,
9022005001000016,9022005001000046,2,240,,
9022005001000046,9022005001000022,2,360,,
9022005001000011,9022005001000009,2,300,,
9022005001000011,9022005001000008,2,300,,
9022005001000026,9022005001000019,2,300,,
9022005001009004,9022005001017017,2,180,,
9022005001009004,9022005001017016,2,180,,
9022005001000046,9022005001000026,2,360,,
9022005000184025,9022005000184002,2,240,,
9022005001000021,9022005001000017,2,240,,
9022005001037003,9022005001038002,2,240,,
9022005000184025,9022005000184001,2,240,,
9022005001000021,9022005001000016,2,240,,
9022005001037003,9022005001038003,2,240,,
9022005001000021,9022005001000015,2,300,,
9022005001037003,9022005001038004,2,240,,
9022005001000021,9022005001000014,2,300,,
9022005000184025,9022005000184005,2,300,,
9022005000184025,9022005000184004,2,240,,
9022005001000021,9022005001000019,2,300,,
9022005000184025,9022005000184003,2,240,,
9022005001000021,9022005001000018,2,300,,
9022005001037003,9022005001038001,2,240,,
9022005001000026,9022005001000010,2,300,,
9022005001000021,9022005001000013,2,300,,
9022005001000021,9022005001000012,2,300,,
9022005001000021,9022005001000011,2,300,,
9022005001000021,9022005001000010,2,300,,
9022005001000026,9022005001000016,2,240,,
9022005001000026,9022005001000015,2,300,,
9022005001000026,9022005001000018,2,300,,
9022005001000026,9022005001000017,2,240,,
9022005001000011,9022005001000001,2,300,,
9022005001000026,9022005001000012,2,300,,
9022005000003017,9022005001009001,2,420,,
9022005001000026,9022005001000011,2,300,,
9022005000003017,9022005001009002,2,420,,
9022005001000011,9022005001000003,2,300,,
9022005001000026,9022005001000014,2,300,,
9022005000003017,9022005001009003,2,420,,
9022005001000011,9022005001000002,2,300,,
9022005001000026,9022005001000013,2,300,,
9022005000003017,9022005001009004,2,420,,
9022005001243002,9022005001223002,2,240,,
9022005001000006,9022005001000020,2,300,,
9022005000184005,9022005000184003,2,300,,
9022005001000006,9022005001000021,2,300,,
9022005000184005,9022005000184004,2,300,,
9022005001000006,9022005001000022,2,300,,
9022005000184005,9022005000184001,2,300,,
9022005000050008,9022005001243002,2,300,,
9022005001243002,9022005001223001,2,180,,
9022005000184005,9022005000184002,2,300,,
9022005000050008,9022005001243001,2,300,,
9022005001038016,9022005001037017,2,240,,
9022005001000006,9022005001000026,2,300,,
9022005001009004,9022005001017002,2,180,,
9022005001000001,9022005001000046,2,360,,
9022005001009004,9022005001017001,2,180,,
9022005001038016,9022005001037016,2,240,,
9022005000046006,9022005001268001,2,240,,
9022005000046006,9022005001268002,2,240,,
9022005000502001,9022005002784001,2,420,,
9022005000502001,9022005002784002,2,420,,
9022005001000026,9022005001000046,2,360,,
9022005001000011,9022005001000026,2,300,,
9022005001038016,9022005001037001,2,240,,
9022005001000006,9022005001000010,2,300,,
9022005001000006,9022005001000011,2,300,,
9022005001000006,9022005001000012,2,300,,
9022005000184025,9022005000184024,2,240,,
9022005001000006,9022005001000013,2,300,,
9022005001000006,9022005001000014,2,300,,
9022005000003007,9022005001009016,2,420,,
9022005001000006,9022005001000015,2,300,,
9022005001000006,9022005001000016,2,300,,
9022005001000006,9022005001000017,2,300,,
9022005001038016,9022005001037003,2,240,,
9022005001000006,9022005001000018,2,300,,
9022005001038016,9022005001037002,2,240,,
9022005000184025,9022005000184026,2,240,,
9022005001000006,9022005001000019,2,300,,
9022005000050013,9022005001243001,2,300,,
9022005000050028,9022005001243001,2,300,,
9022005000050013,9022005001243002,2,300,,
9022005000050028,9022005001243002,2,300,,
9022005000003007,9022005001009017,2,420,,
9022005001783001,9022005000113001,2,300,,
9022005001783001,9022005000113002,2,300,,
9022005001000011,9022005001000021,2,300,,
9022005001000011,9022005001000020,2,300,,
9022005001000011,9022005001000022,2,300,,
9022005001000006,9022005001000001,2,300,,
9022005001000006,9022005001000002,2,300,,
9022005004138001,9022005001551002,2,180,,
9022005001000006,9022005001000003,2,300,,
9022005004138001,9022005001551001,2,180,,
9022005001000006,9022005001000004,2,300,,
9022005001000006,9022005001000005,2,300,,
9022005001000006,9022005001000007,2,300,,
9022005001000006,9022005001000008,2,300,,
9022005001000006,9022005001000009,2,300,,
9022005000126014,9022005004246001,2,240,,
9022005000993006,9022005000993001,2,300,,
9022005001000021,9022005001000046,2,240,,
9022005001032017,9022005005221003,2,240,,
9022005000993006,9022005000993004,2,300,,
9022005001032017,9022005005221002,2,240,,
9022005000993006,9022005000993005,2,300,,
9022005001032017,9022005005221001,2,240,,
9022005000993006,9022005000993002,2,300,,
9022005000993006,9022005000993003,2,300,,
9022005001000016,9022005001000003,2,300,,
9022005001000016,9022005001000004,2,300,,
9022005001000016,9022005001000001,2,300,,
9022005001000016,9022005001000002,2,300,,
9022005001000016,9022005001000007,2,300,,
9022005001000016,9022005001000008,2,300,,
9022005001000016,9022005001000005,2,300,,
9022005001000016,9022005001000006,2,300,,
9022005000900002,9022005001173001,2,180,,
9022005000900002,9022005001173002,2,180,,
9022005001027001,9022005001029016,2,360,,
9022005001027001,9022005001029017,2,360,,
9022005001000016,9022005001000009,2,300,,
9022005001000016,9022005001000014,2,300,,
9022005000369005,9022005000348002,2,420,,
9022005001000016,9022005001000015,2,300,,
9022005000369005,9022005000348001,2,420,,
9022005001000016,9022005001000012,2,300,,
9022005001000016,9022005001000013,2,300,,
9022005001000016,9022005001000018,2,300,,
9022005001000016,9022005001000019,2,300,,
9022005001009001,9022005000003001,2,420,,
9022005001000016,9022005001000017,2,240,,
9022005000046002,9022005000425003,2,180,,
9022005001009001,9022005000003004,2,420,,
9022005000184005,9022005000184043,2,300,,
9022005001009001,9022005000003005,2,420,,
9022005000046002,9022005000425001,2,180,,
9022005001009001,9022005000003002,2,420,,
9022005001000021,9022005001000026,2,240,,
9022005000184005,9022005000184041,2,300,,
9022005000046002,9022005000425002,2,180,,
9022005001009001,9022005000003003,2,420,,
9022005001000016,9022005001000010,2,300,,
9022005001009001,9022005000003008,2,420,,
9022005001000016,9022005001000011,2,300,,
9022005001009001,9022005000003009,2,420,,
9022005001009001,9022005000003006,2,420,,
9022005001009001,9022005000003007,2,420,,
9022005001000021,9022005001000020,2,240,,
9022005001000021,9022005001000022,2,240,,
9022005000003002,9022005001009005,2,420,,
9022005003800001,9022005002784002,2,600,,
9022005003800001,9022005002784001,2,600,,
9022005000003002,9022005001009001,2,420,,
9022005000003002,9022005001009002,2,420,,
9022005000003002,9022005001009003,2,420,,
9022005000003002,9022005001009004,2,420,,
9022005001000016,9022005001000026,2,240,,
9022005001000046,9022005001000001,2,360,,
9022005001009001,9022005000003011,2,420,,
9022005001000046,9022005001000003,2,360,,
9022005001009001,9022005000003012,2,420,,
9022005001000046,9022005001000002,2,360,,
9022005001000046,9022005001000005,2,360,,
9022005001009001,9022005000003010,2,420,,
9022005001000046,9022005001000004,2,360,,
9022005001009001,9022005000003016,2,420,,
9022005001078001,9022005001079002,2,300,,
9022005001009001,9022005000003013,2,420,,
9022005001078001,9022005001079001,2,300,,
9022005001000016,9022005001000021,2,240,,
9022005001009001,9022005000003019,2,420,,
9022005001000016,9022005001000022,2,240,,
9022005001009001,9022005000003017,2,420,,
9022005001009001,9022005000003018,2,420,,
9022005001000016,9022005001000020,2,240,,
9022005000003002,9022005001009016,2,420,,
9022005001000046,9022005001000007,2,360,,
9022005000003002,9022005001009017,2,420,,
9022005001168001,9022005003675001,2,300,,
9022005000050023,9022005001243001,2,300,,
9022005001000046,9022005001000006,2,360,,
9022005000050023,9022005001243002,2,300,,
9022005001000046,9022005001000009,2,360,,
9022005000050018,9022005001243002,2,300,,
9022005001000046,9022005001000008,2,360,,
9022005000050018,9022005001243001,2,300,,
9022005001168001,9022005003675002,2,300,,
9022005001243001,9022005000050025,2,360,,
9022005000002005,9022005000002004,2,180,,
9022005001243001,9022005000050024,2,360,,
9022005000002005,9022005000002003,2,180,,
9022005001243001,9022005000050027,2,360,,
9022005000002005,9022005000002002,2,180,,
9022005001243001,9022005000050026,2,360,,
9022005000002005,9022005000002001,2,180,,
9022005000043002,9022005001430003,2,240,,
9022005000184043,9022005000184003,2,240,,
9022005001243001,9022005000050029,2,360,,
9022005000184043,9022005000184004,2,240,,
9022005001243001,9022005000050028,2,360,,
9022005000002005,9022005000002007,2,300,,
9022005000043002,9022005001430001,2,240,,
9022005000184043,9022005000184005,2,300,,
9022005000002005,9022005000002006,2,300,,
9022005000043002,9022005001430002,2,240,,
9022005001257001,9022005001218001,2,240,,
9022005001257001,9022005001218002,2,240,,
9022005001243001,9022005000050021,2,360,,
9022005001243001,9022005000050020,2,360,,
9022005001243001,9022005000050023,2,360,,
9022005004133002,9022005000188001,2,300,,
9022005001243001,9022005000050022,2,360,,
9022005001079002,9022005001078002,2,300,,
9022005004133002,9022005000188002,2,300,,
9022005001079002,9022005001078001,2,300,,
9022005000184043,9022005000184001,2,240,,
9022005000184043,9022005000184002,2,240,,
9022005001243001,9022005000050014,2,360,,
9022005001243001,9022005000050013,2,360,,
9022005005010001,9022005001418002,2,240,,
9022005001243001,9022005000050016,2,360,,
9022005001000008,9022005001000046,2,360,,
9022005005010001,9022005001418001,2,240,,
9022005001243001,9022005000050018,2,360,,
9022005001243001,9022005000050017,2,360,,
9022005001243001,9022005000050019,2,360,,
9022005001243001,9022005000050010,2,360,,
9022005001243001,9022005000050012,2,360,,
9022005001243001,9022005000050011,2,360,,
9022005001551001,9022005004138001,2,180,,
9022005001551001,9022005004138002,2,180,,
9022005000425002,9022005000046002,2,180,,
9022005001027001,9022005001029001,2,360,,
9022005001027001,9022005001029002,2,360,,
9022005001243001,9022005000050041,2,360,,
9022005000425002,9022005000046005,2,180,,
9022005000050041,9022005001243001,2,300,,
9022005001243001,9022005000050043,2,360,,
9022005000425002,9022005000046006,2,180,,
9022005001243001,9022005000050042,2,360,,
9022005000425002,9022005000046003,2,180,,
9022005001243001,9022005000050045,2,360,,
9022005000425002,9022005000046004,2,180,,
9022005000050041,9022005001243002,2,300,,
9022005001243001,9022005000050044,2,360,,
9022005000234002,9022005003847002,2,120,,
9022005000234002,9022005003847001,2,120,,
9022005000993001,9022005000993042,2,300,,
9022005000993001,9022005000993043,2,300,,
9022005003849001,9022005003592001,2,300,,
9022005000002005,9022005000002017,2,180,,
9022005000002005,9022005000002016,2,180,,
9022005001169001,9022005001187001,2,300,,
9022005001169001,9022005001187002,2,300,,
9022005000273001,9022005002679002,2,240,,
9022005000273001,9022005002679001,2,300,,
9022005000189002,9022005002280001,2,180,,
9022005000189002,9022005002280002,2,180,,
9022005000053001,9022005001257002,2,420,,
9022005000053001,9022005001257001,2,420,,
9022005000194004,9022005000194005,2,300,,
9022005000194004,9022005000194002,2,300,,
9022005000194004,9022005000194003,2,300,,
9022005000194004,9022005000194001,2,300,,
9022005001009016,9022005000003004,2,420,,
9022005001009016,9022005000003005,2,420,,
9022005001009016,9022005000003002,2,420,,
9022005001009016,9022005000003003,2,420,,
9022005000184025,9022005000184041,2,240,,
9022005001009016,9022005000003001,2,420,,
9022005000184025,9022005000184043,2,240,,
9022005001009016,9022005000003008,2,420,,
9022005001009016,9022005000003009,2,420,,
9022005001009016,9022005000003006,2,420,,
9022005001009016,9022005000003007,2,420,,
9022005000054003,9022005000448001,2,300,,
9022005000054003,9022005000448002,2,300,,
9022005001000011,9022005001000046,2,360,,
9022005000003017,9022005001009016,2,420,,
9022005000215003,9022005000215005,2,300,,
9022005001243001,9022005000050003,2,360,,
9022005000003017,9022005001009017,2,420,,
9022005001009016,9022005000003016,2,420,,
9022005001243001,9022005000050002,2,360,,
9022005001009016,9022005000003013,2,420,,
9022005001243001,9022005000050005,2,360,,
9022005000215003,9022005000215004,2,300,,
9022005001243001,9022005000050004,2,360,,
9022005001000026,9022005001000009,2,300,,
9022005001009016,9022005000003011,2,420,,
9022005000215003,9022005000215001,2,300,,
9022005001243001,9022005000050007,2,360,,
9022005001000026,9022005001000008,2,300,,
9022005001009016,9022005000003012,2,420,,
9022005000215003,9022005000215002,2,300,,
9022005001243001,9022005000050006,2,360,,
9022005001009016,9022005000003010,2,420,,
9022005001243001,9022005000050008,2,360,,
9022005001000001,9022005001000004,2,300,,
9022005001000001,9022005001000003,2,300,,
9022005001000001,9022005001000002,2,300,,
9022005001009016,9022005000003019,2,420,,
9022005000993001,9022005000993006,2,300,,
9022005000993001,9022005000993005,2,300,,
9022005001009016,9022005000003017,2,420,,
9022005001243001,9022005000050001,2,360,,
9022005001009016,9022005000003018,2,420,,
9022005000993001,9022005000993002,2,300,,
9022005000993001,9022005000993004,2,300,,
9022005001000001,9022005001000009,2,300,,
9022005000993001,9022005000993003,2,300,,
9022005001000001,9022005001000008,2,300,,
9022005001000001,9022005001000007,2,300,,
9022005001000001,9022005001000006,2,300,,
9022005001000001,9022005001000005,2,300,,
9022005001000026,9022005001000005,2,300,,
9022005001000026,9022005001000004,2,300,,
9022005001000026,9022005001000007,2,300,,
9022005001000026,9022005001000006,2,300,,
9022005001000026,9022005001000001,2,300,,
9022005001000026,9022005001000003,2,300,,
9022005001000026,9022005001000002,2,300,,
9022005001000001,9022005001000015,2,300,,
9022005001000001,9022005001000014,2,300,,
9022005001000001,9022005001000013,2,300,,
9022005001000001,9022005001000012,2,300,,
9022005001000001,9022005001000011,2,300,,
9022005001000001,9022005001000010,2,300,,
9022005000126004,9022005004246001,2,300,,
9022005001000001,9022005001000019,2,300,,
9022005001000001,9022005001000018,2,300,,
9022005001000001,9022005001000017,2,300,,
9022005001000001,9022005001000016,2,300,,
9022005001000005,9022005001000007,2,300,,
9022005001000005,9022005001000008,2,300,,
9022005001002001,9022005001020002,2,360,,
9022005001000005,9022005001000006,2,300,,
9022005001002001,9022005001020001,2,360,,
9022005001000022,9022005001000046,2,360,,
9022005001000005,9022005001000003,2,300,,
9022005001000005,9022005001000004,2,300,,
9022005001000005,9022005001000001,2,300,,
9022005001000005,9022005001000002,2,300,,
9022005000369001,9022005000348001,2,420,,
9022005000369001,9022005000348002,2,420,,
9022005000184026,9022005000184041,2,240,,
9022005000184026,9022005000184043,2,240,,
9022005000053002,9022005001257001,2,420,,
9022005000053002,9022005001257002,2,420,,
9022005001000005,9022005001000009,2,300,,
9022005001186001,9022005003744002,2,300,,
9022005001186001,9022005003744001,2,300,,
9022005001000005,9022005001000018,2,300,,
9022005001000005,9022005001000019,2,300,,
9022005001000005,9022005001000016,2,300,,
9022005001000005,9022005001000017,2,300,,
9022005001000005,9022005001000014,2,300,,
9022005001269002,9022005001259002,2,180,,
9022005001000005,9022005001000015,2,300,,
9022005001269002,9022005001259001,2,180,,
9022005001000005,9022005001000012,2,300,,
9022005001002001,9022005001020017,2,360,,
9022005001000005,9022005001000013,2,300,,
9022005001002001,9022005001020016,2,360,,
9022005001000005,9022005001000010,2,300,,
9022005001000005,9022005001000011,2,300,,
9022005000130004,9022005000130002,2,300,,
9022005000126003,9022005004246001,2,300,,
9022005000130004,9022005000130003,2,300,,
9022005000130004,9022005000130001,2,300,,
9022005001187001,9022005001169001,2,300,,
9022005001187001,9022005001169002,2,300,,
9022005001000022,9022005001000021,2,240,,
9022005001000022,9022005001000020,2,240,,
9022005004230001,9022005000404001,2,180,,
9022005004230001,9022005000404002,2,180,,
9022005000448002,9022005000054003,2,240,,
9022005000448002,9022005000054001,2,240,,
9022005000448002,9022005000054002,2,240,,
9022005001000022,9022005001000026,2,240,,
9022005001000022,9022005001000012,2,300,,
9022005001020016,9022005001350002,2,300,,
9022005001257001,9022005000053003,2,420,,
9022005001000022,9022005001000011,2,300,,
9022005001020016,9022005001350001,2,300,,
9022005001257001,9022005000053002,2,420,,
9022005001000022,9022005001000014,2,300,,
9022005001000022,9022005001000013,2,300,,
9022005001257001,9022005000053004,2,420,,
9022005001000022,9022005001000010,2,300,,
9022005001000010,9022005001000009,2,300,,
9022005001000010,9022005001000008,2,300,,
9022005001000010,9022005001000007,2,300,,
9022005001000010,9022005001000006,2,300,,
9022005001000010,9022005001000005,2,300,,
9022005001000010,9022005001000004,2,300,,
9022005001257001,9022005000053001,2,420,,
9022005001000010,9022005001000003,2,300,,
9022005001218001,9022005001257002,2,240,,
9022005001000010,9022005001000002,2,300,,
9022005001000010,9022005001000001,2,300,,
9022005001009002,9022005000003001,2,420,,
9022005000050002,9022005001243001,2,300,,
9022005001009002,9022005000003002,2,420,,
9022005000050002,9022005001243002,2,300,,
9022005001009002,9022005000003007,2,420,,
9022005001000022,9022005001000019,2,300,,
9022005001009002,9022005000003008,2,420,,
9022005001009002,9022005000003009,2,420,,
9022005001009002,9022005000003003,2,420,,
9022005001000022,9022005001000016,2,240,,
9022005001000022,9022005001000015,2,300,,
9022005001009002,9022005000003004,2,420,,
9022005001000022,9022005001000018,2,300,,
9022005001009002,9022005000003005,2,420,,
9022005001218001,9022005001257001,2,240,,
9022005001009002,9022005000003006,2,420,,
9022005001000022,9022005001000017,2,240,,
9022005001000022,9022005001000001,2,300,,
9022005001000022,9022005001000003,2,300,,
9022005001000022,9022005001000002,2,300,,
9022005001022016,9022005000006001,2,180,,
9022005001000005,9022005001000046,2,360,,
9022005000268002,9022005002653002,2,300,,
9022005001000010,9022005001000019,2,300,,
9022005001000010,9022005001000018,2,300,,
9022005000268002,9022005002653001,2,300,,
9022005001000010,9022005001000017,2,300,,
9022005001000010,9022005001000016,2,300,,
9022005000006002,9022005000006017,2,120,,
9022005001000010,9022005001000015,2,300,,
9022005001000010,9022005001000014,2,300,,
9022005001508002,9022005000993001,2,300,,
9022005001000010,9022005001000013,2,300,,
9022005001508002,9022005000993002,2,300,,
9022005001000010,9022005001000012,2,300,,
9022005001000010,9022005001000011,2,300,,
9022005000006002,9022005000006016,2,120,,
9022005001508002,9022005000993005,2,300,,
9022005001508002,9022005000993006,2,180,,
9022005001508002,9022005000993003,2,180,,
9022005001508002,9022005000993004,2,300,,
9022005001000022,9022005001000009,2,300,,
9022005000208001,9022005084000002,2,300,,
9022005001000022,9022005001000008,2,300,,
9022005000208001,9022005084000001,2,300,,
9022005001022016,9022005000006003,2,180,,
9022005001022016,9022005000006002,2,180,,
9022005001000022,9022005001000005,2,300,,
9022005001000022,9022005001000004,2,300,,
9022005000184043,9022005000184041,2,240,,
9022005001000022,9022005001000007,2,300,,
9022005001002003,9022005000001020,2,360,,
9022005001000022,9022005001000006,2,300,,
9022005001000010,9022005001000026,2,300,,
9022005000006002,9022005000006003,2,120,,
9022005000130004,9022005000130042,2,300,,
9022005001000010,9022005001000022,2,300,,
9022005001000010,9022005001000021,2,300,,
9022005000130004,9022005000130041,2,300,,
9022005001000010,9022005001000020,2,300,,
9022005000006002,9022005000006001,2,120,,
9022005001002003,9022005000001017,2,360,,
9022005000188001,9022005004133002,2,300,,
9022005001002003,9022005000001016,2,360,,
9022005000188001,9022005004133001,2,300,,
9022005001022016,9022005000006016,2,180,,
9022005001022016,9022005000006017,2,180,,
9022005000003010,9022005001009001,2,420,,
9022005000184043,9022005000184025,2,240,,
9022005000003010,9022005001009005,2,420,,
9022005000184043,9022005000184026,2,240,,
9022005001000005,9022005001000026,2,300,,
9022005000003010,9022005001009004,2,420,,
9022005000003010,9022005001009003,2,420,,
9022005000003010,9022005001009002,2,420,,
9022005001000005,9022005001000021,2,300,,
9022005001000005,9022005001000022,2,300,,
9022005001000005,9022005001000020,2,300,,
9022005000003016,9022005001009017,2,420,,
9022005000003016,9022005001009016,2,420,,
9022005000184043,9022005000184024,2,240,,
9022005000050042,9022005001243002,2,300,,
9022005000050042,9022005001243001,2,300,,
9022005000003010,9022005001009016,2,420,,
9022005000003010,9022005001009017,2,420,,
9022005001508002,9022005000993042,2,300,,
9022005000003016,9022005001009004,2,420,,
9022005000003016,9022005001009005,2,420,,
9022005000003016,9022005001009002,2,420,,
9022005001000010,9022005001000046,2,360,,
9022005000003016,9022005001009003,2,420,,
9022005000003016,9022005001009001,2,420,,
9022005000046005,9022005000425001,2,180,,
9022005000046005,9022005000425002,2,180,,
9022005000046005,9022005000425003,2,180,,
9022005000126015,9022005004246001,2,420,,
9022005001017017,9022005001009001,2,180,,
9022005001017017,9022005001009002,2,180,,
9022005001017017,9022005001009005,2,180,,
9022005001017017,9022005001009003,2,180,,
9022005001017017,9022005001009004,2,180,,
9022005005221002,9022005001032004,2,240,,
9022005005221002,9022005001032003,2,240,,
9022005005221002,9022005001032002,2,240,,
9022005005221002,9022005001032001,2,240,,
9022005000993006,9022005000993042,2,300,,
9022005001508002,9022005000993043,2,300,,
9022005000993006,9022005000993043,2,300,,
9022005000001001,9022005001002004,2,360,,
9022005000001001,9022005001002003,2,360,,
9022005000001001,9022005001002002,2,360,,
9022005003675001,9022005001188002,2,300,,
9022005000001001,9022005001002001,2,360,,
9022005000126009,9022005004246001,2,360,,
9022005003675001,9022005001188001,2,300,,
9022005000369008,9022005000348002,2,420,,
9022005000369008,9022005000348001,2,420,,
9022005000993005,9022005000993006,2,300,,
9022005000993005,9022005000993001,2,300,,
9022005000993005,9022005000993002,2,240,,
9022005000993005,9022005000993003,2,300,,
9022005000993005,9022005000993004,2,300,,
9022005002784001,9022005003800001,2,600,,
9022005002784001,9022005003800002,2,600,,
9022005001219002,9022005003592001,2,240,,
9022005000002016,9022005000002017,2,180,,
9022005001002003,9022005000001002,2,360,,
9022005001002003,9022005000001001,2,360,,
9022005001002003,9022005000001004,2,360,,
9022005001002003,9022005000001003,2,360,,
9022005001002003,9022005000001006,2,360,,
9022005001002003,9022005000001005,2,360,,
9022005001020002,9022005001002016,2,360,,
9022005001020002,9022005001002017,2,360,,
9022005000002016,9022005000002001,2,180,,
9022005000002016,9022005000002002,2,180,,
9022005000002016,9022005000002003,2,180,,
9022005000002016,9022005000002004,2,180,,
9022005000002016,9022005000002005,2,180,,
9022005000002016,9022005000002006,2,300,,
9022005000002016,9022005000002007,2,300,,
9022005000369007,9022005000348002,2,420,,
9022005000369007,9022005000348001,2,420,,
9022005000124002,9022005000124001,2,120,,
9022005001017017,9022005001009016,2,180,,
9022005000124002,9022005000124003,2,120,,
9022005001017017,9022005001009017,2,180,,
9022005005221002,9022005001032017,2,240,,
9022005000124002,9022005000124004,2,120,,
9022005005221002,9022005001032016,2,240,,
9022005000006003,9022005001022002,2,180,,
9022005003675002,9022005001188001,2,300,,
9022005003675002,9022005001188002,2,300,,
9022005000006003,9022005001022001,2,180,,
9022005001009002,9022005000003010,2,420,,
9022005000002004,9022005000002001,2,180,,
9022005000189002,9022005002275002,2,300,,
9022005001009002,9022005000003011,2,420,,
9022005001009002,9022005000003012,2,420,,
9022005000002004,9022005000002003,2,180,,
9022005001223002,9022005001223001,2,180,,
9022005001009002,9022005000003013,2,420,,
9022005000002004,9022005000002002,2,180,,
9022005000002004,9022005000002005,2,180,,
9022005000002004,9022005000002007,2,180,,
9022005000002004,9022005000002006,2,180,,
9022005001009002,9022005000003018,2,420,,
9022005000184026,9022005000184005,2,300,,
9022005000184026,9022005000184004,2,240,,
9022005001009002,9022005000003019,2,420,,
9022005000416003,9022005000484002,2,120,,
9022005000416003,9022005000484001,2,120,,
9022005000184026,9022005000184001,2,240,,
9022005000189002,9022005002275001,2,300,,
9022005000184026,9022005000184003,2,240,,
9022005001009002,9022005000003016,2,420,,
9022005000184026,9022005000184002,2,240,,
9022005001009002,9022005000003017,2,420,,
9022005000050014,9022005001243002,2,300,,
9022005000006003,9022005001022016,2,180,,
9022005001020002,9022005001002001,2,360,,
9022005000050043,9022005001243002,2,300,,
9022005000006003,9022005001022017,2,180,,
9022005003849002,9022005003592001,2,300,,
9022005000050043,9022005001243001,2,300,,
9022005000002004,9022005000002016,2,180,,
9022005000002004,9022005000002017,2,180,,
9022005001020002,9022005001002004,2,360,,
9022005001020002,9022005001002002,2,360,,
9022005001020002,9022005001002003,2,360,,
9022005000050014,9022005001243001,2,300,,
9022005081002002,9022005000016001,2,300,,
9022005081002002,9022005000016002,2,300,,
9022005000184026,9022005000184025,2,240,,
9022005000184026,9022005000184024,2,240,,
9022005000001001,9022005001002017,2,360,,
9022005000001001,9022005001002016,2,360,,
9022005001009003,9022005000003013,2,420,,
9022005000006003,9022005000006017,2,120,,
9022005000006003,9022005000006016,2,120,,
9022005001009003,9022005000003011,2,420,,
9022005001009003,9022005000003012,2,420,,
9022005001009003,9022005000003010,2,420,,
9022005001009003,9022005000003019,2,420,,
9022005001009003,9022005000003017,2,420,,
9022005001009003,9022005000003018,2,420,,
9022005000369042,9022005000348002,2,420,,
9022005000369042,9022005000348001,2,420,,
9022005001009003,9022005000003016,2,420,,
9022005000208002,9022005084000001,2,300,,
9022005000208002,9022005084000002,2,300,,
9022005001009003,9022005000003002,2,420,,
9022005001009003,9022005000003003,2,420,,
9022005001009003,9022005000003001,2,420,,
9022005001009003,9022005000003008,2,420,,
9022005001009003,9022005000003009,2,420,,
9022005001009003,9022005000003006,2,420,,
9022005001009003,9022005000003007,2,420,,
9022005001038001,9022005001037016,2,240,,
9022005001022017,9022005000006003,2,180,,
9022005000046004,9022005000425003,2,180,,
9022005001009003,9022005000003004,2,420,,
9022005001002002,9022005000001020,2,360,,
9022005001009003,9022005000003005,2,420,,
9022005000046004,9022005000425001,2,180,,
9022005000046004,9022005000425002,2,180,,
9022005001038001,9022005001037017,2,240,,
9022005001259001,9022005001269002,2,180,,
9022005001022017,9022005000006002,2,180,,
9022005001022017,9022005000006001,2,180,,
9022005001259001,9022005001269001,2,180,,
9022005000126002,9022005004246001,2,300,,
9022005001038001,9022005001037001,2,240,,
9022005000130003,9022005000130004,2,300,,
9022005001038001,9022005001037002,2,240,,
9022005000130003,9022005000130001,2,300,,
9022005001038001,9022005001037003,2,240,,
9022005000130003,9022005000130002,2,300,,
9022005001002002,9022005001020017,2,360,,
9022005001002002,9022005001020016,2,360,,
9022005001268001,9022005000046002,2,240,,
9022005001268001,9022005000046003,2,240,,
9022005001268001,9022005000046004,2,240,,
9022005000053003,9022005001257002,2,420,,
9022005081002001,9022005000016001,2,300,,
9022005001268001,9022005000046005,2,240,,
9022005081002001,9022005000016002,2,300,,
9022005001268001,9022005000046006,2,240,,
9022005000053003,9022005001257001,2,420,,
9022005000050020,9022005001243002,2,300,,
9022005000050020,9022005001243001,2,300,,
9022005001518002,9022005001517001,2,180,,
9022005001518002,9022005001517002,2,180,,
9022005000993005,9022005000993042,2,300,,
9022005000993005,9022005000993043,2,300,,
9022005003602002,9022005005038002,2,900,,
9022005000184002,9022005000184043,2,240,,
9022005084000002,9022005000208001,2,300,,
9022005003602002,9022005005038001,2,900,,
9022005000002017,9022005000002016,2,180,,
9022005084000002,9022005000208002,2,300,,
9022005001002002,9022005001020002,2,360,,
9022005000194002,9022005000194001,2,300,,
9022005001002002,9022005001020001,2,360,,
9022005000194002,9022005000194004,2,300,,
9022005000194002,9022005000194005,2,300,,
9022005000184002,9022005000184041,2,240,,
9022005000194002,9022005000194003,2,300,,
9022005000002017,9022005000002003,2,180,,
9022005000002017,9022005000002002,2,180,,
9022005001032004,9022005005221003,2,240,,
9022005000002017,9022005000002005,2,180,,
9022005001032004,9022005005221002,2,240,,
9022005000002017,9022005000002004,2,180,,
9022005000002017,9022005000002007,2,300,,
9022005000002017,9022005000002006,2,300,,
9022005001032004,9022005005221001,2,240,,
9022005000002017,9022005000002001,2,180,,
9022005000184003,9022005000184001,2,240,,
9022005000184003,9022005000184002,2,240,,
9022005000184003,9022005000184005,2,300,,
9022005000184003,9022005000184004,2,240,,
9022005000003005,9022005001009002,2,420,,
9022005000003005,9022005001009003,2,420,,
9022005000003005,9022005001009001,2,420,,
9022005000050026,9022005001243001,2,300,,
9022005000050026,9022005001243002,2,300,,
9022005000003005,9022005001009004,2,420,,
9022005000003005,9022005001009005,2,420,,
9022005000369002,9022005000348001,2,420,,
9022005000369002,9022005000348002,2,420,,
9022005001038003,9022005001037016,2,240,,
9022005001038003,9022005001037017,2,240,,
9022005000003005,9022005001009017,2,420,,
9022005001029002,9022005001027016,2,360,,
9022005001029002,9022005001027017,2,360,,
9022005000003005,9022005001009016,2,420,,
9022005001000004,9022005001000046,2,360,,
9022005000124003,9022005000124001,2,120,,
9022005000124003,9022005000124002,2,120,,
9022005001518001,9022005001517001,2,180,,
9022005000268001,9022005002653002,2,300,,
9022005000268001,9022005002653001,2,300,,
9022005001518001,9022005001517002,2,180,,
9022005000124003,9022005000124004,2,120,,
9022005000184003,9022005000184024,2,240,,
9022005000184003,9022005000184025,2,240,,
9022005000184003,9022005000184026,2,240,,
9022005000993042,9022005001508002,2,300,,
9022005000993042,9022005001508001,2,300,,
9022005000416002,9022005000484002,2,120,,
9022005000416002,9022005000484001,2,120,,
9022005000184002,9022005000184001,2,0,,
9022005000184002,9022005000184003,2,120,,
9022005001029002,9022005001027001,2,360,,
9022005000184002,9022005000184005,2,300,,
9022005001029002,9022005001027002,2,360,,
9022005000184002,9022005000184004,2,120,,
9022005000194002,9022005000194044,2,300,,
9022005000006001,9022005000006017,2,120,,
9022005000006001,9022005000006016,2,120,,
9022005000050025,9022005001243001,2,300,,
9022005000006001,9022005000006003,2,120,,
9022005000006001,9022005000006002,2,120,,
9022005001037016,9022005001038016,2,240,,
9022005001037016,9022005001038017,2,240,,
9022005000194001,9022005000194044,2,300,,
9022005001020001,9022005001002016,2,360,,
9022005001020001,9022005001002017,2,360,,
9022005001009001,9022005001017016,2,180,,
9022005001009001,9022005001017017,2,180,,
9022005000050025,9022005001243002,2,300,,
9022005004230002,9022005000404002,2,180,,
9022005004230002,9022005000404001,2,180,,
9022005000184003,9022005000184043,2,240,,
9022005001020001,9022005001002001,2,360,,
9022005001020001,9022005001002002,2,360,,
9022005001223001,9022005001223002,2,180,,
9022005001020001,9022005001002003,2,360,,
9022005001020001,9022005001002004,2,360,,
9022005000184003,9022005000184041,2,240,,
9022005001219001,9022005003592001,2,240,,
9022005001009001,9022005001017001,2,180,,
9022005001009001,9022005001017002,2,180,,
9022005000184002,9022005000184025,2,240,,
9022005001517001,9022005000076002,2,300,,
9022005000184002,9022005000184024,2,240,,
9022005001517001,9022005000076001,2,300,,
9022005000184002,9022005000184026,2,240,,
9022005001269001,9022005001259002,2,180,,
9022005001269001,9022005001259001,2,180,,
9022005000003004,9022005001009016,2,420,,
9022005000003004,9022005001009017,2,420,,
9022005001009017,9022005001017002,2,180,,
9022005001009017,9022005001017001,2,180,,
9022005001000004,9022005001000008,2,300,,
9022005001000004,9022005001000009,2,300,,
9022005001000004,9022005001000005,2,300,,
9022005001000004,9022005001000006,2,300,,
9022005001257002,9022005000053004,2,420,,
9022005001000004,9022005001000007,2,300,,
9022005001257002,9022005000053003,2,420,,
9022005001000004,9022005001000001,2,300,,
9022005001000004,9022005001000002,2,300,,
9022005001000004,9022005001000003,2,300,,
9022005001038002,9022005001037017,2,240,,
9022005005221003,9022005001032002,2,240,,
9022005001257002,9022005000053002,2,420,,
9022005001038002,9022005001037016,2,240,,
9022005005221003,9022005001032001,2,240,,
9022005001257002,9022005000053001,2,420,,
9022005005221003,9022005001032004,2,240,,
9022005005221003,9022005001032003,2,240,,
9022005000003004,9022005001009003,2,420,,
9022005005221003,9022005001032017,2,240,,
9022005000003004,9022005001009004,2,420,,
9022005005221003,9022005001032016,2,240,,
9022005000003004,9022005001009005,2,420,,
9022005001009017,9022005001017017,2,180,,
9022005001009017,9022005001017016,2,180,,
9022005002275001,9022005000189002,2,300,,
9022005001037016,9022005001038004,2,240,,
9022005002275001,9022005000189001,2,300,,
9022005001037016,9022005001038001,2,240,,
9022005001037016,9022005001038002,2,240,,
9022005001037016,9022005001038003,2,240,,
9022005001038002,9022005001037002,2,240,,
9022005001038002,9022005001037001,2,240,,
9022005000003004,9022005001009001,2,420,,
9022005000003004,9022005001009002,2,420,,
9022005001038002,9022005001037003,2,240,,
9022005000130003,9022005000130041,2,300,,
9022005000130003,9022005000130042,2,300,,
9022005001002002,9022005000001016,2,360,,
9022005002784002,9022005003800002,2,600,,
9022005000194001,9022005000194002,2,300,,
9022005001022017,9022005000006017,2,180,,
9022005000194001,9022005000194003,2,300,,
9022005001022017,9022005000006016,2,180,,
9022005000194001,9022005000194004,2,300,,
9022005001000004,9022005001000026,2,300,,
9022005000194001,9022005000194005,2,300,,
9022005002784002,9022005003800001,2,600,,
9022005001000004,9022005001000022,2,300,,
9022005001002002,9022005000001017,2,360,,
9022005001000004,9022005001000020,2,300,,
9022005001000004,9022005001000021,2,300,,
9022005001002002,9022005000001005,2,360,,
9022005000448001,9022005000054002,2,240,,
9022005001002002,9022005000001004,2,360,,
9022005000448001,9022005000054003,2,240,,
9022005001002002,9022005000001003,2,360,,
9022005001002002,9022005000001002,2,360,,
9022005001000004,9022005001000019,2,300,,
9022005001002002,9022005000001001,2,360,,
9022005000448001,9022005000054001,2,240,,
9022005001000004,9022005001000015,2,300,,
9022005001000004,9022005001000016,2,300,,
9022005001000004,9022005001000017,2,300,,
9022005001000004,9022005001000018,2,300,,
9022005001000004,9022005001000011,2,300,,
9022005001000004,9022005001000012,2,300,,
9022005001000004,9022005001000013,2,300,,
9022005000188002,9022005004133001,2,300,,
9022005001000004,9022005001000014,2,300,,
9022005001002002,9022005000001006,2,360,,
9022005000993004,9022005000993002,2,240,,
9022005000993004,9022005000993003,2,300,,
9022005000188002,9022005004133002,2,300,,
9022005001000004,9022005001000010,2,300,,
9022005000993004,9022005000993001,2,300,,
9022005000369041,9022005000348001,2,420,,
9022005000993004,9022005000993006,2,300,,
9022005084000001,9022005000208002,2,300,,
9022005084000001,9022005000208001,2,300,,
9022005000369041,9022005000348002,2,420,,
9022005000993004,9022005000993005,2,300,,
9022005000003003,9022005001009017,2,420,,
9022005000184001,9022005000184043,2,240,,
9022005000003003,9022005001009016,2,420,,
9022005000184001,9022005000184041,2,240,,
9022005001002016,9022005000001002,2,360,,
9022005001002016,9022005000001001,2,360,,
9022005001002016,9022005000001004,2,360,,
9022005001002016,9022005000001003,2,360,,
9022005001002016,9022005000001006,2,360,,
9022005001078002,9022005001079002,2,300,,
9022005001002016,9022005000001005,2,360,,
9022005001078002,9022005001079001,2,300,,
9022005000126013,9022005004246001,2,240,,
9022005001002001,9022005000001006,2,360,,
9022005001002001,9022005000001005,2,360,,
9022005000369006,9022005000348002,2,420,,
9022005001002016,9022005000001017,2,360,,
9022005000369006,9022005000348001,2,420,,
9022005001002016,9022005000001016,2,360,,
9022005001002001,9022005000001002,2,360,,
9022005001002001,9022005000001001,2,360,,
9022005001002001,9022005000001004,2,360,,
9022005001002001,9022005000001003,2,360,,
9022005000046003,9022005000425001,2,180,,
9022005001002001,9022005000001017,2,360,,
9022005001002001,9022005000001016,2,360,,
9022005000050024,9022005001243001,2,300,,
9022005000050024,9022005001243002,2,300,,
9022005000003018,9022005001009016,2,420,,
9022005000184004,9022005000184005,2,300,,
9022005000003018,9022005001009017,2,420,,
9022005001219001,9022005003849001,2,300,,
9022005000184004,9022005000184001,2,240,,
9022005001219001,9022005003849002,2,300,,
9022005000184004,9022005000184002,2,240,,
9022005000184004,9022005000184003,2,240,,
9022005000046003,9022005000425002,2,180,,
9022005001002016,9022005000001020,2,360,,
9022005000046003,9022005000425003,2,180,,
9022005001032003,9022005005221002,2,240,,
9022005001032003,9022005005221001,2,240,,
9022005001032003,9022005005221003,2,240,,
9022005000003018,9022005001009001,2,420,,
9022005000194003,9022005000194004,2,300,,
9022005000194003,9022005000194005,2,300,,
9022005000003003,9022005001009004,2,420,,
9022005000003018,9022005001009004,2,420,,
9022005000003003,9022005001009005,2,420,,
9022005000003018,9022005001009005,2,420,,
9022005000003003,9022005001009002,2,420,,
9022005000003018,9022005001009002,2,420,,
9022005000194003,9022005000194001,2,300,,
9022005001000012,9022005001000046,2,360,,
9022005000003003,9022005001009003,2,420,,
9022005000003018,9022005001009003,2,420,,
9022005000194003,9022005000194002,2,300,,
9022005000003003,9022005001009001,2,420,,
9022005000993004,9022005000993042,2,300,,
9022005000993004,9022005000993043,2,300,,
9022005001000007,9022005001000046,2,360,,
9022005000184024,9022005000184001,2,240,,
9022005000184024,9022005000184003,2,240,,
9022005001002001,9022005000001020,2,360,,
9022005000050044,9022005001243002,2,300,,
9022005000184024,9022005000184002,2,240,,
9022005000050044,9022005001243001,2,300,,
9022005000184024,9022005000184005,2,300,,
9022005000184024,9022005000184004,2,240,,
9022005001350001,9022005001020017,2,300,,
9022005001350001,9022005001020016,2,300,,
9022005000189001,9022005002280001,2,180,,
9022005000050004,9022005001243002,2,300,,
9022005000189001,9022005002280002,2,180,,
9022005000050004,9022005001243001,2,300,,
9022005001517002,9022005001518001,2,180,,
9022005001517002,9022005001518002,2,180,,
9022005001009005,9022005001017017,2,180,,
9022005001009005,9022005001017016,2,180,,
9022005000046002,9022005001268002,2,240,,
9022005000046002,9022005001268001,2,240,,
9022005001257002,9022005001218001,2,240,,
9022005001257002,9022005001218002,2,240,,
9022005001017016,9022005001009001,2,180,,
9022005001017016,9022005001009002,2,180,,
9022005005221001,9022005001032016,2,240,,
9022005001017016,9022005001009003,2,180,,
9022005005221001,9022005001032017,2,240,,
9022005000050012,9022005001243001,2,300,,
9022005001017016,9022005001009004,2,180,,
9022005000050012,9022005001243002,2,300,,
9022005001017016,9022005001009005,2,180,,
9022005001017016,9022005001009017,2,180,,
9022005005221001,9022005001032001,2,240,,
9022005005221001,9022005001032002,2,240,,
9022005001029001,9022005001027016,2,360,,
9022005001029001,9022005001027017,2,360,,
9022005000126008,9022005004246001,2,360,,
9022005001009005,9022005001017002,2,180,,
9022005001009005,9022005001017001,2,180,,
9022005000184024,9022005000184025,2,240,,
9022005005221001,9022005001032003,2,240,,
9022005000184024,9022005000184026,2,240,,
9022005001017016,9022005001009016,2,180,,
9022005005221001,9022005001032004,2,240,,
9022005001029001,9022005001027001,2,360,,
9022005001029001,9022005001027002,2,360,,
9022005000050007,9022005001243001,2,300,,
9022005000002006,9022005000002017,2,300,,
9022005000002006,9022005000002016,2,300,,
9022005000050007,9022005001243002,2,300,,
9022005000130002,9022005000130001,2,300,,
9022005001037017,9022005001038002,2,240,,
9022005000130002,9022005000130004,2,300,,
9022005001037017,9022005001038001,2,240,,
9022005001037017,9022005001038004,2,240,,
9022005000404002,9022005004230002,2,180,,
9022005001037017,9022005001038003,2,240,,
9022005000130002,9022005000130003,2,300,,
9022005000404002,9022005004230001,2,180,,
9022005000046005,9022005001268002,2,240,,
9022005000046005,9022005001268001,2,240,,
9022005005010002,9022005001418001,2,240,,
9022005001038003,9022005001037001,2,240,,
9022005005010002,9022005001418002,2,240,,
9022005001038003,9022005001037003,2,240,,
9022005001038003,9022005001037002,2,240,,
9022005000002006,9022005000002007,2,180,,
9022005000002006,9022005000002003,2,300,,
9022005000002006,9022005000002002,2,300,,
9022005000184024,9022005000184041,2,240,,
9022005000002006,9022005000002005,2,300,,
9022005000002006,9022005000002004,2,180,,
9022005000184024,9022005000184043,2,240,,
9022005001037017,9022005001038017,2,240,,
9022005001037017,9022005001038016,2,240,,
9022005000002006,9022005000002001,2,300,,
9022005004246001,9022005000126001,2,300,,
9022005004246001,9022005000126002,2,300,,
9022005004246001,9022005000126003,2,300,,
9022005004246001,9022005000126004,2,300,,
9022005004246001,9022005000126005,2,300,,
9022005004246001,9022005000126006,2,300,,
9022005004246001,9022005000126007,2,300,,
9022005004246001,9022005000126008,2,360,,
9022005004246001,9022005000126009,2,360,,
9022005001002004,9022005000001020,2,360,,
9022005000126005,9022005004246001,2,300,,
9022005000046006,9022005000425003,2,180,,
9022005000046006,9022005000425001,2,180,,
9022005000046006,9022005000425002,2,180,,
9022005000425003,9022005000046004,2,180,,
9022005000425003,9022005000046005,2,180,,
9022005000425003,9022005000046006,2,180,,
9022005000425003,9022005000046002,2,180,,
9022005000076002,9022005001517001,2,300,,
9022005000425003,9022005000046003,2,180,,
9022005000076002,9022005001517002,2,300,,
9022005001002004,9022005000001003,2,360,,
9022005001002004,9022005000001002,2,360,,
9022005001002004,9022005000001001,2,360,,
9022005001002004,9022005000001006,2,360,,
9022005001002004,9022005000001005,2,360,,
9022005001000019,9022005001000046,2,360,,
9022005001002004,9022005000001004,2,360,,
9022005000130002,9022005000130041,2,300,,
9022005000130002,9022005000130042,2,300,,
9022005004246001,9022005000126011,2,300,,
9022005004246001,9022005000126012,2,300,,
9022005004246001,9022005000126013,2,240,,
9022005004246001,9022005000126014,2,240,,
9022005004246001,9022005000126015,2,420,,
9022005001002004,9022005000001017,2,360,,
9022005001002004,9022005000001016,2,360,,
9022005001000015,9022005001000046,2,360,,
9022005001350001,9022005001020002,2,300,,
9022005001350001,9022005001020001,2,300,,
9022005004246001,9022005000126010,2,300,,
9022005001037002,9022005001038016,2,240,,
9022005001037002,9022005001038017,2,240,,
9022005000003006,9022005001009005,2,420,,
9022005001000012,9022005001000011,2,300,,
9022005000184001,9022005000184004,2,120,,
9022005001000012,9022005001000010,2,300,,
9022005000184001,9022005000184003,2,120,,
9022005000184001,9022005000184002,2,0,,
9022005001000012,9022005001000015,2,300,,
9022005001000012,9022005001000014,2,300,,
9022005001000012,9022005001000013,2,300,,
9022005000184004,9022005000184026,2,240,,
9022005001000012,9022005001000019,2,300,,
9022005001000012,9022005001000018,2,300,,
9022005001000012,9022005001000017,2,300,,
9022005001000012,9022005001000016,2,300,,
9022005000043001,9022005001430001,2,240,,
9022005000043001,9022005001430002,2,240,,
9022005000184004,9022005000184024,2,240,,
9022005000043001,9022005001430003,2,240,,
9022005000184004,9022005000184025,2,240,,
9022005000184001,9022005000184005,2,300,,
9022005000003006,9022005001009001,2,420,,
9022005000003006,9022005001009002,2,420,,
9022005000003006,9022005001009003,2,420,,
9022005000003006,9022005001009004,2,420,,
9022005004133001,9022005000188001,2,300,,
9022005004133001,9022005000188002,2,300,,
9022005001017001,9022005001009001,2,180,,
9022005000003006,9022005001009016,2,420,,
9022005000003006,9022005001009017,2,420,,
9022005001000012,9022005001000022,2,300,,
9022005001000012,9022005001000021,2,300,,
9022005001000012,9022005001000020,2,300,,
9022005001218002,9022005001257001,2,240,,
9022005001000012,9022005001000026,2,300,,
9022005001218002,9022005001257002,2,240,,
9022005001000015,9022005001000022,2,300,,
9022005001000015,9022005001000026,2,300,,
9022005001017001,9022005001009003,2,180,,
9022005001017001,9022005001009002,2,180,,
9022005000050027,9022005001243001,2,300,,
9022005001000015,9022005001000020,2,300,,
9022005001017001,9022005001009005,2,180,,
9022005000050027,9022005001243002,2,300,,
9022005001000015,9022005001000021,2,300,,
9022005001017001,9022005001009004,2,180,,
9022005001029016,9022005001027016,2,360,,
9022005001029016,9022005001027017,2,360,,
9022005000184001,9022005000184026,2,240,,
9022005001000015,9022005001000019,2,300,,
9022005000184001,9022005000184025,2,240,,
9022005000001020,9022005001002016,2,360,,
9022005000184001,9022005000184024,2,240,,
9022005000001020,9022005001002017,2,360,,
9022005001000015,9022005001000011,2,300,,
9022005001000015,9022005001000012,2,300,,
9022005001000015,9022005001000013,2,300,,
9022005001000015,9022005001000014,2,300,,
9022005001000015,9022005001000016,2,300,,
9022005001000015,9022005001000017,2,300,,
9022005001000015,9022005001000018,2,300,,
9022005000184004,9022005000184041,2,240,,
9022005001017001,9022005001009017,2,180,,
9022005000184004,9022005000184043,2,240,,
9022005000234001,9022005003847002,2,120,,
9022005000234001,9022005003847001,2,120,,
9022005001017001,9022005001009016,2,180,,
9022005001000015,9022005001000010,2,300,,
9022005000006003,9022005000006002,2,120,,
9022005001173002,9022005000900001,2,180,,
9022005000006003,9022005000006001,2,120,,
9022005001173002,9022005000900002,2,180,,
9022005001000015,9022005001000008,2,300,,
9022005000001020,9022005001002004,2,360,,
9022005001029016,9022005001027001,2,360,,
9022005001000015,9022005001000009,2,300,,
9022005001029016,9022005001027002,2,360,,
9022005000001020,9022005001002002,2,360,,
9022005000001020,9022005001002003,2,360,,
9022005001000012,9022005001000004,2,300,,
9022005001000012,9022005001000003,2,300,,
9022005000194003,9022005000194044,2,300,,
9022005001000012,9022005001000002,2,300,,
9022005001000012,9022005001000001,2,300,,
9022005001000012,9022005001000008,2,300,,
9022005001000012,9022005001000007,2,300,,
9022005001000015,9022005001000001,2,300,,
9022005001000012,9022005001000006,2,300,,
9022005001000015,9022005001000002,2,300,,
9022005001000012,9022005001000005,2,300,,
9022005001000015,9022005001000003,2,300,,
9022005001000015,9022005001000004,2,300,,
9022005001000015,9022005001000005,2,300,,
9022005000001020,9022005001002001,2,360,,
9022005001000015,9022005001000006,2,300,,
9022005001000012,9022005001000009,2,300,,
9022005001000015,9022005001000007,2,300,,
9022005001037002,9022005001038003,2,240,,
9022005001037002,9022005001038004,2,240,,
9022005001037002,9022005001038001,2,240,,
9022005001037002,9022005001038002,2,240,,
9022005000348002,9022005000369042,2,420,,
9022005000348002,9022005000369041,2,420,,
9022005001394002,9022005000226001,2,300,,
9022005001394002,9022005000226002,2,300,,
9022005000189001,9022005002275002,2,300,,
9022005000189001,9022005002275001,2,300,,
9022005000215002,9022005000215003,2,300,,
9022005000215002,9022005000215004,2,300,,
9022005000215002,9022005000215005,2,300,,
9022005000215002,9022005000215001,2,300,,
9022005000001017,9022005001002002,2,360,,
9022005000001017,9022005001002003,2,360,,
9022005000001017,9022005001002004,2,360,,
9022005000001017,9022005001002001,2,360,,
9022005001551002,9022005004138002,2,180,,
9022005001186002,9022005003744002,2,300,,
9022005001186002,9022005003744001,2,300,,
9022005001551002,9022005004138001,2,180,,
9022005000001002,9022005001002001,2,360,,
9022005000001002,9022005001002003,2,360,,
9022005000001002,9022005001002002,2,360,,
9022005000001002,9022005001002004,2,360,,
9022005000348002,9022005000369002,2,420,,
9022005000348002,9022005000369001,2,420,,
9022005000448002,9022005003850002,2,180,,
9022005000348002,9022005000369006,2,420,,
9022005000348002,9022005000369005,2,420,,
9022005000348002,9022005000369004,2,420,,
9022005000448002,9022005003850001,2,180,,
9022005000348002,9022005000369003,2,420,,
9022005001243002,9022005000050017,2,360,,
9022005001243002,9022005000050016,2,360,,
9022005002784001,9022005000502002,2,420,,
9022005000348002,9022005000369008,2,420,,
9022005002784001,9022005000502001,2,420,,
9022005000348002,9022005000369007,2,420,,
9022005001243002,9022005000050014,2,360,,
9022005001243002,9022005000050019,2,360,,
9022005001243002,9022005000050018,2,360,,
9022005001243002,9022005000050013,2,360,,
9022005001243002,9022005000050012,2,360,,
9022005001243002,9022005000050011,2,360,,
9022005001243002,9022005000050010,2,360,,
9022005001079001,9022005001078001,2,300,,
9022005001079001,9022005001078002,2,300,,
9022005000001002,9022005001002016,2,360,,
9022005001243002,9022005000050006,2,360,,
9022005001243002,9022005000050005,2,360,,
9022005001243002,9022005000050004,2,360,,
9022005001243002,9022005000050003,2,360,,
9022005001243002,9022005000050008,2,360,,
9022005001243002,9022005000050007,2,360,,
9022005000001002,9022005001002017,2,360,,
9022005001020002,9022005001350002,2,300,,
9022005001020002,9022005001350001,2,300,,
9022005001243002,9022005000050002,2,360,,
9022005001243002,9022005000050001,2,360,,
9022005000215004,9022005000215001,2,300,,
9022005000215004,9022005000215002,2,300,,
9022005000215004,9022005000215003,2,300,,
9022005000215004,9022005000215005,2,300,,
9022005001169002,9022005001187001,2,300,,
9022005001169002,9022005001187002,2,300,,
9022005000054002,9022005000448001,2,300,,
9022005003744002,9022005001186001,2,300,,
9022005000054002,9022005000448002,2,300,,
9022005003744002,9022005001186002,2,300,,
9022005001243002,9022005000050028,2,360,,
9022005001243002,9022005000050027,2,360,,
9022005001243002,9022005000050026,2,360,,
9022005001243002,9022005000050025,2,360,,
9022005001243002,9022005000050029,2,360,,
9022005001243002,9022005000050020,2,360,,
9022005001243002,9022005000050024,2,360,,
9022005001243002,9022005000050023,2,360,,
9022005001243002,9022005000050022,2,360,,
9022005001243002,9022005000050021,2,360,,
9022005001027002,9022005001029016,2,360,,
9022005001032001,9022005005221003,2,240,,
9022005001027002,9022005001029017,2,360,,
9022005001032001,9022005005221001,2,240,,
9022005001032001,9022005005221002,2,240,,
9022005000006017,9022005001022017,2,180,,
9022005000006017,9022005001022016,2,180,,
9022005000006002,9022005001022002,2,180,,
9022005000006002,9022005001022001,2,180,,
9022005000900001,9022005001173002,2,180,,
9022005000993006,9022005001508002,2,180,,
9022005000993006,9022005001508001,2,300,,
9022005000003001,9022005001009017,2,420,,
9022005000003001,9022005001009016,2,420,,
9022005001027017,9022005001029016,2,360,,
9022005000003011,9022005001009017,2,420,,
9022005001027017,9022005001029017,2,360,,
9022005000003011,9022005001009016,2,420,,
9022005001027002,9022005001029001,2,360,,
9022005000006017,9022005001022002,2,180,,
9022005001027002,9022005001029002,2,360,,
9022005000006017,9022005001022001,2,180,,
9022005001243002,9022005000050042,2,360,,
9022005001243002,9022005000050041,2,360,,
9022005001243002,9022005000050045,2,360,,
9022005001243002,9022005000050044,2,360,,
9022005001243002,9022005000050043,2,360,,
9022005000993001,9022005001508001,2,300,,
9022005000993001,9022005001508002,2,300,,
9022005001000017,9022005001000006,2,300,,
9022005000003011,9022005001009004,2,420,,
9022005001000017,9022005001000007,2,300,,
9022005000003011,9022005001009003,2,420,,
9022005001000017,9022005001000008,2,300,,
9022005001000017,9022005001000009,2,300,,
9022005000003011,9022005001009005,2,420,,
9022005001000017,9022005001000002,2,300,,
9022005001000017,9022005001000003,2,300,,
9022005001243001,9022005001223001,2,240,,
9022005001000017,9022005001000004,2,300,,
9022005000003011,9022005001009002,2,420,,
9022005001243001,9022005001223002,2,300,,
9022005001000017,9022005001000005,2,300,,
9022005000003011,9022005001009001,2,420,,
9022005001000017,9022005001000001,2,300,,
9022005000484001,9022005000416003,2,120,,
9022005000484001,9022005000416002,2,120,,
9022005000484001,9022005000416001,2,120,,
9022005000043003,9022005001430002,2,240,,
9022005000043003,9022005001430003,2,240,,
9022005001000017,9022005001000018,2,300,,
9022005001000017,9022005001000019,2,300,,
9022005001000017,9022005001000013,2,300,,
9022005001000017,9022005001000014,2,300,,
9022005001000017,9022005001000015,2,300,,
9022005000043003,9022005001430001,2,240,,
9022005001000017,9022005001000016,2,240,,
9022005001000017,9022005001000010,2,300,,
9022005001000020,9022005001000046,2,240,,
9022005001000017,9022005001000011,2,300,,
9022005000006002,9022005001022017,2,180,,
9022005001000017,9022005001000012,2,300,,
9022005000006002,9022005001022016,2,180,,
9022005001000020,9022005001000010,2,300,,
9022005001000020,9022005001000012,2,300,,
9022005001000020,9022005001000011,2,300,,
9022005001000017,9022005001000026,2,240,,
9022005001000017,9022005001000020,2,240,,
9022005001000020,9022005001000014,2,300,,
9022005001000020,9022005001000013,2,300,,
9022005001000017,9022005001000021,2,240,,
9022005001000020,9022005001000016,2,240,,
9022005001000017,9022005001000022,2,240,,
9022005001000020,9022005001000015,2,300,,
9022005001000020,9022005001000018,2,300,,
9022005001000020,9022005001000017,2,240,,
9022005002280001,9022005000189001,2,180,,
9022005002280001,9022005000189002,2,180,,
9022005001000020,9022005001000019,2,300,,
9022005000050019,9022005001243002,2,300,,
9022005000050019,9022005001243001,2,300,,
9022005001000020,9022005001000021,2,240,,
9022005000050022,9022005001243001,2,300,,
9022005000050022,9022005001243002,2,300,,
9022005001000020,9022005001000022,2,240,,
9022005001168002,9022005003675001,2,300,,
9022005001168002,9022005003675002,2,300,,
9022005001000007,9022005001000020,2,300,,
9022005001000007,9022005001000021,2,300,,
9022005001000007,9022005001000022,2,300,,
9022005001000007,9022005001000026,2,300,,
9022005001000020,9022005001000026,2,240,,
9022005003800002,9022005002784001,2,600,,
9022005000003001,9022005001009003,2,420,,
9022005000003001,9022005001009002,2,420,,
9022005000003001,9022005001009001,2,420,,
9022005003800002,9022005002784002,2,600,,
9022005000003001,9022005001009005,2,420,,
9022005000003001,9022005001009004,2,420,,
9022005001020017,9022005001350002,2,300,,
9022005001000007,9022005001000012,2,300,,
9022005001000017,9022005001000046,2,240,,
9022005001000007,9022005001000013,2,300,,
9022005001027017,9022005001029001,2,360,,
9022005001000007,9022005001000010,2,300,,
9022005001027017,9022005001029002,2,360,,
9022005001000007,9022005001000011,2,300,,
9022005001000007,9022005001000016,2,300,,
9022005001000007,9022005001000017,2,300,,
9022005001000007,9022005001000014,2,300,,
9022005001000007,9022005001000015,2,300,,
9022005001020017,9022005001350001,2,300,,
9022005001000007,9022005001000018,2,300,,
9022005001000007,9022005001000019,2,300,,
9022005001032016,9022005005221003,2,240,,
9022005000900001,9022005001173001,2,180,,
9022005001000020,9022005001000001,2,300,,
9022005001032016,9022005005221002,2,240,,
9022005001032016,9022005005221001,2,240,,
9022005001000007,9022005001000001,2,300,,
9022005001000007,9022005001000002,2,300,,
9022005001000007,9022005001000005,2,300,,
9022005001000020,9022005001000003,2,300,,
9022005001000007,9022005001000006,2,300,,
9022005001000020,9022005001000002,2,300,,
9022005001000007,9022005001000003,2,300,,
9022005001000020,9022005001000005,2,300,,
9022005001000007,9022005001000004,2,300,,
9022005001000020,9022005001000004,2,300,,
9022005001000007,9022005001000009,2,300,,
9022005001000020,9022005001000007,2,300,,
9022005001000020,9022005001000006,2,300,,
9022005001000020,9022005001000009,2,300,,
9022005001000007,9022005001000008,2,300,,
9022005001000020,9022005001000008,2,300,,
9021005000147000,9021005000147000,2,180,,
9021005000148000,9021005000148000,2,180,,
9021005001877000,9021005001877000,2,0,,
9021005001880000,9021005001880000,2,0,,
9021005001883000,9021005001883000,2,0,,
9021005001885000,9021005001885000,2,0,,
9021005001886000,9021005001886000,2,0,,
9021005001887000,9021005001887000,2,0,,
9021005001888000,9021005001888000,2,0,,
9021005001892000,9021005001892000,2,0,,
9021005001893000,9021005001893000,2,0,,
9021005001895000,9021005001895000,2,0,,
9021005001899000,9021005001899000,2,0,,
9021005001902000,9021005001902000,2,0,,
9021005001974000,9021005001974000,2,0,,
9021005001975000,9021005001975000,2,0,,
9021005002612000,9021005002612000,2,0,,
9021005002614000,9021005002614000,2,0,,
9021005002617000,9021005002617000,2,0,,
9021005002618000,9021005002618000,2,0,,
9021005002619000,9021005002619000,2,0,,
9021005002620000,9021005002620000,2,0,,
9021005002621000,9021005002621000,2,0,,
9021005002622000,9021005002622000,2,0,,
9021005002625000,9021005002625000,2,0,,
9021005002626000,9021005002626000,2,0,,
9021005002628000,9021005002628000,2,0,,
9021005002629000,9021005002629000,2,0,,
9021005002630000,9021005002630000,2,0,,
9021005003655000,9021005003655000,2,0,,
9021005004063000,9021005004063000,2,0,,
9021005004106000,9021005004106000,2,0,,
9021005006056000,9021005006056000,2,0,,
9021005006058000,9021005006058000,2,0,,
9021005006065000,9021005006065000,2,0,,
9021005006067000,9021005006067000,2,0,,
9021005006072000,9021005006072000,2,0,,
9021005006073000,9021005006073000,2,0,,
9021005006076000,9021005006076000,2,0,,
9021005006081000,9021005006081000,2,0,,
9021005006087000,9021005006087000,2,0,,
9021005006125000,9021005006125000,2,0,,
9021005006126000,9021005006126000,2,0,,
9021005003320000,9021005003320000,2,0,,
9021005000337000,9021005000337000,2,0,,
9021005000338000,9021005000338000,2,0,,
9021005003026000,9021005003026000,2,0,,
9021005003030000,9021005003030000,2,0,,
9021005003032000,9021005003032000,2,0,,
9021005003033000,9021005003033000,2,0,,
9021005003035000,9021005003035000,2,0,,
9021005003040000,9021005003040000,2,0,,
9021005003041000,9021005003041000,2,0,,
9021005003042000,9021005003042000,2,0,,
9021005003046000,9021005003046000,2,0,,
9021005003379000,9021005003379000,2,0,,
9021005003383000,9021005003383000,2,0,,
9021005003386000,9021005003386000,2,0,,
9021005003387000,9021005003387000,2,0,,
9021005003389000,9021005003389000,2,0,,
9021005003390000,9021005003390000,2,0,,
9021005003392000,9021005003392000,2,0,,
9021005003954000,9021005003954000,2,0,,
9021005004187000,9021005004187000,2,60,,
9021005000218000,9021005000218000,2,0,,
9021005000224000,9021005000224000,2,0,,
9021005000255000,9021005000255000,2,0,,
9021005000258000,9021005000258000,2,60,,
9021005000260000,9021005000260000,2,0,,
9021005000263000,9021005000263000,2,0,,
9021005000264000,9021005000264000,2,0,,
9021005002536000,9021005002536000,2,0,,
9021005002542000,9021005002542000,2,0,,
9021005002544000,9021005002544000,2,0,,
9021005002545000,9021005002545000,2,0,,
9021005002547000,9021005002547000,2,0,,
9021005002552000,9021005002552000,2,0,,
9021005002556000,9021005002556000,2,0,,
9021005002563000,9021005002563000,2,0,,
9021005002566000,9021005002566000,2,0,,
9021005002568000,9021005002568000,2,0,,
9021005002572000,9021005002572000,2,0,,
9021005002573000,9021005002573000,2,0,,
9021005002576000,9021005002576000,2,0,,
9021005002577000,9021005002577000,2,0,,
9021005002581000,9021005002581000,2,0,,
9021005002586000,9021005002586000,2,0,,
9021005002587000,9021005002587000,2,0,,
9021005002588000,9021005002588000,2,0,,
9021005002589000,9021005002589000,2,0,,
9021005002590000,9021005002590000,2,0,,
9021005002591000,9021005002591000,2,0,,
9021005002592000,9021005002592000,2,0,,
9021005003438000,9021005003438000,2,0,,
9021005003602000,9021005003602000,2,0,,
9021005003603000,9021005003603000,2,0,,
9021005003605000,9021005003605000,2,0,,
9021005003609000,9021005003609000,2,0,,
9021005003624000,9021005003624000,2,0,,
9021005003659000,9021005003659000,2,0,,
9021005004010000,9021005004010000,2,0,,
9021005004038000,9021005004038000,2,0,,
9021005004234000,9021005004234000,2,0,,
9021005004572000,9021005004572000,2,0,,
9021005005040000,9021005005040000,2,60,,
9021005000130000,9021005000130000,2,300,,
9021005001822000,9021005001822000,2,0,,
9021005001825000,9021005001825000,2,0,,
9021005001829000,9021005001829000,2,0,,
9021005001832000,9021005001832000,2,0,,
9021005001834000,9021005001834000,2,0,,
9021005001835000,9021005001835000,2,0,,
9021005001837000,9021005001837000,2,0,,
9021005001839000,9021005001839000,2,0,,
9021005001842000,9021005001842000,2,0,,
9021005003729000,9021005003729000,2,0,,
9021005003731000,9021005003731000,2,0,,
9021005003955000,9021005003955000,2,0,,
9021005000069000,9021005000069000,2,0,,
9021005000090000,9021005000090000,2,0,,
9021005000092000,9021005000092000,2,0,,
9021005000163000,9021005000163000,2,0,,
9021005000174000,9021005000174000,2,180,,
9021005000175000,9021005000175000,2,60,,
9021005000176000,9021005000176000,2,180,,
9021005000482000,9021005000482000,2,0,,
9021005000525000,9021005000525000,2,0,,
9021005000900000,9021005000900000,2,0,,
9021005001171000,9021005001171000,2,0,,
9021005001173000,9021005001173000,2,0,,
9021005001174000,9021005001174000,2,0,,
9021005001178000,9021005001178000,2,0,,
9021005001179000,9021005001179000,2,0,,
9021005001186000,9021005001186000,2,0,,
9021005001187000,9021005001187000,2,0,,
9021005001189000,9021005001189000,2,0,,
9021005001196000,9021005001196000,2,0,,
9021005001198000,9021005001198000,2,0,,
9021005001199000,9021005001199000,2,0,,
9021005001291000,9021005001291000,2,0,,
9021005001297000,9021005001297000,2,0,,
9021005001457000,9021005001457000,2,0,,
9021005001465000,9021005001465000,2,0,,
9021005001467000,9021005001467000,2,0,,
9021005001468000,9021005001468000,2,0,,
9021005001556000,9021005001556000,2,0,,
9021005001559000,9021005001559000,2,0,,
9021005001561000,9021005001561000,2,0,,
9021005001563000,9021005001563000,2,0,,
9021005001564000,9021005001564000,2,0,,
9021005001566000,9021005001566000,2,0,,
9021005001568000,9021005001568000,2,0,,
9021005001570000,9021005001570000,2,0,,
9021005001571000,9021005001571000,2,0,,
9021005001573000,9021005001573000,2,0,,
9021005001578000,9021005001578000,2,0,,
9021005001579000,9021005001579000,2,0,,
9021005001580000,9021005001580000,2,0,,
9021005001584000,9021005001584000,2,0,,
9021005001591000,9021005001591000,2,0,,
9021005001592000,9021005001592000,2,0,,
9021005001593000,9021005001593000,2,0,,
9021005001594000,9021005001594000,2,0,,
9021005002041000,9021005002041000,2,0,,
9021005002043000,9021005002043000,2,0,,
9021005002044000,9021005002044000,2,0,,
9021005002045000,9021005002045000,2,0,,
9021005002047000,9021005002047000,2,0,,
9021005002048000,9021005002048000,2,0,,
9021005002050000,9021005002050000,2,0,,
9021005002056000,9021005002056000,2,0,,
9021005002063000,9021005002063000,2,0,,
9021005002066000,9021005002066000,2,0,,
9021005002067000,9021005002067000,2,0,,
9021005002070000,9021005002070000,2,0,,
9021005002071000,9021005002071000,2,0,,
9021005002074000,9021005002074000,2,0,,
9021005002139000,9021005002139000,2,0,,
9021005002140000,9021005002140000,2,0,,
9021005002142000,9021005002142000,2,0,,
9021005002143000,9021005002143000,2,0,,
9021005002144000,9021005002144000,2,0,,
9021005002150000,9021005002150000,2,0,,
9021005002152000,9021005002152000,2,0,,
9021005002153000,9021005002153000,2,0,,
9021005002157000,9021005002157000,2,0,,
9021005002172000,9021005002172000,2,0,,
9021005003491000,9021005003491000,2,0,,
9021005003679000,9021005003679000,2,0,,
9021005003680000,9021005003680000,2,0,,
9021005003681000,9021005003681000,2,0,,
9021005003686000,9021005003686000,2,0,,
9021005003687000,9021005003687000,2,0,,
9021005003747000,9021005003747000,2,0,,
9021005003949000,9021005003949000,2,0,,
9021005004049000,9021005004049000,2,0,,
9021005004050000,9021005004050000,2,0,,
9021005004096000,9021005004096000,2,0,,
9021005005230000,9021005005230000,2,0,,
9021005005233000,9021005005233000,2,0,,
9021005000384000,9021005000384000,2,0,,
9021005003758000,9021005003758000,2,0,,
9021005003759000,9021005003759000,2,0,,
9021005003764000,9021005003764000,2,0,,
9021005003765000,9021005003765000,2,0,,
9021005003766000,9021005003766000,2,0,,
9021005003767000,9021005003767000,2,0,,
9021005003768000,9021005003768000,2,60,,
9021005005057000,9021005005057000,2,60,,
9021005005064000,9021005005064000,2,60,,
9021005005033000,9021005005033000,2,0,,
9021005000166000,9021005000166000,2,0,,
9021005000194000,9021005000194000,2,60,,
9021005000196000,9021005000196000,2,0,,
9021005000242000,9021005000242000,2,0,,
9021005000248000,9021005000248000,2,0,,
9021005000357000,9021005000357000,2,0,,
9021005000424000,9021005000424000,2,0,,
9021005000427000,9021005000427000,2,0,,
9021005000443000,9021005000443000,2,0,,
9021005000447000,9021005000447000,2,0,,
9021005001451000,9021005001451000,2,0,,
9021005002352000,9021005002352000,2,0,,
9021005002353000,9021005002353000,2,0,,
9021005002357000,9021005002357000,2,0,,
9021005002360000,9021005002360000,2,0,,
9021005002453000,9021005002453000,2,0,,
9021005002458000,9021005002458000,2,0,,
9021005002459000,9021005002459000,2,0,,
9021005002460000,9021005002460000,2,0,,
9021005002461000,9021005002461000,2,0,,
9021005002463000,9021005002463000,2,0,,
9021005002464000,9021005002464000,2,0,,
9021005002468000,9021005002468000,2,0,,
9021005002471000,9021005002471000,2,0,,
9021005002482000,9021005002482000,2,0,,
9021005002492000,9021005002492000,2,0,,
9021005002493000,9021005002493000,2,0,,
9021005002494000,9021005002494000,2,0,,
9021005002495000,9021005002495000,2,0,,
9021005002497000,9021005002497000,2,0,,
9021005002499000,9021005002499000,2,0,,
9021005002500000,9021005002500000,2,0,,
9021005002501000,9021005002501000,2,0,,
9021005002502000,9021005002502000,2,0,,
9021005002503000,9021005002503000,2,0,,
9021005002505000,9021005002505000,2,0,,
9021005002511000,9021005002511000,2,0,,
9021005003250000,9021005003250000,2,0,,
9021005003398000,9021005003398000,2,0,,
9021005003477000,9021005003477000,2,0,,
9021005003622000,9021005003622000,2,0,,
9021005003623000,9021005003623000,2,0,,
9021005004608000,9021005004608000,2,0,,
9021005004611000,9021005004611000,2,0,,
9021005004618000,9021005004618000,2,0,,
9021005000041000,9021005000041000,2,0,,
9021005000043000,9021005000043000,2,180,,
9021005000044000,9021005000044000,2,0,,
9021005000046000,9021005000046000,2,180,,
9021005000047000,9021005000047000,2,180,,
9021005000087000,9021005000087000,2,0,,
9021005000096000,9021005000096000,2,0,,
9021005000153000,9021005000153000,2,0,,
9021005000220000,9021005000220000,2,0,,
9021005000221000,9021005000221000,2,0,,
9021005000222000,9021005000222000,2,60,,
9021005000225000,9021005000225000,2,180,,
9021005000228000,9021005000228000,2,0,,
9021005000230000,9021005000230000,2,180,,
9021005000231000,9021005000231000,2,180,,
9021005000236000,9021005000236000,2,180,,
9021005000266000,9021005000266000,2,120,,
9021005000269000,9021005000269000,2,0,,
9021005000270000,9021005000270000,2,0,,
9021005000272000,9021005000272000,2,0,,
9021005000276000,9021005000276000,2,0,,
9021005000282000,9021005000282000,2,0,,
9021005000284000,9021005000284000,2,0,,
9021005000286000,9021005000286000,2,0,,
9021005000290000,9021005000290000,2,0,,
9021005000292000,9021005000292000,2,0,,
9021005000299000,9021005000299000,2,180,,
9021005000303000,9021005000303000,2,0,,
9021005000307000,9021005000307000,2,0,,
9021005000309000,9021005000309000,2,0,,
9021005000310000,9021005000310000,2,0,,
9021005000311000,9021005000311000,2,0,,
9021005000314000,9021005000314000,2,180,,
9021005000316000,9021005000316000,2,0,,
9021005000319000,9021005000319000,2,0,,
9021005000320000,9021005000320000,2,60,,
9021005000326000,9021005000326000,2,0,,
9021005000329000,9021005000329000,2,180,,
9021005000344000,9021005000344000,2,0,,
9021005000350000,9021005000350000,2,300,,
9021005000351000,9021005000351000,2,0,,
9021005000403000,9021005000403000,2,0,,
9021005000404000,9021005000404000,2,0,,
9021005000412000,9021005000412000,2,0,,
9021005000418000,9021005000418000,2,180,,
9021005000421000,9021005000421000,2,0,,
9021005000422000,9021005000422000,2,0,,
9021005000423000,9021005000423000,2,480,,
9021005000425000,9021005000425000,2,240,,
9021005000432000,9021005000432000,2,0,,
9021005000435000,9021005000435000,2,0,,
9021005000439000,9021005000439000,2,300,,
9021005000440000,9021005000440000,2,0,,
9021005000451000,9021005000451000,2,0,,
9021005000462000,9021005000462000,2,0,,
9021005000463000,9021005000463000,2,0,,
9021005000480000,9021005000480000,2,180,,
9021005000484000,9021005000484000,2,180,,
9021005000504000,9021005000504000,2,120,,
9021005001221000,9021005001221000,2,180,,
9021005001222000,9021005001222000,2,180,,
9021005001224000,9021005001224000,2,0,,
9021005001227000,9021005001227000,2,180,,
9021005001228000,9021005001228000,2,180,,
9021005001229000,9021005001229000,2,0,,
9021005001235000,9021005001235000,2,180,,
9021005001237000,9021005001237000,2,180,,
9021005001239000,9021005001239000,2,180,,
9021005001241000,9021005001241000,2,0,,
9021005001243000,9021005001243000,2,180,,
9021005001247000,9021005001247000,2,0,,
9021005001259000,9021005001259000,2,0,,
9021005001262000,9021005001262000,2,180,,
9021005001272000,9021005001272000,2,0,,
9021005001274000,9021005001274000,2,180,,
9021005001275000,9021005001275000,2,180,,
9021005001300000,9021005001300000,2,180,,
9021005001302000,9021005001302000,2,180,,
9021005001306000,9021005001306000,2,0,,
9021005001310000,9021005001310000,2,0,,
9021005001315000,9021005001315000,2,180,,
9021005001320000,9021005001320000,2,0,,
9021005001321000,9021005001321000,2,180,,
9021005001322000,9021005001322000,2,0,,
9021005001325000,9021005001325000,2,180,,
9021005001327000,9021005001327000,2,0,,
9021005001329000,9021005001329000,2,0,,
9021005001330000,9021005001330000,2,0,,
9021005001332000,9021005001332000,2,0,,
9021005001333000,9021005001333000,2,0,,
9021005001334000,9021005001334000,2,0,,
9021005001338000,9021005001338000,2,180,,
9021005001339000,9021005001339000,2,180,,
9021005001344000,9021005001344000,2,0,,
9021005001348000,9021005001348000,2,180,,
9021005001349000,9021005001349000,2,0,,
9021005001394000,9021005001394000,2,0,,
9021005001396000,9021005001396000,2,0,,
9021005001397000,9021005001397000,2,0,,
9021005001399000,9021005001399000,2,180,,
9021005001403000,9021005001403000,2,0,,
9021005001404000,9021005001404000,2,180,,
9021005001409000,9021005001409000,2,0,,
9021005001410000,9021005001410000,2,0,,
9021005001411000,9021005001411000,2,0,,
9021005001412000,9021005001412000,2,0,,
9021005001417000,9021005001417000,2,0,,
9021005001421000,9021005001421000,2,0,,
9021005001432000,9021005001432000,2,0,,
9021005001434000,9021005001434000,2,0,,
9021005001440000,9021005001440000,2,0,,
9021005001441000,9021005001441000,2,0,,
9021005001442000,9021005001442000,2,0,,
9021005001443000,9021005001443000,2,0,,
9021005001446000,9021005001446000,2,0,,
9021005001447000,9021005001447000,2,0,,
9021005001452000,9021005001452000,2,0,,
9021005001455000,9021005001455000,2,0,,
9021005001462000,9021005001462000,2,0,,
9021005001463000,9021005001463000,2,0,,
9021005001472000,9021005001472000,2,0,,
9021005001473000,9021005001473000,2,0,,
9021005001474000,9021005001474000,2,0,,
9021005001475000,9021005001475000,2,0,,
9021005001476000,9021005001476000,2,0,,
9021005001478000,9021005001478000,2,0,,
9021005001481000,9021005001481000,2,0,,
9021005001482000,9021005001482000,2,0,,
9021005001483000,9021005001483000,2,0,,
9021005001485000,9021005001485000,2,0,,
9021005001491000,9021005001491000,2,0,,
9021005001494000,9021005001494000,2,0,,
9021005001495000,9021005001495000,2,0,,
9021005001496000,9021005001496000,2,0,,
9021005001551000,9021005001551000,2,0,,
9021005001553000,9021005001553000,2,0,,
9021005001598000,9021005001598000,2,0,,
9021005001600000,9021005001600000,2,0,,
9021005001601000,9021005001601000,2,0,,
9021005001603000,9021005001603000,2,0,,
9021005001607000,9021005001607000,2,0,,
9021005001610000,9021005001610000,2,180,,
9021005001622000,9021005001622000,2,0,,
9021005002016000,9021005002016000,2,0,,
9021005002017000,9021005002017000,2,0,,
9021005002018000,9021005002018000,2,0,,
9021005002025000,9021005002025000,2,0,,
9021005002028000,9021005002028000,2,0,,
9021005002037000,9021005002037000,2,0,,
9021005002528000,9021005002528000,2,0,,
9021005002529000,9021005002529000,2,0,,
9021005002530000,9021005002530000,2,0,,
9021005002531000,9021005002531000,2,0,,
9021005002565000,9021005002565000,2,120,,
9021005002633000,9021005002633000,2,0,,
9021005002637000,9021005002637000,2,0,,
9021005002638000,9021005002638000,2,0,,
9021005002641000,9021005002641000,2,0,,
9021005002642000,9021005002642000,2,0,,
9021005002644000,9021005002644000,2,0,,
9021005002645000,9021005002645000,2,0,,
9021005002646000,9021005002646000,2,0,,
9021005002647000,9021005002647000,2,0,,
9021005002650000,9021005002650000,2,0,,
9021005002651000,9021005002651000,2,0,,
9021005002659000,9021005002659000,2,180,,
9021005002661000,9021005002661000,2,0,,
9021005002664000,9021005002664000,2,0,,
9021005002665000,9021005002665000,2,0,,
9021005002671000,9021005002671000,2,0,,
9021005002674000,9021005002674000,2,0,,
9021005002675000,9021005002675000,2,0,,
9021005002676000,9021005002676000,2,0,,
9021005002678000,9021005002678000,2,0,,
9021005002688000,9021005002688000,2,0,,
9021005002692000,9021005002692000,2,0,,
9021005002694000,9021005002694000,2,0,,
9021005002695000,9021005002695000,2,0,,
9021005002696000,9021005002696000,2,0,,
9021005002697000,9021005002697000,2,0,,
9021005002698000,9021005002698000,2,0,,
9021005002699000,9021005002699000,2,0,,
9021005002708000,9021005002708000,2,0,,
9021005002709000,9021005002709000,2,0,,
9021005002711000,9021005002711000,2,0,,
9021005002713000,9021005002713000,2,0,,
9021005002716000,9021005002716000,2,0,,
9021005002720000,9021005002720000,2,0,,
9021005002721000,9021005002721000,2,0,,
9021005002722000,9021005002722000,2,0,,
9021005002725000,9021005002725000,2,0,,
9021005002726000,9021005002726000,2,0,,
9021005002727000,9021005002727000,2,0,,
9021005002728000,9021005002728000,2,0,,
9021005002735000,9021005002735000,2,0,,
9021005002737000,9021005002737000,2,0,,
9021005002738000,9021005002738000,2,0,,
9021005002747000,9021005002747000,2,0,,
9021005002749000,9021005002749000,2,0,,
9021005002750000,9021005002750000,2,0,,
9021005002751000,9021005002751000,2,0,,
9021005002754000,9021005002754000,2,0,,
9021005002755000,9021005002755000,2,0,,
9021005002757000,9021005002757000,2,0,,
9021005002761000,9021005002761000,2,0,,
9021005002762000,9021005002762000,2,0,,
9021005002802000,9021005002802000,2,0,,
9021005002821000,9021005002821000,2,0,,
9021005002824000,9021005002824000,2,0,,
9021005002828000,9021005002828000,2,0,,
9021005002830000,9021005002830000,2,0,,
9021005002831000,9021005002831000,2,0,,
9021005002834000,9021005002834000,2,0,,
9021005002835000,9021005002835000,2,0,,
9021005002841000,9021005002841000,2,0,,
9021005002848000,9021005002848000,2,0,,
9021005002864000,9021005002864000,2,0,,
9021005002868000,9021005002868000,2,0,,
9021005002869000,9021005002869000,2,0,,
9021005002870000,9021005002870000,2,0,,
9021005002871000,9021005002871000,2,0,,
9021005002872000,9021005002872000,2,0,,
9021005002873000,9021005002873000,2,0,,
9021005002876000,9021005002876000,2,0,,
9021005002885000,9021005002885000,2,0,,
9021005002886000,9021005002886000,2,0,,
9021005002890000,9021005002890000,2,0,,
9021005002894000,9021005002894000,2,0,,
9021005002895000,9021005002895000,2,0,,
9021005002898000,9021005002898000,2,0,,
9021005002899000,9021005002899000,2,0,,
9021005002902000,9021005002902000,2,0,,
9021005002903000,9021005002903000,2,0,,
9021005002905000,9021005002905000,2,0,,
9021005002908000,9021005002908000,2,0,,
9021005002911000,9021005002911000,2,0,,
9021005002914000,9021005002914000,2,0,,
9021005002916000,9021005002916000,2,0,,
9021005002919000,9021005002919000,2,0,,
9021005002921000,9021005002921000,2,0,,
9021005002922000,9021005002922000,2,0,,
9021005002923000,9021005002923000,2,0,,
9021005002925000,9021005002925000,2,0,,
9021005002927000,9021005002927000,2,0,,
9021005002928000,9021005002928000,2,0,,
9021005002930000,9021005002930000,2,0,,
9021005002937000,9021005002937000,2,0,,
9021005002940000,9021005002940000,2,0,,
9021005002941000,9021005002941000,2,0,,
9021005002944000,9021005002944000,2,0,,
9021005002946000,9021005002946000,2,0,,
9021005002949000,9021005002949000,2,0,,
9021005002951000,9021005002951000,2,0,,
9021005002954000,9021005002954000,2,0,,
9021005002962000,9021005002962000,2,0,,
9021005002967000,9021005002967000,2,0,,
9021005002968000,9021005002968000,2,0,,
9021005002969000,9021005002969000,2,0,,
9021005002972000,9021005002972000,2,0,,
9021005002981000,9021005002981000,2,0,,
9021005002985000,9021005002985000,2,0,,
9021005002986000,9021005002986000,2,0,,
9021005002987000,9021005002987000,2,0,,
9021005003068000,9021005003068000,2,0,,
9021005003069000,9021005003069000,2,0,,
9021005003070000,9021005003070000,2,0,,
9021005003077000,9021005003077000,2,0,,
9021005003078000,9021005003078000,2,0,,
9021005003080000,9021005003080000,2,0,,
9021005003363000,9021005003363000,2,0,,
9021005003370000,9021005003370000,2,0,,
9021005003373000,9021005003373000,2,0,,
9021005003374000,9021005003374000,2,0,,
9021005003375000,9021005003375000,2,0,,
9021005003376000,9021005003376000,2,0,,
9021005003403000,9021005003403000,2,0,,
9021005003429000,9021005003429000,2,0,,
9021005003430000,9021005003430000,2,0,,
9021005003436000,9021005003436000,2,0,,
9021005003449000,9021005003449000,2,0,,
9021005003476000,9021005003476000,2,0,,
9021005003487000,9021005003487000,2,0,,
9021005003582000,9021005003582000,2,0,,
9021005003583000,9021005003583000,2,0,,
9021005003585000,9021005003585000,2,0,,
9021005003586000,9021005003586000,2,0,,
9021005003587000,9021005003587000,2,0,,
9021005003588000,9021005003588000,2,0,,
9021005003592000,9021005003592000,2,0,,
9021005003593000,9021005003593000,2,0,,
9021005003594000,9021005003594000,2,0,,
9021005003749000,9021005003749000,2,0,,
9021005003838000,9021005003838000,2,0,,
9021005003841000,9021005003841000,2,0,,
9021005003842000,9021005003842000,2,0,,
9021005003849000,9021005003849000,2,180,,
9021005003850000,9021005003850000,2,180,,
9021005003852000,9021005003852000,2,180,,
9021005003853000,9021005003853000,2,180,,
9021005003854000,9021005003854000,2,180,,
9021005003858000,9021005003858000,2,0,,
9021005003859000,9021005003859000,2,0,,
9021005003860000,9021005003860000,2,0,,
9021005003861000,9021005003861000,2,0,,
9021005003870000,9021005003870000,2,180,,
9021005003884000,9021005003884000,2,0,,
9021005003919000,9021005003919000,2,0,,
9021005003991000,9021005003991000,2,0,,
9021005004051000,9021005004051000,2,0,,
9021005004058000,9021005004058000,2,0,,
9021005004067000,9021005004067000,2,0,,
9021005004078000,9021005004078000,2,0,,
9021005004087000,9021005004087000,2,0,,
9021005004088000,9021005004088000,2,0,,
9021005004089000,9021005004089000,2,0,,
9021005004091000,9021005004091000,2,0,,
9021005004092000,9021005004092000,2,0,,
9021005004130000,9021005004130000,2,0,,
9021005004138000,9021005004138000,2,0,,
9021005004140000,9021005004140000,2,0,,
9021005004143000,9021005004143000,2,0,,
9021005004147000,9021005004147000,2,0,,
9021005004153000,9021005004153000,2,0,,
9021005004158000,9021005004158000,2,0,,
9021005004167000,9021005004167000,2,0,,
9021005004173000,9021005004173000,2,0,,
9021005004182000,9021005004182000,2,0,,
9021005004183000,9021005004183000,2,0,,
9021005004184000,9021005004184000,2,0,,
9021005004189000,9021005004189000,2,0,,
9021005004219000,9021005004219000,2,0,,
9021005004229000,9021005004229000,2,0,,
9021005004232000,9021005004232000,2,180,,
9021005004233000,9021005004233000,2,0,,
9021005004542000,9021005004542000,2,0,,
9021005004544000,9021005004544000,2,0,,
9021005004545000,9021005004545000,2,0,,
9021005004559000,9021005004559000,2,0,,
9021005004563000,9021005004563000,2,0,,
9021005005010000,9021005005010000,2,0,,
9021005000127000,9021005000127000,2,0,,
9021005000128000,9021005000128000,2,0,,
9021005000332000,9021005000332000,2,0,,
9021005000372000,9021005000372000,2,120,,
9021005000375000,9021005000375000,2,0,,
9021005000376000,9021005000376000,2,0,,
9021005000377000,9021005000377000,2,0,,
9021005000378000,9021005000378000,2,0,,
9021005000397000,9021005000397000,2,0,,
9021005000398000,9021005000398000,2,0,,
9021005000401000,9021005000401000,2,0,,
9021005000402000,9021005000402000,2,60,,
9021005001809000,9021005001809000,2,0,,
9021005001810000,9021005001810000,2,0,,
9021005001811000,9021005001811000,2,0,,
9021005001814000,9021005001814000,2,0,,
9021005001817000,9021005001817000,2,0,,
9021005001820000,9021005001820000,2,240,,
9021005002196000,9021005002196000,2,0,,
9021005002199000,9021005002199000,2,0,,
9021005002206000,9021005002206000,2,0,,
9021005002208000,9021005002208000,2,0,,
9021005002209000,9021005002209000,2,0,,
9021005002210000,9021005002210000,2,0,,
9021005002213000,9021005002213000,2,0,,
9021005002214000,9021005002214000,2,0,,
9021005002220000,9021005002220000,2,0,,
9021005002224000,9021005002224000,2,0,,
9021005002225000,9021005002225000,2,0,,
9021005002226000,9021005002226000,2,0,,
9021005002228000,9021005002228000,2,0,,
9021005002230000,9021005002230000,2,0,,
9021005002239000,9021005002239000,2,0,,
9021005002988000,9021005002988000,2,0,,
9021005002994000,9021005002994000,2,0,,
9021005002995000,9021005002995000,2,0,,
9021005002996000,9021005002996000,2,0,,
9021005002998000,9021005002998000,2,0,,
9021005003000000,9021005003000000,2,0,,
9021005003001000,9021005003001000,2,0,,
9021005003002000,9021005003002000,2,0,,
9021005003012000,9021005003012000,2,0,,
9021005003016000,9021005003016000,2,0,,
9021005003208000,9021005003208000,2,0,,
9021005003216000,9021005003216000,2,0,,
9021005003218000,9021005003218000,2,0,,
9021005003222000,9021005003222000,2,0,,
9021005003228000,9021005003228000,2,0,,
9021005003229000,9021005003229000,2,0,,
9021005003230000,9021005003230000,2,0,,
9021005003232000,9021005003232000,2,0,,
9021005003237000,9021005003237000,2,0,,
9021005003241000,9021005003241000,2,0,,
9021005003243000,9021005003243000,2,0,,
9021005003318000,9021005003318000,2,0,,
9021005003344000,9021005003344000,2,0,,
9021005003347000,9021005003347000,2,0,,
9021005003348000,9021005003348000,2,0,,
9021005003351000,9021005003351000,2,0,,
9021005003356000,9021005003356000,2,0,,
9021005003358000,9021005003358000,2,0,,
9021005003732000,9021005003732000,2,0,,
9021005004135000,9021005004135000,2,0,,
9021005004174000,9021005004174000,2,0,,
9021005004175000,9021005004175000,2,0,,
9021005004242000,9021005004242000,2,0,,
9021005004243000,9021005004243000,2,0,,
9021005004244000,9021005004244000,2,0,,
9021005004245000,9021005004245000,2,0,,
9021005004249000,9021005004249000,2,0,,
9021005004513000,9021005004513000,2,0,,
9021005004515000,9021005004515000,2,0,,
9021005004517000,9021005004517000,2,0,,
9021005004519000,9021005004519000,2,0,,
9021005004520000,9021005004520000,2,0,,
9021005004521000,9021005004521000,2,0,,
9021005004548000,9021005004548000,2,0,,
9021005004550000,9021005004550000,2,0,,
9021005004551000,9021005004551000,2,0,,
9021005004552000,9021005004552000,2,0,,
9021005005058000,9021005005058000,2,0,,
9021005005218000,9021005005218000,2,0,,
9021005005219000,9021005005219000,2,0,,
9021005005220000,9021005005220000,2,0,,
9021005000199000,9021005000199000,2,0,,
9021005000201000,9021005000201000,2,0,,
9021005000386000,9021005000386000,2,0,,
9021005000389000,9021005000389000,2,0,,
9021005000390000,9021005000390000,2,0,,
9021005000491000,9021005000491000,2,0,,
9021005002364000,9021005002364000,2,0,,
9021005002369000,9021005002369000,2,0,,
9021005002370000,9021005002370000,2,0,,
9021005002371000,9021005002371000,2,0,,
9021005002373000,9021005002373000,2,0,,
9021005003255000,9021005003255000,2,0,,
9021005003256000,9021005003256000,2,0,,
9021005003261000,9021005003261000,2,0,,
9021005003262000,9021005003262000,2,0,,
9021005003263000,9021005003263000,2,0,,
9021005003267000,9021005003267000,2,0,,
9021005003271000,9021005003271000,2,0,,
9021005003273000,9021005003273000,2,300,,
9021005003274000,9021005003274000,2,0,,
9021005003275000,9021005003275000,2,0,,
9021005003276000,9021005003276000,2,0,,
9021005003278000,9021005003278000,2,0,,
9021005003280000,9021005003280000,2,0,,
9021005003284000,9021005003284000,2,0,,
9021005003285000,9021005003285000,2,0,,
9021005003286000,9021005003286000,2,0,,
9021005003287000,9021005003287000,2,0,,
9021005003288000,9021005003288000,2,0,,
9021005003292000,9021005003292000,2,0,,
9021005003293000,9021005003293000,2,0,,
9021005003294000,9021005003294000,2,0,,
9021005003295000,9021005003295000,2,0,,
9021005003296000,9021005003296000,2,0,,
9021005003299000,9021005003299000,2,0,,
9021005003301000,9021005003301000,2,0,,
9021005003302000,9021005003302000,2,0,,
9021005003304000,9021005003304000,2,0,,
9021005003306000,9021005003306000,2,0,,
9021005003307000,9021005003307000,2,0,,
9021005003798000,9021005003798000,2,0,,
9021005004103000,9021005004103000,2,0,,
9021005004207000,9021005004207000,2,0,,
9021005000380000,9021005000380000,2,0,,
9021005000381000,9021005000381000,2,0,,
9021005000383000,9021005000383000,2,180,,
9021005003244000,9021005003244000,2,0,,
9021005003929000,9021005003929000,2,0,,
9021005003932000,9021005003932000,2,0,,
9021005003934000,9021005003934000,2,0,,
9021005003937000,9021005003937000,2,0,,
9021005003940000,9021005003940000,2,0,,
9021005003941000,9021005003941000,2,0,,
9021005003945000,9021005003945000,2,0,,
9021005003946000,9021005003946000,2,0,,
9021005003948000,9021005003948000,2,0,,
9021005000207000,9021005000207000,2,0,,
9021005002399000,9021005002399000,2,0,,
9021005002400000,9021005002400000,2,0,,
9021005002401000,9021005002401000,2,0,,
9021005002409000,9021005002409000,2,0,,
9021005002410000,9021005002410000,2,0,,
9021005002412000,9021005002412000,2,0,,
9021005002415000,9021005002415000,2,0,,
9021005002419000,9021005002419000,2,0,,
9021005002421000,9021005002421000,2,0,,
9021005002425000,9021005002425000,2,0,,
9021005002433000,9021005002433000,2,0,,
9021005003705000,9021005003705000,2,0,,
9021005003863000,9021005003863000,2,0,,
9021005004701000,9021005004701000,2,0,,
9021005004703000,9021005004703000,2,0,,
9021005004705000,9021005004705000,2,0,,
9021005004706000,9021005004706000,2,0,,
9021005004707000,9021005004707000,2,0,,
9021005004713000,9021005004713000,2,0,,
9021005004714000,9021005004714000,2,0,,
9021005084016000,9021005084016000,2,0,,
9021005084019000,9021005084019000,2,0,,
9021005084028000,9021005084028000,2,0,,
9021005003020000,9021005003020000,2,0,,
9021005003521000,9021005003521000,2,0,,
9021005003547000,9021005003547000,2,0,,
9021005003815000,9021005003815000,2,0,,
9021005003817000,9021005003817000,2,0,,
9021005003832000,9021005003832000,2,0,,
9021005003833000,9021005003833000,2,0,,
9021005003834000,9021005003834000,2,0,,
9021005003836000,9021005003836000,2,0,,
9021005004195000,9021005004195000,2,0,,
9021005004213000,9021005004213000,2,0,,
9021005004214000,9021005004214000,2,0,,
9021005004525000,9021005004525000,2,0,,
9021005000081000,9021005000081000,2,0,,
9021005000123000,9021005000123000,2,0,,
9021005000145000,9021005000145000,2,0,,
9021005000146000,9021005000146000,2,0,,
9021005000167000,9021005000167000,2,0,,
9021005000172000,9021005000172000,2,0,,
9021005001728000,9021005001728000,2,0,,
9021005001786000,9021005001786000,2,0,,
9021005001794000,9021005001794000,2,0,,
9021005001805000,9021005001805000,2,0,,
9021005001935000,9021005001935000,2,0,,
9021005001940000,9021005001940000,2,0,,
9021005001945000,9021005001945000,2,0,,
9021005001968000,9021005001968000,2,0,,
9021005001972000,9021005001972000,2,0,,
9021005001973000,9021005001973000,2,0,,
9021005002000000,9021005002000000,2,0,,
9021005002002000,9021005002002000,2,0,,
9021005002003000,9021005002003000,2,0,,
9021005002005000,9021005002005000,2,0,,
9021005002007000,9021005002007000,2,0,,
9021005002080000,9021005002080000,2,0,,
9021005002082000,9021005002082000,2,0,,
9021005002084000,9021005002084000,2,0,,
9021005002085000,9021005002085000,2,0,,
9021005002086000,9021005002086000,2,0,,
9021005002089000,9021005002089000,2,0,,
9021005002091000,9021005002091000,2,0,,
9021005002092000,9021005002092000,2,0,,
9021005002093000,9021005002093000,2,0,,
9021005002098000,9021005002098000,2,0,,
9021005002099000,9021005002099000,2,0,,
9021005002101000,9021005002101000,2,0,,
9021005002108000,9021005002108000,2,0,,
9021005002111000,9021005002111000,2,0,,
9021005002112000,9021005002112000,2,0,,
9021005002113000,9021005002113000,2,0,,
9021005002114000,9021005002114000,2,0,,
9021005002120000,9021005002120000,2,0,,
9021005002121000,9021005002121000,2,0,,
9021005002127000,9021005002127000,2,0,,
9021005002128000,9021005002128000,2,0,,
9021005002129000,9021005002129000,2,0,,
9021005002130000,9021005002130000,2,0,,
9021005002131000,9021005002131000,2,0,,
9021005002132000,9021005002132000,2,0,,
9021005002133000,9021005002133000,2,0,,
9021005002135000,9021005002135000,2,0,,
9021005003422000,9021005003422000,2,0,,
9021005003466000,9021005003466000,2,0,,
9021005003471000,9021005003471000,2,0,,
9021005003548000,9021005003548000,2,0,,
9021005003672000,9021005003672000,2,0,,
9021005003755000,9021005003755000,2,0,,
9021005004074000,9021005004074000,2,60,,
9021005004108000,9021005004108000,2,0,,
9021005004181000,9021005004181000,2,0,,
9021005006095000,9021005006095000,2,0,,
9021005006096000,9021005006096000,2,0,,
9021005006098000,9021005006098000,2,0,,
9021005000006000,9021005000006000,2,0,,
9021005000011000,9021005000011000,2,180,,
9021005000013000,9021005000013000,2,0,,
9021005000016000,9021005000016000,2,0,,
9021005000017000,9021005000017000,2,0,,
9021005000018000,9021005000018000,2,0,,
9021005000021000,9021005000021000,2,0,,
9021005000024000,9021005000024000,2,0,,
9021005000027000,9021005000027000,2,0,,
9021005000030000,9021005000030000,2,0,,
9021005000034000,9021005000034000,2,0,,
9021005000051000,9021005000051000,2,0,,
9021005000056000,9021005000056000,2,0,,
9021005000058000,9021005000058000,2,0,,
9021005000059000,9021005000059000,2,0,,
9021005000074000,9021005000074000,2,0,,
9021005000076000,9021005000076000,2,180,,
9021005000077000,9021005000077000,2,180,,
9021005000079000,9021005000079000,2,0,,
9021005000085000,9021005000085000,2,0,,
9021005000089000,9021005000089000,2,0,,
9021005000102000,9021005000102000,2,0,,
9021005000103000,9021005000103000,2,0,,
9021005000105000,9021005000105000,2,0,,
9021005000110000,9021005000110000,2,0,,
9021005000111000,9021005000111000,2,60,,
9021005000112000,9021005000112000,2,0,,
9021005000113000,9021005000113000,2,0,,
9021005000114000,9021005000114000,2,0,,
9021005000117000,9021005000117000,2,0,,
9021005000131000,9021005000131000,2,0,,
9021005000180000,9021005000180000,2,0,,
9021005000182000,9021005000182000,2,0,,
9021005000825000,9021005000825000,2,0,,
9021005000992000,9021005000992000,2,0,,
9021005000994000,9021005000994000,2,0,,
9021005000995000,9021005000995000,2,0,,
9021005000998000,9021005000998000,2,0,,
9021005001002000,9021005001002000,2,0,,
9021005001005000,9021005001005000,2,0,,
9021005001006000,9021005001006000,2,0,,
9021005001014000,9021005001014000,2,0,,
9021005001017000,9021005001017000,2,0,,
9021005001019000,9021005001019000,2,0,,
9021005001021000,9021005001021000,2,0,,
9021005001024000,9021005001024000,2,0,,
9021005001030000,9021005001030000,2,0,,
9021005001035000,9021005001035000,2,0,,
9021005001036000,9021005001036000,2,0,,
9021005001046000,9021005001046000,2,0,,
9021005001048000,9021005001048000,2,0,,
9021005001051000,9021005001051000,2,0,,
9021005001053000,9021005001053000,2,0,,
9021005001055000,9021005001055000,2,0,,
9021005001065000,9021005001065000,2,0,,
9021005001067000,9021005001067000,2,0,,
9021005001072000,9021005001072000,2,0,,
9021005001078000,9021005001078000,2,0,,
9021005001080000,9021005001080000,2,0,,
9021005001086000,9021005001086000,2,0,,
9021005001087000,9021005001087000,2,0,,
9021005001089000,9021005001089000,2,0,,
9021005001090000,9021005001090000,2,0,,
9021005001091000,9021005001091000,2,0,,
9021005001092000,9021005001092000,2,0,,
9021005001094000,9021005001094000,2,0,,
9021005001096000,9021005001096000,2,0,,
9021005001104000,9021005001104000,2,0,,
9021005001105000,9021005001105000,2,0,,
9021005001109000,9021005001109000,2,0,,
9021005001111000,9021005001111000,2,0,,
9021005001113000,9021005001113000,2,0,,
9021005001114000,9021005001114000,2,0,,
9021005001118000,9021005001118000,2,0,,
9021005001119000,9021005001119000,2,0,,
9021005001120000,9021005001120000,2,0,,
9021005001126000,9021005001126000,2,0,,
9021005001127000,9021005001127000,2,240,,
9021005001132000,9021005001132000,2,0,,
9021005001204000,9021005001204000,2,0,,
9021005001207000,9021005001207000,2,0,,
9021005001208000,9021005001208000,2,0,,
9021005001209000,9021005001209000,2,0,,
9021005001210000,9021005001210000,2,0,,
9021005001211000,9021005001211000,2,0,,
9021005001212000,9021005001212000,2,60,,
9021005001214000,9021005001214000,2,0,,
9021005001217000,9021005001217000,2,0,,
9021005001350000,9021005001350000,2,0,,
9021005001356000,9021005001356000,2,0,,
9021005001357000,9021005001357000,2,0,,
9021005001358000,9021005001358000,2,0,,
9021005001360000,9021005001360000,2,0,,
9021005001362000,9021005001362000,2,0,,
9021005001365000,9021005001365000,2,0,,
9021005001366000,9021005001366000,2,0,,
9021005001368000,9021005001368000,2,0,,
9021005001370000,9021005001370000,2,0,,
9021005001375000,9021005001375000,2,0,,
9021005001378000,9021005001378000,2,0,,
9021005001382000,9021005001382000,2,0,,
9021005001384000,9021005001384000,2,0,,
9021005001385000,9021005001385000,2,0,,
9021005001389000,9021005001389000,2,60,,
9021005001499000,9021005001499000,2,0,,
9021005001501000,9021005001501000,2,0,,
9021005001505000,9021005001505000,2,0,,
9021005001507000,9021005001507000,2,0,,
9021005001510000,9021005001510000,2,0,,
9021005001512000,9021005001512000,2,0,,
9021005001513000,9021005001513000,2,0,,
9021005001515000,9021005001515000,2,0,,
9021005001516000,9021005001516000,2,0,,
9021005001521000,9021005001521000,2,0,,
9021005001526000,9021005001526000,2,0,,
9021005001531000,9021005001531000,2,0,,
9021005001532000,9021005001532000,2,0,,
9021005001539000,9021005001539000,2,0,,
9021005001597000,9021005001597000,2,0,,
9021005001611000,9021005001611000,2,0,,
9021005001615000,9021005001615000,2,0,,
9021005001617000,9021005001617000,2,0,,
9021005001620000,9021005001620000,2,0,,
9021005001621000,9021005001621000,2,0,,
9021005001627000,9021005001627000,2,0,,
9021005001631000,9021005001631000,2,0,,
9021005001632000,9021005001632000,2,0,,
9021005001633000,9021005001633000,2,0,,
9021005001639000,9021005001639000,2,0,,
9021005001640000,9021005001640000,2,0,,
9021005001641000,9021005001641000,2,0,,
9021005001644000,9021005001644000,2,0,,
9021005001645000,9021005001645000,2,0,,
9021005001646000,9021005001646000,2,0,,
9021005001648000,9021005001648000,2,0,,
9021005001649000,9021005001649000,2,0,,
9021005001650000,9021005001650000,2,0,,
9021005001651000,9021005001651000,2,0,,
9021005001652000,9021005001652000,2,0,,
9021005001653000,9021005001653000,2,0,,
9021005001654000,9021005001654000,2,0,,
9021005001655000,9021005001655000,2,0,,
9021005001659000,9021005001659000,2,0,,
9021005001662000,9021005001662000,2,0,,
9021005001663000,9021005001663000,2,0,,
9021005001664000,9021005001664000,2,0,,
9021005001669000,9021005001669000,2,0,,
9021005001672000,9021005001672000,2,0,,
9021005001673000,9021005001673000,2,0,,
9021005001675000,9021005001675000,2,0,,
9021005001680000,9021005001680000,2,0,,
9021005001682000,9021005001682000,2,0,,
9021005001683000,9021005001683000,2,0,,
9021005001684000,9021005001684000,2,0,,
9021005001687000,9021005001687000,2,0,,
9021005001690000,9021005001690000,2,0,,
9021005001692000,9021005001692000,2,0,,
9021005001693000,9021005001693000,2,0,,
9021005001698000,9021005001698000,2,0,,
9021005001699000,9021005001699000,2,0,,
9021005001700000,9021005001700000,2,0,,
9021005001702000,9021005001702000,2,0,,
9021005001703000,9021005001703000,2,0,,
9021005001707000,9021005001707000,2,0,,
9021005001708000,9021005001708000,2,0,,
9021005001709000,9021005001709000,2,0,,
9021005001710000,9021005001710000,2,0,,
9021005001711000,9021005001711000,2,0,,
9021005001714000,9021005001714000,2,0,,
9021005001716000,9021005001716000,2,0,,
9021005001717000,9021005001717000,2,0,,
9021005001721000,9021005001721000,2,0,,
9021005001722000,9021005001722000,2,0,,
9021005001725000,9021005001725000,2,0,,
9021005001726000,9021005001726000,2,0,,
9021005001729000,9021005001729000,2,0,,
9021005001734000,9021005001734000,2,0,,
9021005001735000,9021005001735000,2,0,,
9021005001738000,9021005001738000,2,0,,
9021005001740000,9021005001740000,2,0,,
9021005001745000,9021005001745000,2,0,,
9021005001747000,9021005001747000,2,0,,
9021005001748000,9021005001748000,2,0,,
9021005001750000,9021005001750000,2,0,,
9021005001756000,9021005001756000,2,0,,
9021005001757000,9021005001757000,2,0,,
9021005001761000,9021005001761000,2,0,,
9021005001762000,9021005001762000,2,0,,
9021005001780000,9021005001780000,2,0,,
9021005001783000,9021005001783000,2,0,,
9021005001848000,9021005001848000,2,0,,
9021005001849000,9021005001849000,2,0,,
9021005001850000,9021005001850000,2,0,,
9021005001852000,9021005001852000,2,0,,
9021005001853000,9021005001853000,2,0,,
9021005001956000,9021005001956000,2,0,,
9021005001962000,9021005001962000,2,0,,
9021005001963000,9021005001963000,2,0,,
9021005001965000,9021005001965000,2,0,,
9021005002009000,9021005002009000,2,0,,
9021005002012000,9021005002012000,2,0,,
9021005002178000,9021005002178000,2,0,,
9021005002180000,9021005002180000,2,0,,
9021005002187000,9021005002187000,2,0,,
9021005002194000,9021005002194000,2,0,,
9021005002765000,9021005002765000,2,0,,
9021005002807000,9021005002807000,2,0,,
9021005003247000,9021005003247000,2,0,,
9021005003405000,9021005003405000,2,0,,
9021005003544000,9021005003544000,2,0,,
9021005003576000,9021005003576000,2,0,,
9021005003664000,9021005003664000,2,0,,
9021005003666000,9021005003666000,2,0,,
9021005003668000,9021005003668000,2,0,,
9021005003743000,9021005003743000,2,0,,
9021005003777000,9021005003777000,2,0,,
9021005004060000,9021005004060000,2,0,,
9021005004098000,9021005004098000,2,0,,
9021005004161000,9021005004161000,2,0,,
9021005004162000,9021005004162000,2,0,,
9021005004566000,9021005004566000,2,0,,
9021005004567000,9021005004567000,2,0,,
9021005004568000,9021005004568000,2,0,,
9021005004590000,9021005004590000,2,0,,
9021005004591000,9021005004591000,2,0,,
9021005004596000,9021005004596000,2,0,,
9021005004597000,9021005004597000,2,0,,
9021005005200000,9021005005200000,2,0,,
9021005005201000,9021005005201000,2,0,,
9021005005216000,9021005005216000,2,0,,
9021005005224000,9021005005224000,2,0,,
9021005005227000,9021005005227000,2,0,,
9021005005232000,9021005005232000,2,0,,
9021005000189000,9021005000189000,2,0,,
9021005000190000,9021005000190000,2,0,,
9021005000192000,9021005000192000,2,0,,
9021005000203000,9021005000203000,2,240,,
9021005000240000,9021005000240000,2,0,,
9021005000295000,9021005000295000,2,0,,
9021005000327000,9021005000327000,2,0,,
9021005000347000,9021005000347000,2,0,,
9021005000349000,9021005000349000,2,0,,
9021005000354000,9021005000354000,2,60,,
9021005000355000,9021005000355000,2,0,,
9021005000362000,9021005000362000,2,0,,
9021005000364000,9021005000364000,2,0,,
9021005000370000,9021005000370000,2,0,,
9021005002053000,9021005002053000,2,0,,
9021005002241000,9021005002241000,2,0,,
9021005002243000,9021005002243000,2,180,,
9021005002245000,9021005002245000,2,0,,
9021005002247000,9021005002247000,2,0,,
9021005002258000,9021005002258000,2,0,,
9021005002261000,9021005002261000,2,0,,
9021005002263000,9021005002263000,2,0,,
9021005002264000,9021005002264000,2,0,,
9021005002273000,9021005002273000,2,0,,
9021005002280000,9021005002280000,2,0,,
9021005002285000,9021005002285000,2,0,,
9021005002286000,9021005002286000,2,0,,
9021005002287000,9021005002287000,2,0,,
9021005002290000,9021005002290000,2,0,,
9021005002293000,9021005002293000,2,0,,
9021005002294000,9021005002294000,2,0,,
9021005002295000,9021005002295000,2,0,,
9021005002298000,9021005002298000,2,0,,
9021005002304000,9021005002304000,2,0,,
9021005002308000,9021005002308000,2,0,,
9021005002310000,9021005002310000,2,0,,
9021005002316000,9021005002316000,2,0,,
9021005002322000,9021005002322000,2,0,,
9021005002323000,9021005002323000,2,0,,
9021005002325000,9021005002325000,2,0,,
9021005002330000,9021005002330000,2,0,,
9021005002333000,9021005002333000,2,0,,
9021005002334000,9021005002334000,2,0,,
9021005002337000,9021005002337000,2,0,,
9021005002339000,9021005002339000,2,0,,
9021005002380000,9021005002380000,2,0,,
9021005002382000,9021005002382000,2,0,,
9021005002385000,9021005002385000,2,0,,
9021005002386000,9021005002386000,2,0,,
9021005002388000,9021005002388000,2,0,,
9021005002395000,9021005002395000,2,0,,
9021005002396000,9021005002396000,2,0,,
9021005002778000,9021005002778000,2,0,,
9021005002781000,9021005002781000,2,0,,
9021005002783000,9021005002783000,2,0,,
9021005002792000,9021005002792000,2,0,,
9021005002794000,9021005002794000,2,0,,
9021005002796000,9021005002796000,2,240,,
9021005002797000,9021005002797000,2,0,,
9021005002800000,9021005002800000,2,0,,
9021005003066000,9021005003066000,2,0,,
9021005003086000,9021005003086000,2,0,,
9021005003088000,9021005003088000,2,0,,
9021005003090000,9021005003090000,2,0,,
9021005003091000,9021005003091000,2,0,,
9021005003092000,9021005003092000,2,0,,
9021005003093000,9021005003093000,2,0,,
9021005003095000,9021005003095000,2,0,,
9021005003098000,9021005003098000,2,0,,
9021005003101000,9021005003101000,2,0,,
9021005003102000,9021005003102000,2,0,,
9021005003103000,9021005003103000,2,0,,
9021005003113000,9021005003113000,2,0,,
9021005003114000,9021005003114000,2,0,,
9021005003116000,9021005003116000,2,0,,
9021005003117000,9021005003117000,2,0,,
9021005003119000,9021005003119000,2,0,,
9021005003120000,9021005003120000,2,0,,
9021005003121000,9021005003121000,2,0,,
9021005003122000,9021005003122000,2,0,,
9021005003126000,9021005003126000,2,0,,
9021005003129000,9021005003129000,2,0,,
9021005003130000,9021005003130000,2,0,,
9021005003131000,9021005003131000,2,0,,
9021005003136000,9021005003136000,2,0,,
9021005003139000,9021005003139000,2,0,,
9021005003146000,9021005003146000,2,0,,
9021005003147000,9021005003147000,2,0,,
9021005003149000,9021005003149000,2,0,,
9021005003152000,9021005003152000,2,0,,
9021005003156000,9021005003156000,2,0,,
9021005003160000,9021005003160000,2,0,,
9021005003161000,9021005003161000,2,0,,
9021005003163000,9021005003163000,2,0,,
9021005003164000,9021005003164000,2,0,,
9021005003171000,9021005003171000,2,0,,
9021005003172000,9021005003172000,2,0,,
9021005003173000,9021005003173000,2,0,,
9021005003175000,9021005003175000,2,0,,
9021005003178000,9021005003178000,2,0,,
9021005003180000,9021005003180000,2,0,,
9021005003182000,9021005003182000,2,0,,
9021005003184000,9021005003184000,2,0,,
9021005003186000,9021005003186000,2,0,,
9021005003187000,9021005003187000,2,0,,
9021005003188000,9021005003188000,2,0,,
9021005003192000,9021005003192000,2,0,,
9021005003195000,9021005003195000,2,0,,
9021005003197000,9021005003197000,2,0,,
9021005003198000,9021005003198000,2,0,,
9021005003200000,9021005003200000,2,0,,
9021005003310000,9021005003310000,2,0,,
9021005003394000,9021005003394000,2,0,,
9021005003397000,9021005003397000,2,60,,
9021005003472000,9021005003472000,2,0,,
9021005003598000,9021005003598000,2,0,,
9021005003715000,9021005003715000,2,0,,
9021005003716000,9021005003716000,2,0,,
9021005003717000,9021005003717000,2,0,,
9021005003719000,9021005003719000,2,0,,
9021005003737000,9021005003737000,2,0,,
9021005003739000,9021005003739000,2,0,,
9021005003925000,9021005003925000,2,0,,
9021005004079000,9021005004079000,2,0,,
9021005004097000,9021005004097000,2,0,,
9021005004127000,9021005004127000,2,0,,
9021005004210000,9021005004210000,2,60,,
9021005004560000,9021005004560000,2,0,,
9021005004599000,9021005004599000,2,0,,
9021005004620000,9021005004620000,2,0,,
9021005004625000,9021005004625000,2,0,,
9021005004626000,9021005004626000,2,0,,
9021005004627000,9021005004627000,2,0,,
9021005002081000,9021005002081000,2,0,,
9021005006060000,9021005006060000,2,0,,
9021005006092000,9021005006092000,2,0,,
9021005006094000,9021005006094000,2,0,,
9021005006103000,9021005006103000,2,0,,
9021005006111000,9021005006111000,2,0,,
9021005006112000,9021005006112000,2,0,,
9021005006120000,9021005006120000,2,0,,
9021005006122000,9021005006122000,2,0,,
9021005000161000,9021005000161000,2,0,,
9021005004600000,9021005004600000,2,0,,
9021005004615000,9021005004615000,2,0,,
9021005000088000,9021005000088000,2,0,,
9021005000273000,9021005000273000,2,300,,
9021005000321000,9021005000321000,2,180,,
9021005000416000,9021005000416000,2,0,,
9021005002639000,9021005002639000,2,0,,
9021005000478000,9021005000478000,2,120,,
9021005001045000,9021005001045000,2,0,,
9021005001380000,9021005001380000,2,0,,
9021005006113000,9021005006113000,2,0,,
9021005006114000,9021005006114000,2,0,,
9021005006116000,9021005006116000,2,0,,
9021005006117000,9021005006117000,2,0,,
9021005006129000,9021005006129000,2,0,,
9021005000261000,9021005000261000,2,0,,
9021005000251000,9021005000251000,2,0,,
9021005000252000,9021005000252000,2,0,,
9021005000257000,9021005000257000,2,0,,
9021005000259000,9021005000259000,2,0,,
9021005002535000,9021005002535000,2,0,,
9021005002537000,9021005002537000,2,60,,
9021005002539000,9021005002539000,2,0,,
9021005002540000,9021005002540000,2,0,,
9021005002541000,9021005002541000,2,0,,
9021005002546000,9021005002546000,2,0,,
9021005002549000,9021005002549000,2,0,,
9021005002550000,9021005002550000,2,0,,
9021005002554000,9021005002554000,2,0,,
9021005002560000,9021005002560000,2,0,,
9021005002564000,9021005002564000,2,0,,
9021005002567000,9021005002567000,2,0,,
9021005002569000,9021005002569000,2,0,,
9021005002570000,9021005002570000,2,0,,
9021005002571000,9021005002571000,2,0,,
9021005002574000,9021005002574000,2,0,,
9021005002575000,9021005002575000,2,0,,
9021005002579000,9021005002579000,2,0,,
9021005002582000,9021005002582000,2,0,,
9021005002594000,9021005002594000,2,0,,
9021005002607000,9021005002607000,2,0,,
9021005003396000,9021005003396000,2,0,,
9021005003443000,9021005003443000,2,0,,
9021005003601000,9021005003601000,2,0,,
9021005003604000,9021005003604000,2,0,,
9021005003611000,9021005003611000,2,0,,
9021005003614000,9021005003614000,2,0,,
9021005003637000,9021005003637000,2,0,,
9021005003656000,9021005003656000,2,0,,
9021005000045000,9021005000045000,2,0,,
9021005000049000,9021005000049000,2,180,,
9021005000052000,9021005000052000,2,0,,
9021005000062000,9021005000062000,2,180,,
9021005000066000,9021005000066000,2,0,,
9021005000095000,9021005000095000,2,0,,
9021005000155000,9021005000155000,2,0,,
9021005000197000,9021005000197000,2,0,,
9021005000212000,9021005000212000,2,0,,
9021005000213000,9021005000213000,2,0,,
9021005000214000,9021005000214000,2,180,,
9021005000223000,9021005000223000,2,180,,
9021005000250000,9021005000250000,2,120,,
9021005000267000,9021005000267000,2,60,,
9021005000268000,9021005000268000,2,180,,
9021005000278000,9021005000278000,2,120,,
9021005000279000,9021005000279000,2,0,,
9021005000281000,9021005000281000,2,0,,
9021005000283000,9021005000283000,2,0,,
9021005000285000,9021005000285000,2,0,,
9021005000287000,9021005000287000,2,0,,
9021005000288000,9021005000288000,2,0,,
9021005000289000,9021005000289000,2,0,,
9021005000291000,9021005000291000,2,0,,
9021005000300000,9021005000300000,2,120,,
9021005000302000,9021005000302000,2,0,,
9021005000304000,9021005000304000,2,0,,
9021005000313000,9021005000313000,2,0,,
9021005000317000,9021005000317000,2,0,,
9021005000330000,9021005000330000,2,0,,
9021005000405000,9021005000405000,2,0,,
9021005000429000,9021005000429000,2,180,,
9021005000430000,9021005000430000,2,180,,
9021005000437000,9021005000437000,2,0,,
9021005000452000,9021005000452000,2,180,,
9021005000474000,9021005000474000,2,0,,
9021005000507000,9021005000507000,2,300,,
9021005000508000,9021005000508000,2,0,,
9021005001218000,9021005001218000,2,0,,
9021005001219000,9021005001219000,2,0,,
9021005001223000,9021005001223000,2,60,,
9021005001230000,9021005001230000,2,0,,
9021005001231000,9021005001231000,2,0,,
9021005001233000,9021005001233000,2,180,,
9021005001234000,9021005001234000,2,0,,
9021005001238000,9021005001238000,2,180,,
9021005001242000,9021005001242000,2,0,,
9021005001245000,9021005001245000,2,0,,
9021005001248000,9021005001248000,2,180,,
9021005001252000,9021005001252000,2,0,,
9021005001254000,9021005001254000,2,180,,
9021005001261000,9021005001261000,2,180,,
9021005001263000,9021005001263000,2,0,,
9021005001264000,9021005001264000,2,180,,
9021005001269000,9021005001269000,2,180,,
9021005001271000,9021005001271000,2,0,,
9021005001273000,9021005001273000,2,180,,
9021005001277000,9021005001277000,2,180,,
9021005001301000,9021005001301000,2,180,,
9021005001316000,9021005001316000,2,180,,
9021005001319000,9021005001319000,2,0,,
9021005001323000,9021005001323000,2,180,,
9021005001326000,9021005001326000,2,180,,
9021005001335000,9021005001335000,2,0,,
9021005001336000,9021005001336000,2,0,,
9021005001342000,9021005001342000,2,180,,
9021005001388000,9021005001388000,2,0,,
9021005001391000,9021005001391000,2,0,,
9021005001392000,9021005001392000,2,0,,
9021005001393000,9021005001393000,2,0,,
9021005001398000,9021005001398000,2,180,,
9021005001400000,9021005001400000,2,180,,
9021005001402000,9021005001402000,2,180,,
9021005001419000,9021005001419000,2,0,,
9021005001422000,9021005001422000,2,0,,
9021005001430000,9021005001430000,2,180,,
9021005001431000,9021005001431000,2,180,,
9021005001435000,9021005001435000,2,0,,
9021005001439000,9021005001439000,2,0,,
9021005001444000,9021005001444000,2,0,,
9021005001445000,9021005001445000,2,0,,
9021005001448000,9021005001448000,2,0,,
9021005001453000,9021005001453000,2,0,,
9021005001461000,9021005001461000,2,0,,
9021005001479000,9021005001479000,2,0,,
9021005001484000,9021005001484000,2,0,,
9021005001486000,9021005001486000,2,0,,
9021005001487000,9021005001487000,2,0,,
9021005001492000,9021005001492000,2,0,,
9021005001552000,9021005001552000,2,0,,
9021005001604000,9021005001604000,2,0,,
9021005001609000,9021005001609000,2,0,,
9021005002019000,9021005002019000,2,0,,
9021005002024000,9021005002024000,2,0,,
9021005002030000,9021005002030000,2,0,,
9021005002106000,9021005002106000,2,0,,
9021005002634000,9021005002634000,2,0,,
9021005002635000,9021005002635000,2,0,,
9021005002636000,9021005002636000,2,0,,
9021005002640000,9021005002640000,2,0,,
9021005002643000,9021005002643000,2,0,,
9021005002648000,9021005002648000,2,0,,
9021005002652000,9021005002652000,2,0,,
9021005002653000,9021005002653000,2,0,,
9021005002654000,9021005002654000,2,0,,
9021005002656000,9021005002656000,2,0,,
9021005002657000,9021005002657000,2,0,,
9021005002658000,9021005002658000,2,0,,
9021005002660000,9021005002660000,2,0,,
9021005002663000,9021005002663000,2,0,,
9021005002673000,9021005002673000,2,0,,
9021005002677000,9021005002677000,2,0,,
9021005002679000,9021005002679000,2,60,,
9021005002680000,9021005002680000,2,0,,
9021005002681000,9021005002681000,2,0,,
9021005002690000,9021005002690000,2,0,,
9021005002693000,9021005002693000,2,0,,
9021005002700000,9021005002700000,2,0,,
9021005002702000,9021005002702000,2,0,,
9021005002703000,9021005002703000,2,0,,
9021005002704000,9021005002704000,2,0,,
9021005002706000,9021005002706000,2,0,,
9021005002707000,9021005002707000,2,0,,
9021005002714000,9021005002714000,2,0,,
9021005002723000,9021005002723000,2,0,,
9021005002724000,9021005002724000,2,0,,
9021005002736000,9021005002736000,2,0,,
9021005002739000,9021005002739000,2,0,,
9021005002740000,9021005002740000,2,0,,
9021005002742000,9021005002742000,2,0,,
9021005002743000,9021005002743000,2,0,,
9021005002744000,9021005002744000,2,0,,
9021005002753000,9021005002753000,2,0,,
9021005002758000,9021005002758000,2,0,,
9021005002803000,9021005002803000,2,0,,
9021005002819000,9021005002819000,2,0,,
9021005002820000,9021005002820000,2,0,,
9021005002822000,9021005002822000,2,0,,
9021005002825000,9021005002825000,2,0,,
9021005002827000,9021005002827000,2,0,,
9021005002829000,9021005002829000,2,0,,
9021005002842000,9021005002842000,2,0,,
9021005002843000,9021005002843000,2,0,,
9021005002847000,9021005002847000,2,0,,
9021005002851000,9021005002851000,2,0,,
9021005002852000,9021005002852000,2,0,,
9021005002860000,9021005002860000,2,0,,
9021005002861000,9021005002861000,2,0,,
9021005002862000,9021005002862000,2,0,,
9021005002865000,9021005002865000,2,0,,
9021005002867000,9021005002867000,2,0,,
9021005002874000,9021005002874000,2,0,,
9021005002875000,9021005002875000,2,0,,
9021005002888000,9021005002888000,2,0,,
9021005002889000,9021005002889000,2,0,,
9021005002892000,9021005002892000,2,0,,
9021005002893000,9021005002893000,2,0,,
9021005002896000,9021005002896000,2,0,,
9021005002897000,9021005002897000,2,0,,
9021005002900000,9021005002900000,2,0,,
9021005002901000,9021005002901000,2,0,,
9021005002906000,9021005002906000,2,0,,
9021005002907000,9021005002907000,2,0,,
9021005002912000,9021005002912000,2,0,,
9021005002917000,9021005002917000,2,0,,
9021005002920000,9021005002920000,2,0,,
9021005002924000,9021005002924000,2,0,,
9021005002929000,9021005002929000,2,0,,
9021005002931000,9021005002931000,2,0,,
9021005002932000,9021005002932000,2,0,,
9021005002933000,9021005002933000,2,0,,
9021005002934000,9021005002934000,2,0,,
9021005002938000,9021005002938000,2,0,,
9021005002942000,9021005002942000,2,0,,
9021005002943000,9021005002943000,2,0,,
9021005002952000,9021005002952000,2,0,,
9021005002956000,9021005002956000,2,0,,
9021005002957000,9021005002957000,2,0,,
9021005002958000,9021005002958000,2,0,,
9021005002959000,9021005002959000,2,0,,
9021005002960000,9021005002960000,2,0,,
9021005002961000,9021005002961000,2,0,,
9021005002971000,9021005002971000,2,180,,
9021005002974000,9021005002974000,2,0,,
9021005002975000,9021005002975000,2,0,,
9021005002978000,9021005002978000,2,0,,
9021005002980000,9021005002980000,2,0,,
9021005002984000,9021005002984000,2,0,,
9021005003067000,9021005003067000,2,0,,
9021005003076000,9021005003076000,2,0,,
9021005003366000,9021005003366000,2,0,,
9021005003371000,9021005003371000,2,0,,
9021005003404000,9021005003404000,2,0,,
9021005003431000,9021005003431000,2,0,,
9021005003450000,9021005003450000,2,0,,
9021005003485000,9021005003485000,2,0,,
9021005003488000,9021005003488000,2,0,,
9021005003489000,9021005003489000,2,0,,
9021005003490000,9021005003490000,2,0,,
9021005003497000,9021005003497000,2,0,,
9021005003559000,9021005003559000,2,180,,
9021005003580000,9021005003580000,2,0,,
9021005003584000,9021005003584000,2,0,,
9021005003589000,9021005003589000,2,0,,
9021005003839000,9021005003839000,2,0,,
9021005003840000,9021005003840000,2,0,,
9021005003843000,9021005003843000,2,0,,
9021005003844000,9021005003844000,2,0,,
9021005003847000,9021005003847000,2,180,,
9021005003848000,9021005003848000,2,0,,
9021005003851000,9021005003851000,2,0,,
9021005003908000,9021005003908000,2,180,,
9021005004043000,9021005004043000,2,0,,
9021005004044000,9021005004044000,2,0,,
9021005004057000,9021005004057000,2,0,,
9021005004059000,9021005004059000,2,0,,
9021005004076000,9021005004076000,2,180,,
9021005004077000,9021005004077000,2,240,,
9021005004083000,9021005004083000,2,0,,
9021005004132000,9021005004132000,2,0,,
9021005004139000,9021005004139000,2,0,,
9021005004159000,9021005004159000,2,0,,
9021005004186000,9021005004186000,2,0,,
9021005004231000,9021005004231000,2,0,,
9021005004541000,9021005004541000,2,0,,
9021005000183000,9021005000183000,2,180,,
9021005000184000,9021005000184000,2,0,,
9021005000185000,9021005000185000,2,0,,
9021005000187000,9021005000187000,2,0,,
9021005000188000,9021005000188000,2,0,,
9021005000191000,9021005000191000,2,0,,
9021005000293000,9021005000293000,2,300,,
9021005000346000,9021005000346000,2,0,,
9021005000353000,9021005000353000,2,0,,
9021005000358000,9021005000358000,2,0,,
9021005000359000,9021005000359000,2,0,,
9021005000360000,9021005000360000,2,180,,
9021005000361000,9021005000361000,2,300,,
9021005000363000,9021005000363000,2,0,,
9021005000365000,9021005000365000,2,0,,
9021005000366000,9021005000366000,2,0,,
9021005000368000,9021005000368000,2,0,,
9021005000371000,9021005000371000,2,0,,
9021005001304000,9021005001304000,2,0,,
9021005002246000,9021005002246000,2,0,,
9021005002248000,9021005002248000,2,0,,
9021005002250000,9021005002250000,2,0,,
9021005002252000,9021005002252000,2,0,,
9021005002254000,9021005002254000,2,0,,
9021005002255000,9021005002255000,2,0,,
9021005002256000,9021005002256000,2,0,,
9021005002257000,9021005002257000,2,0,,
9021005002259000,9021005002259000,2,0,,
9021005002260000,9021005002260000,2,0,,
9021005002270000,9021005002270000,2,0,,
9021005002275000,9021005002275000,2,0,,
9021005002281000,9021005002281000,2,0,,
9021005002282000,9021005002282000,2,0,,
9021005002283000,9021005002283000,2,0,,
9021005002284000,9021005002284000,2,0,,
9021005002292000,9021005002292000,2,0,,
9021005002297000,9021005002297000,2,0,,
9021005002300000,9021005002300000,2,0,,
9021005002302000,9021005002302000,2,0,,
9021005002303000,9021005002303000,2,0,,
9021005002306000,9021005002306000,2,0,,
9021005002307000,9021005002307000,2,0,,
9021005002313000,9021005002313000,2,0,,
9021005002314000,9021005002314000,2,0,,
9021005002317000,9021005002317000,2,0,,
9021005002320000,9021005002320000,2,0,,
9021005002321000,9021005002321000,2,0,,
9021005002324000,9021005002324000,2,0,,
9021005002329000,9021005002329000,2,0,,
9021005002331000,9021005002331000,2,0,,
9021005002332000,9021005002332000,2,0,,
9021005002335000,9021005002335000,2,0,,
9021005002338000,9021005002338000,2,0,,
9021005002341000,9021005002341000,2,0,,
9021005002376000,9021005002376000,2,0,,
9021005002378000,9021005002378000,2,0,,
9021005002379000,9021005002379000,2,0,,
9021005002381000,9021005002381000,2,0,,
9021005002383000,9021005002383000,2,0,,
9021005002384000,9021005002384000,2,0,,
9021005002393000,9021005002393000,2,0,,
9021005002533000,9021005002533000,2,0,,
9021005002534000,9021005002534000,2,0,,
9021005002746000,9021005002746000,2,0,,
9021005002786000,9021005002786000,2,0,,
9021005002787000,9021005002787000,2,0,,
9021005002789000,9021005002789000,2,0,,
9021005002790000,9021005002790000,2,0,,
9021005002791000,9021005002791000,2,0,,
9021005002795000,9021005002795000,2,0,,
9021005002798000,9021005002798000,2,0,,
9021005002799000,9021005002799000,2,0,,
9021005002801000,9021005002801000,2,0,,
9021005003089000,9021005003089000,2,0,,
9021005003094000,9021005003094000,2,0,,
9021005003105000,9021005003105000,2,0,,
9021005003111000,9021005003111000,2,0,,
9021005003112000,9021005003112000,2,0,,
9021005003115000,9021005003115000,2,0,,
9021005003123000,9021005003123000,2,0,,
9021005003124000,9021005003124000,2,0,,
9021005003132000,9021005003132000,2,0,,
9021005003133000,9021005003133000,2,0,,
9021005003141000,9021005003141000,2,0,,
9021005003145000,9021005003145000,2,0,,
9021005003148000,9021005003148000,2,0,,
9021005003151000,9021005003151000,2,0,,
9021005003153000,9021005003153000,2,0,,
9021005003154000,9021005003154000,2,0,,
9021005003155000,9021005003155000,2,0,,
9021005003158000,9021005003158000,2,0,,
9021005003159000,9021005003159000,2,120,,
9021005003162000,9021005003162000,2,0,,
9021005003165000,9021005003165000,2,0,,
9021005003166000,9021005003166000,2,0,,
9021005003167000,9021005003167000,2,0,,
9021005003168000,9021005003168000,2,0,,
9021005003170000,9021005003170000,2,0,,
9021005003179000,9021005003179000,2,0,,
9021005003181000,9021005003181000,2,0,,
9021005003183000,9021005003183000,2,0,,
9021005003185000,9021005003185000,2,0,,
9021005003189000,9021005003189000,2,0,,
9021005003191000,9021005003191000,2,0,,
9021005003193000,9021005003193000,2,0,,
9021005003196000,9021005003196000,2,0,,
9021005003201000,9021005003201000,2,0,,
9021005003312000,9021005003312000,2,0,,
9021005003727000,9021005003727000,2,0,,
9021005003738000,9021005003738000,2,0,,
9021005003801000,9021005003801000,2,0,,
9021005003867000,9021005003867000,2,0,,
9021005003923000,9021005003923000,2,0,,
9021005004128000,9021005004128000,2,0,,
9021005004252000,9021005004252000,2,0,,
9021005004558000,9021005004558000,2,0,,
9021005004561000,9021005004561000,2,0,,
9021005005002000,9021005005002000,2,0,,
9021005005005000,9021005005005000,2,0,,
9021005000001000,9021005000001000,2,240,,
9021005000005000,9021005000005000,2,0,,
9021005000007000,9021005000007000,2,0,,
9021005000022000,9021005000022000,2,0,,
9021005000025000,9021005000025000,2,0,,
9021005000028000,9021005000028000,2,0,,
9021005000032000,9021005000032000,2,0,,
9021005000055000,9021005000055000,2,180,,
9021005000073000,9021005000073000,2,0,,
9021005000078000,9021005000078000,2,0,,
9021005000084000,9021005000084000,2,0,,
9021005000098000,9021005000098000,2,0,,
9021005000099000,9021005000099000,2,0,,
9021005000109000,9021005000109000,2,0,,
9021005000115000,9021005000115000,2,0,,
9021005000116000,9021005000116000,2,0,,
9021005000488000,9021005000488000,2,0,,
9021005000501000,9021005000501000,2,0,,
9021005000993000,9021005000993000,2,300,,
9021005001003000,9021005001003000,2,300,,
9021005001012000,9021005001012000,2,0,,
9021005001020000,9021005001020000,2,0,,
9021005001022000,9021005001022000,2,0,,
9021005001023000,9021005001023000,2,0,,
9021005001025000,9021005001025000,2,0,,
9021005001027000,9021005001027000,2,0,,
9021005001029000,9021005001029000,2,0,,
9021005001031000,9021005001031000,2,0,,
9021005001037000,9021005001037000,2,0,,
9021005001038000,9021005001038000,2,0,,
9021005001039000,9021005001039000,2,0,,
9021005001041000,9021005001041000,2,0,,
9021005001043000,9021005001043000,2,0,,
9021005001044000,9021005001044000,2,0,,
9021005001047000,9021005001047000,2,0,,
9021005001049000,9021005001049000,2,0,,
9021005001052000,9021005001052000,2,0,,
9021005001054000,9021005001054000,2,0,,
9021005001056000,9021005001056000,2,0,,
9021005001060000,9021005001060000,2,0,,
9021005001061000,9021005001061000,2,0,,
9021005001062000,9021005001062000,2,0,,
9021005001068000,9021005001068000,2,0,,
9021005001069000,9021005001069000,2,0,,
9021005001073000,9021005001073000,2,0,,
9021005001079000,9021005001079000,2,0,,
9021005001081000,9021005001081000,2,0,,
9021005001084000,9021005001084000,2,0,,
9021005001085000,9021005001085000,2,0,,
9021005001088000,9021005001088000,2,0,,
9021005001093000,9021005001093000,2,0,,
9021005001099000,9021005001099000,2,0,,
9021005001121000,9021005001121000,2,0,,
9021005001123000,9021005001123000,2,0,,
9021005001124000,9021005001124000,2,0,,
9021005001129000,9021005001129000,2,0,,
9021005001133000,9021005001133000,2,0,,
9021005001134000,9021005001134000,2,0,,
9021005001138000,9021005001138000,2,0,,
9021005001154000,9021005001154000,2,0,,
9021005001155000,9021005001155000,2,0,,
9021005001206000,9021005001206000,2,0,,
9021005001213000,9021005001213000,2,0,,
9021005001215000,9021005001215000,2,0,,
9021005001351000,9021005001351000,2,0,,
9021005001359000,9021005001359000,2,0,,
9021005001361000,9021005001361000,2,0,,
9021005001364000,9021005001364000,2,0,,
9021005001367000,9021005001367000,2,0,,
9021005001369000,9021005001369000,2,0,,
9021005001373000,9021005001373000,2,0,,
9021005001374000,9021005001374000,2,0,,
9021005001377000,9021005001377000,2,0,,
9021005001383000,9021005001383000,2,0,,
9021005001386000,9021005001386000,2,0,,
9021005001390000,9021005001390000,2,0,,
9021005001506000,9021005001506000,2,0,,
9021005001514000,9021005001514000,2,0,,
9021005001519000,9021005001519000,2,0,,
9021005001520000,9021005001520000,2,0,,
9021005001522000,9021005001522000,2,0,,
9021005001523000,9021005001523000,2,0,,
9021005001525000,9021005001525000,2,0,,
9021005001527000,9021005001527000,2,0,,
9021005001528000,9021005001528000,2,0,,
9021005001530000,9021005001530000,2,0,,
9021005001533000,9021005001533000,2,0,,
9021005001540000,9021005001540000,2,0,,
9021005001575000,9021005001575000,2,0,,
9021005001614000,9021005001614000,2,0,,
9021005001618000,9021005001618000,2,0,,
9021005001619000,9021005001619000,2,0,,
9021005001624000,9021005001624000,2,0,,
9021005001635000,9021005001635000,2,0,,
9021005001637000,9021005001637000,2,0,,
9021005001638000,9021005001638000,2,0,,
9021005001643000,9021005001643000,2,0,,
9021005001656000,9021005001656000,2,0,,
9021005001657000,9021005001657000,2,0,,
9021005001658000,9021005001658000,2,0,,
9021005001660000,9021005001660000,2,0,,
9021005001665000,9021005001665000,2,0,,
9021005001666000,9021005001666000,2,0,,
9021005001667000,9021005001667000,2,0,,
9021005001674000,9021005001674000,2,0,,
9021005001676000,9021005001676000,2,0,,
9021005001677000,9021005001677000,2,0,,
9021005001678000,9021005001678000,2,0,,
9021005001679000,9021005001679000,2,0,,
9021005001686000,9021005001686000,2,0,,
9021005001688000,9021005001688000,2,0,,
9021005001689000,9021005001689000,2,0,,
9021005001697000,9021005001697000,2,0,,
9021005001701000,9021005001701000,2,0,,
9021005001704000,9021005001704000,2,0,,
9021005001706000,9021005001706000,2,0,,
9021005001712000,9021005001712000,2,0,,
9021005001713000,9021005001713000,2,0,,
9021005001715000,9021005001715000,2,0,,
9021005001718000,9021005001718000,2,0,,
9021005001719000,9021005001719000,2,0,,
9021005001720000,9021005001720000,2,0,,
9021005001724000,9021005001724000,2,0,,
9021005001727000,9021005001727000,2,0,,
9021005001732000,9021005001732000,2,0,,
9021005001733000,9021005001733000,2,0,,
9021005001736000,9021005001736000,2,0,,
9021005001737000,9021005001737000,2,0,,
9021005001739000,9021005001739000,2,0,,
9021005001743000,9021005001743000,2,0,,
9021005001744000,9021005001744000,2,0,,
9021005001749000,9021005001749000,2,0,,
9021005001753000,9021005001753000,2,0,,
9021005001754000,9021005001754000,2,0,,
9021005001755000,9021005001755000,2,0,,
9021005001759000,9021005001759000,2,0,,
9021005001760000,9021005001760000,2,0,,
9021005001763000,9021005001763000,2,0,,
9021005001782000,9021005001782000,2,0,,
9021005001784000,9021005001784000,2,0,,
9021005001851000,9021005001851000,2,0,,
9021005001854000,9021005001854000,2,0,,
9021005001958000,9021005001958000,2,0,,
9021005001960000,9021005001960000,2,0,,
9021005001964000,9021005001964000,2,0,,
9021005002008000,9021005002008000,2,0,,
9021005002179000,9021005002179000,2,0,,
9021005002183000,9021005002183000,2,0,,
9021005002186000,9021005002186000,2,0,,
9021005002189000,9021005002189000,2,0,,
9021005002191000,9021005002191000,2,0,,
9021005002192000,9021005002192000,2,0,,
9021005002193000,9021005002193000,2,0,,
9021005002766000,9021005002766000,2,0,,
9021005002767000,9021005002767000,2,0,,
9021005003508000,9021005003508000,2,0,,
9021005003578000,9021005003578000,2,0,,
9021005003665000,9021005003665000,2,0,,
9021005003667000,9021005003667000,2,0,,
9021005003693000,9021005003693000,2,0,,
9021005004029000,9021005004029000,2,0,,
9021005004095000,9021005004095000,2,0,,
9021005004109000,9021005004109000,2,0,,
9021005004117000,9021005004117000,2,0,,
9021005004122000,9021005004122000,2,0,,
9021005004151000,9021005004151000,2,0,,
9021005004222000,9021005004222000,2,0,,
9021005004223000,9021005004223000,2,0,,
9021005004224000,9021005004224000,2,0,,
9021005004228000,9021005004228000,2,0,,
9021005004425000,9021005004425000,2,0,,
9021005004426000,9021005004426000,2,0,,
9021005004427000,9021005004427000,2,0,,
9021005004595000,9021005004595000,2,0,,
9021005005205000,9021005005205000,2,0,,
9021005005206000,9021005005206000,2,0,,
9021005005208000,9021005005208000,2,0,,
9021005005214000,9021005005214000,2,0,,
9021005005217000,9021005005217000,2,0,,
9021005005221000,9021005005221000,2,0,,
9021005005223000,9021005005223000,2,0,,
9021005005229000,9021005005229000,2,0,,
9021005081005000,9021005081005000,2,0,,
9021005004166000,9021005004166000,2,0,,
9021005004172000,9021005004172000,2,0,,
9021005000243000,9021005000243000,2,0,,
9021005000244000,9021005000244000,2,0,,
9021005000245000,9021005000245000,2,0,,
9021005000247000,9021005000247000,2,0,,
9021005000348000,9021005000348000,2,300,,
9021005000369000,9021005000369000,2,60,,
9021005002356000,9021005002356000,2,0,,
9021005002358000,9021005002358000,2,0,,
9021005002456000,9021005002456000,2,0,,
9021005002465000,9021005002465000,2,0,,
9021005002467000,9021005002467000,2,0,,
9021005002470000,9021005002470000,2,0,,
9021005002472000,9021005002472000,2,0,,
9021005002481000,9021005002481000,2,0,,
9021005002483000,9021005002483000,2,0,,
9021005002496000,9021005002496000,2,0,,
9021005002498000,9021005002498000,2,0,,
9021005002504000,9021005002504000,2,0,,
9021005002506000,9021005002506000,2,0,,
9021005002507000,9021005002507000,2,0,,
9021005002508000,9021005002508000,2,0,,
9021005002513000,9021005002513000,2,0,,
9021005003669000,9021005003669000,2,0,,
9021005003976000,9021005003976000,2,0,,
9021005004093000,9021005004093000,2,0,,
9021005004601000,9021005004601000,2,0,,
9021005004603000,9021005004603000,2,0,,
9021005004604000,9021005004604000,2,0,,
9021005004614000,9021005004614000,2,0,,
9021005000331000,9021005000331000,2,60,,
9021005000333000,9021005000333000,2,180,,
9021005000373000,9021005000373000,2,300,,
9021005000394000,9021005000394000,2,0,,
9021005001815000,9021005001815000,2,0,,
9021005001818000,9021005001818000,2,0,,
9021005001819000,9021005001819000,2,0,,
9021005001845000,9021005001845000,2,0,,
9021005001846000,9021005001846000,2,0,,
9021005002195000,9021005002195000,2,0,,
9021005002197000,9021005002197000,2,0,,
9021005002200000,9021005002200000,2,0,,
9021005002205000,9021005002205000,2,0,,
9021005002229000,9021005002229000,2,0,,
9021005002993000,9021005002993000,2,0,,
9021005002999000,9021005002999000,2,0,,
9021005003221000,9021005003221000,2,0,,
9021005003231000,9021005003231000,2,0,,
9021005003233000,9021005003233000,2,0,,
9021005003235000,9021005003235000,2,0,,
9021005003238000,9021005003238000,2,0,,
9021005003239000,9021005003239000,2,0,,
9021005003240000,9021005003240000,2,0,,
9021005003321000,9021005003321000,2,0,,
9021005003322000,9021005003322000,2,0,,
9021005003323000,9021005003323000,2,0,,
9021005003324000,9021005003324000,2,0,,
9021005003341000,9021005003341000,2,0,,
9021005003342000,9021005003342000,2,0,,
9021005003343000,9021005003343000,2,0,,
9021005003346000,9021005003346000,2,0,,
9021005003349000,9021005003349000,2,0,,
9021005003350000,9021005003350000,2,0,,
9021005003352000,9021005003352000,2,0,,
9021005003353000,9021005003353000,2,0,,
9021005003357000,9021005003357000,2,0,,
9021005003359000,9021005003359000,2,0,,
9021005003360000,9021005003360000,2,0,,
9021005003361000,9021005003361000,2,0,,
9021005003362000,9021005003362000,2,0,,
9021005004137000,9021005004137000,2,300,,
9021005004514000,9021005004514000,2,0,,
9021005004516000,9021005004516000,2,0,,
9021005004518000,9021005004518000,2,0,,
9021005004549000,9021005004549000,2,0,,
9021005005060000,9021005005060000,2,0,,
9021005005061000,9021005005061000,2,0,,
9021005005062000,9021005005062000,2,0,,
9021005000129000,9021005000129000,2,180,,
9021005001823000,9021005001823000,2,0,,
9021005001824000,9021005001824000,2,0,,
9021005001826000,9021005001826000,2,0,,
9021005001827000,9021005001827000,2,0,,
9021005001828000,9021005001828000,2,0,,
9021005001833000,9021005001833000,2,0,,
9021005001838000,9021005001838000,2,0,,
9021005001840000,9021005001840000,2,0,,
9021005001841000,9021005001841000,2,0,,
9021005001843000,9021005001843000,2,0,,
9021005001844000,9021005001844000,2,0,,
9021005003730000,9021005003730000,2,0,,
9021005003813000,9021005003813000,2,0,,
9021005003814000,9021005003814000,2,0,,
9021005003017000,9021005003017000,2,0,,
9021005003018000,9021005003018000,2,0,,
9021005003021000,9021005003021000,2,0,,
9021005003022000,9021005003022000,2,0,,
9021005003251000,9021005003251000,2,0,,
9021005003504000,9021005003504000,2,0,,
9021005003505000,9021005003505000,2,0,,
9021005003826000,9021005003826000,2,0,,
9021005003835000,9021005003835000,2,0,,
9021005003950000,9021005003950000,2,0,,
9021005003951000,9021005003951000,2,0,,
9021005004198000,9021005004198000,2,0,,
9021005000135000,9021005000135000,2,60,,
9021005000265000,9021005000265000,2,0,,
9021005001855000,9021005001855000,2,0,,
9021005001856000,9021005001856000,2,0,,
9021005001875000,9021005001875000,2,0,,
9021005001878000,9021005001878000,2,0,,
9021005001879000,9021005001879000,2,0,,
9021005001881000,9021005001881000,2,0,,
9021005001884000,9021005001884000,2,0,,
9021005001890000,9021005001890000,2,0,,
9021005001891000,9021005001891000,2,0,,
9021005001896000,9021005001896000,2,0,,
9021005001898000,9021005001898000,2,0,,
9021005001903000,9021005001903000,2,0,,
9021005001976000,9021005001976000,2,0,,
9021005001977000,9021005001977000,2,0,,
9021005001978000,9021005001978000,2,0,,
9021005001980000,9021005001980000,2,0,,
9021005001981000,9021005001981000,2,60,,
9021005001984000,9021005001984000,2,0,,
9021005001985000,9021005001985000,2,0,,
9021005001986000,9021005001986000,2,0,,
9021005001987000,9021005001987000,2,0,,
9021005001989000,9021005001989000,2,0,,
9021005002052000,9021005002052000,2,0,,
9021005002613000,9021005002613000,2,0,,
9021005002615000,9021005002615000,2,0,,
9021005002616000,9021005002616000,2,0,,
9021005002623000,9021005002623000,2,0,,
9021005003642000,9021005003642000,2,0,,
9021005063000000,9021005063000000,2,180,,
9021005000039000,9021005000039000,2,0,,
9021005000068000,9021005000068000,2,0,,
9021005000091000,9021005000091000,2,0,,
9021005000158000,9021005000158000,2,0,,
9021005000159000,9021005000159000,2,0,,
9021005000160000,9021005000160000,2,60,,
9021005000162000,9021005000162000,2,0,,
9021005000173000,9021005000173000,2,0,,
9021005000178000,9021005000178000,2,0,,
9021005001165000,9021005001165000,2,0,,
9021005001167000,9021005001167000,2,0,,
9021005001168000,9021005001168000,2,0,,
9021005001169000,9021005001169000,2,0,,
9021005001176000,9021005001176000,2,0,,
9021005001177000,9021005001177000,2,0,,
9021005001188000,9021005001188000,2,0,,
9021005001191000,9021005001191000,2,0,,
9021005001195000,9021005001195000,2,0,,
9021005001197000,9021005001197000,2,0,,
9021005001200000,9021005001200000,2,0,,
9021005001201000,9021005001201000,2,0,,
9021005001202000,9021005001202000,2,0,,
9021005001280000,9021005001280000,2,0,,
9021005001286000,9021005001286000,2,0,,
9021005001287000,9021005001287000,2,0,,
9021005001288000,9021005001288000,2,0,,
9021005001469000,9021005001469000,2,0,,
9021005001554000,9021005001554000,2,0,,
9021005001558000,9021005001558000,2,0,,
9021005001560000,9021005001560000,2,300,,
9021005001562000,9021005001562000,2,0,,
9021005001565000,9021005001565000,2,0,,
9021005001574000,9021005001574000,2,0,,
9021005001576000,9021005001576000,2,0,,
9021005001577000,9021005001577000,2,0,,
9021005001581000,9021005001581000,2,0,,
9021005001582000,9021005001582000,2,0,,
9021005001585000,9021005001585000,2,0,,
9021005001589000,9021005001589000,2,0,,
9021005002038000,9021005002038000,2,0,,
9021005002040000,9021005002040000,2,0,,
9021005002042000,9021005002042000,2,0,,
9021005002046000,9021005002046000,2,0,,
9021005002049000,9021005002049000,2,0,,
9021005002051000,9021005002051000,2,0,,
9021005002054000,9021005002054000,2,0,,
9021005002058000,9021005002058000,2,0,,
9021005002061000,9021005002061000,2,0,,
9021005002065000,9021005002065000,2,0,,
9021005002069000,9021005002069000,2,0,,
9021005002073000,9021005002073000,2,0,,
9021005002146000,9021005002146000,2,0,,
9021005002147000,9021005002147000,2,0,,
9021005002148000,9021005002148000,2,60,,
9021005002149000,9021005002149000,2,0,,
9021005002151000,9021005002151000,2,0,,
9021005002154000,9021005002154000,2,0,,
9021005002155000,9021005002155000,2,0,,
9021005002158000,9021005002158000,2,0,,
9021005002173000,9021005002173000,2,0,,
9021005002174000,9021005002174000,2,0,,
9021005002175000,9021005002175000,2,0,,
9021005003676000,9021005003676000,2,0,,
9021005003736000,9021005003736000,2,0,,
9021005003744000,9021005003744000,2,0,,
9021005004048000,9021005004048000,2,0,,
9021005000004000,9021005000004000,2,180,,
9021005002516000,9021005002516000,2,0,,
9021005000442000,9021005000442000,2,0,,
9021005001098000,9021005001098000,2,180,,
9021005001106000,9021005001106000,2,0,,
9021005006063000,9021005006063000,2,0,,
9021005006132000,9021005006132000,2,0,,
9021005006200000,9021005006200000,2,0,,
9021005006201000,9021005006201000,2,0,,
9021005006203000,9021005006203000,2,0,,
9021005006204000,9021005006204000,2,0,,
9021005000038000,9021005000038000,2,120,,
9021005062012000,9021005062012000,2,300,,
9021005000053000,9021005000053000,2,0,,
9021005080182000,9021005080182000,2,180,,
9021005000054000,9021005000054000,2,180,,
9021005000179000,9021005000179000,2,0,,
9021005000246000,9021005000246000,2,0,,
9021005086000000,9021005086000000,2,180,,
9021005000205000,9021005000205000,2,0,,
9021005000206000,9021005000206000,2,120,,
9021005000469000,9021005000469000,2,300,,
9021005000010000,9021005000010000,2,0,,
9021005001033000,9021005001033000,2,0,,
9021005005213000,9021005005213000,2,0,,
9021005006202000,9021005006202000,2,0,,
9021005000122000,9021005000122000,2,120,,
9021005000168000,9021005000168000,2,120,,
9021005000169000,9021005000169000,2,60,,
9021005000473000,9021005000473000,2,0,,
9021005001787000,9021005001787000,2,0,,
9021005001788000,9021005001788000,2,0,,
9021005001789000,9021005001789000,2,0,,
9021005001791000,9021005001791000,2,0,,
9021005001929000,9021005001929000,2,0,,
9021005001930000,9021005001930000,2,0,,
9021005001931000,9021005001931000,2,0,,
9021005001933000,9021005001933000,2,0,,
9021005001939000,9021005001939000,2,0,,
9021005001941000,9021005001941000,2,0,,
9021005001942000,9021005001942000,2,0,,
9021005001943000,9021005001943000,2,0,,
9021005001966000,9021005001966000,2,0,,
9021005001971000,9021005001971000,2,0,,
9021005002006000,9021005002006000,2,0,,
9021005002083000,9021005002083000,2,0,,
9021005002087000,9021005002087000,2,0,,
9021005002090000,9021005002090000,2,0,,
9021005002094000,9021005002094000,2,0,,
9021005002096000,9021005002096000,2,0,,
9021005002097000,9021005002097000,2,0,,
9021005002100000,9021005002100000,2,0,,
9021005002102000,9021005002102000,2,0,,
9021005002103000,9021005002103000,2,0,,
9021005002104000,9021005002104000,2,0,,
9021005002105000,9021005002105000,2,0,,
9021005002107000,9021005002107000,2,0,,
9021005002115000,9021005002115000,2,0,,
9021005002116000,9021005002116000,2,0,,
9021005002117000,9021005002117000,2,0,,
9021005002118000,9021005002118000,2,0,,
9021005002119000,9021005002119000,2,0,,
9021005002125000,9021005002125000,2,0,,
9021005002126000,9021005002126000,2,0,,
9021005002134000,9021005002134000,2,0,,
9021005002136000,9021005002136000,2,0,,
9021005002137000,9021005002137000,2,0,,
9021005002184000,9021005002184000,2,0,,
9021005003572000,9021005003572000,2,0,,
9021005003574000,9021005003574000,2,0,,
9021005003671000,9021005003671000,2,0,,
9021005004073000,9021005004073000,2,0,,
9021005004192000,9021005004192000,2,0,,
9021005006061000,9021005006061000,2,0,,
9021005006107000,9021005006107000,2,0,,
9021005006108000,9021005006108000,2,0,,
9021005006119000,9021005006119000,2,0,,
9021005000209000,9021005000209000,2,0,,
9021005000210000,9021005000210000,2,0,,
9021005002397000,9021005002397000,2,0,,
9021005002398000,9021005002398000,2,0,,
9021005002404000,9021005002404000,2,0,,
9021005002406000,9021005002406000,2,0,,
9021005002407000,9021005002407000,2,0,,
9021005002408000,9021005002408000,2,0,,
9021005002413000,9021005002413000,2,0,,
9021005002424000,9021005002424000,2,0,,
9021005002432000,9021005002432000,2,0,,
9021005002437000,9021005002437000,2,0,,
9021005004042000,9021005004042000,2,0,,
9021005004624000,9021005004624000,2,0,,
9021005004710000,9021005004710000,2,0,,
9021005004711000,9021005004711000,2,0,,
9021005004715000,9021005004715000,2,0,,
9021005084018000,9021005084018000,2,0,,
9021005006059000,9021005006059000,2,0,,
9021005006079000,9021005006079000,2,0,,
9021005006080000,9021005006080000,2,0,,
9021005006090000,9021005006090000,2,0,,
9021005006130000,9021005006130000,2,0,,
9021005006131000,9021005006131000,2,0,,
9021005000336000,9021005000336000,2,60,,
9021005000343000,9021005000343000,2,0,,
9021005000408000,9021005000408000,2,0,,
9021005000409000,9021005000409000,2,0,,
9021005000410000,9021005000410000,2,0,,
9021005003028000,9021005003028000,2,0,,
9021005003034000,9021005003034000,2,0,,
9021005003036000,9021005003036000,2,0,,
9021005003037000,9021005003037000,2,0,,
9021005003047000,9021005003047000,2,0,,
9021005003378000,9021005003378000,2,0,,
9021005003381000,9021005003381000,2,0,,
9021005003384000,9021005003384000,2,0,,
9021005003385000,9021005003385000,2,0,,
9021005003388000,9021005003388000,2,0,,
9021005003391000,9021005003391000,2,0,,
9021005003952000,9021005003952000,2,0,,
9021005003953000,9021005003953000,2,0,,
9021005000211000,9021005000211000,2,0,,
9021005000385000,9021005000385000,2,0,,
9021005000387000,9021005000387000,2,0,,
9021005000388000,9021005000388000,2,0,,
9021005000391000,9021005000391000,2,60,,
9021005002362000,9021005002362000,2,0,,
9021005002372000,9021005002372000,2,0,,
9021005002375000,9021005002375000,2,0,,
9021005003266000,9021005003266000,2,0,,
9021005003269000,9021005003269000,2,0,,
9021005003270000,9021005003270000,2,0,,
9021005003272000,9021005003272000,2,0,,
9021005003279000,9021005003279000,2,0,,
9021005003281000,9021005003281000,2,0,,
9021005003282000,9021005003282000,2,0,,
9021005003283000,9021005003283000,2,0,,
9021005003297000,9021005003297000,2,0,,
9021005003298000,9021005003298000,2,0,,
9021005003300000,9021005003300000,2,0,,
9021005003305000,9021005003305000,2,0,,
9021005003478000,9021005003478000,2,0,,
9021005009000000,9021005009000000,2,0,,
9021005000419000,9021005000419000,2,180,,
9021005001450000,9021005001450000,2,0,,
9021005001464000,9021005001464000,2,0,,
9021005001166000,9021005001166000,2,300,,
9021005003960000,9021005003960000,2,0,,
9021005003967000,9021005003967000,2,0,,
9021005004543000,9021005004543000,2,0,,
9021005005036000,9021005005036000,2,60,,
9021005005032000,9021005005032000,2,60,,
9021005004160000,9021005004160000,2,180,,
9021005005025000,9021005005025000,2,0,,
9021005005051000,9021005005051000,2,60,,
9021005003760000,9021005003760000,2,0,,
9021005003761000,9021005003761000,2,0,,
9021005003762000,9021005003762000,2,0,,
9021005003763000,9021005003763000,2,0,,
9021005003769000,9021005003769000,2,0,,
9021005005065000,9021005005065000,2,60,,
9021005005052000,9021005005052000,2,300,,
9021005005063000,9021005005063000,2,60,,
9021005001957000,9021005001957000,2,0,,
9021005000382000,9021005000382000,2,0,,
9021005003928000,9021005003928000,2,0,,
9021005003931000,9021005003931000,2,0,,
9021005003933000,9021005003933000,2,0,,
9021005003935000,9021005003935000,2,0,,
9021005003936000,9021005003936000,2,0,,
9021005003938000,9021005003938000,2,0,,
9021005003939000,9021005003939000,2,0,,
9021005003943000,9021005003943000,2,0,,
9021005003947000,9021005003947000,2,0,,
9021005003872000,9021005003872000,2,0,,
9021005003926000,9021005003926000,2,0,,
9021005003927000,9021005003927000,2,0,,
9021005000500000,9021005000500000,2,240,,
9021005001000000,9021005001000000,2,240,,
9021005000070000,9021005000070000,2,180,,
9021005005225000,9021005005225000,2,0,,
9021005000198000,9021005000198000,2,180,,
9021005081000000,9021005081000000,2,180,,
9021005000280000,9021005000280000,2,0,,
9021005002683000,9021005002683000,2,300,,
9021005000165000,9021005000165000,2,120,,
9021005003456000,9021005003456000,2,240,,
9021005004602000,9021005004602000,2,0,,
9021005080005000,9021005080005000,2,180,,
9021005005202000,9021005005202000,2,0,,
9021005003741000,9021005003741000,2,0,,
9021005001032000,9021005001032000,2,360,,
9021005000335000,9021005000335000,2,0,,
9021005000208000,9021005000208000,2,60,,
9021005001967000,9021005001967000,2,0,,
9021005001969000,9021005001969000,2,0,,
9021005001970000,9021005001970000,2,0,,
9021005000186000,9021005000186000,2,240,,
9021005000502000,9021005000502000,2,4000,,
9021005003800000,9021005003800000,2,240,,
9021005000328000,9021005000328000,2,0,,
9021005001437000,9021005001437000,2,0,,
9021005003268000,9021005003268000,2,0,,
9021005000156000,9021005000156000,2,0,,
9021005004227000,9021005004227000,2,0,,
9021005000308000,9021005000308000,2,60,,
9021005002318000,9021005002318000,2,180,,
9021005004253000,9021005004253000,2,180,,
9021005003425000,9021005003425000,2,0,,
9021005006057000,9021005006057000,2,0,,
9021005001289000,9021005001289000,2,0,,
9021005000444000,9021005000444000,2,0,,
9021005001249000,9021005001249000,2,300,,
9021005001596000,9021005001596000,2,0,,
9021005004171000,9021005004171000,2,0,,
9021005004250000,9021005004250000,2,0,,
9021005000012000,9021005000012000,2,0,,
9021005000023000,9021005000023000,2,0,,
9021005000002000,9021005000002000,2,180,,
9021005000060000,9021005000060000,2,0,,
9021005000065000,9021005000065000,2,0,,
9021005000101000,9021005000101000,2,180,,
9021005001007000,9021005001007000,2,300,,
9021005001034000,9021005001034000,2,0,,
9021005001130000,9021005001130000,2,0,,
9021005001216000,9021005001216000,2,0,,
9021005001509000,9021005001509000,2,0,,
9021005001616000,9021005001616000,2,0,,
9021005001623000,9021005001623000,2,0,,
9021005001634000,9021005001634000,2,0,,
9021005001661000,9021005001661000,2,0,,
9021005001758000,9021005001758000,2,0,,
9021005003546000,9021005003546000,2,0,,
9021005004099000,9021005004099000,2,0,,
9021005000093000,9021005000093000,2,60,,
9021005001193000,9021005001193000,2,0,,
9021005001466000,9021005001466000,2,0,,
9021005002055000,9021005002055000,2,0,,
9021005002057000,9021005002057000,2,0,,
9021005002059000,9021005002059000,2,0,,
9021005002060000,9021005002060000,2,0,,
9021005002064000,9021005002064000,2,0,,
9021005002068000,9021005002068000,2,0,,
9021005003688000,9021005003688000,2,0,,
9021005005034000,9021005005034000,2,60,,
9021005000126000,9021005000126000,2,300,,
9021005001807000,9021005001807000,2,60,,
9021005003227000,9021005003227000,2,0,,
9021005003236000,9021005003236000,2,0,,
9021005003242000,9021005003242000,2,0,,
9021005003327000,9021005003327000,2,0,,
9021005004522000,9021005004522000,2,0,,
9021005005059000,9021005005059000,2,0,,
9021005002311000,9021005002311000,2,0,,
9021005002336000,9021005002336000,2,0,,
9021005002340000,9021005002340000,2,0,,
9021005002779000,9021005002779000,2,0,,
9021005002793000,9021005002793000,2,0,,
9021005003083000,9021005003083000,2,0,,
9021005003084000,9021005003084000,2,0,,
9021005003085000,9021005003085000,2,0,,
9021005003087000,9021005003087000,2,0,,
9021005003100000,9021005003100000,2,0,,
9021005003104000,9021005003104000,2,0,,
9021005003106000,9021005003106000,2,0,,
9021005003107000,9021005003107000,2,0,,
9021005003134000,9021005003134000,2,0,,
9021005003135000,9021005003135000,2,0,,
9021005003137000,9021005003137000,2,0,,
9021005003143000,9021005003143000,2,0,,
9021005003144000,9021005003144000,2,0,,
9021005003190000,9021005003190000,2,0,,
9021005003311000,9021005003311000,2,0,,
9021005003558000,9021005003558000,2,0,,
9021005005000000,9021005005000000,2,0,,
9021005000121000,9021005000121000,2,180,,
9021005002109000,9021005002109000,2,0,,
9021005002110000,9021005002110000,2,0,,
9021005005035000,9021005005035000,2,60,,
9021005001626000,9021005001626000,2,240,,
9021005003382000,9021005003382000,2,0,,
9021005000253000,9021005000253000,2,0,,
9021005000254000,9021005000254000,2,60,,
9021005002543000,9021005002543000,2,0,,
9021005002584000,9021005002584000,2,0,,
9021005002585000,9021005002585000,2,0,,
9021005002593000,9021005002593000,2,0,,
9021005003435000,9021005003435000,2,0,,
9021005003479000,9021005003479000,2,0,,
9021005003628000,9021005003628000,2,0,,
9021005003629000,9021005003629000,2,180,,
9021005003658000,9021005003658000,2,0,,
9021005004012000,9021005004012000,2,0,,
9021005004571000,9021005004571000,2,0,,
9021005002365000,9021005002365000,2,0,,
9021005003257000,9021005003257000,2,0,,
9021005003303000,9021005003303000,2,0,,
9021005004196000,9021005004196000,2,0,,
9021005002429000,9021005002429000,2,0,,
9021005002431000,9021005002431000,2,0,,
9021005002435000,9021005002435000,2,0,,
9021005002440000,9021005002440000,2,0,,
9021005004702000,9021005004702000,2,0,,
9021005084000000,9021005084000000,2,180,,
9021005084011000,9021005084011000,2,0,,
9021005084026000,9021005084026000,2,0,,
9021005001857000,9021005001857000,2,0,,
9021005001876000,9021005001876000,2,0,,
9021005002624000,9021005002624000,2,0,,
9021005002627000,9021005002627000,2,0,,
9021005006121000,9021005006121000,2,180,,
9021005063100000,9021005063100000,2,180,,
9021005063101000,9021005063101000,2,180,,
9021005000296000,9021005000296000,2,300,,
9021005002518000,9021005002518000,2,0,,
9021005003930000,9021005003930000,2,0,,
9021005003944000,9021005003944000,2,0,,
9021005000050000,9021005000050000,2,240,,
9021005000152000,9021005000152000,2,0,,
9021005000318000,9021005000318000,2,0,,
9021005001220000,9021005001220000,2,0,,
9021005001428000,9021005001428000,2,0,,
9021005002020000,9021005002020000,2,0,,
9021005002021000,9021005002021000,2,0,,
9021005002022000,9021005002022000,2,0,,
9021005002036000,9021005002036000,2,0,,
9021005002662000,9021005002662000,2,0,,
9021005002701000,9021005002701000,2,0,,
9021005002705000,9021005002705000,2,0,,
9021005002715000,9021005002715000,2,0,,
9021005002717000,9021005002717000,2,0,,
9021005002729000,9021005002729000,2,0,,
9021005002730000,9021005002730000,2,0,,
9021005002734000,9021005002734000,2,0,,
9021005002741000,9021005002741000,2,0,,
9021005002745000,9021005002745000,2,0,,
9021005002748000,9021005002748000,2,0,,
9021005002752000,9021005002752000,2,0,,
9021005002756000,9021005002756000,2,0,,
9021005002759000,9021005002759000,2,0,,
9021005002863000,9021005002863000,2,0,,
9021005002866000,9021005002866000,2,0,,
9021005002877000,9021005002877000,2,0,,
9021005002882000,9021005002882000,2,0,,
9021005002935000,9021005002935000,2,0,,
9021005003364000,9021005003364000,2,0,,
9021005003372000,9021005003372000,2,0,,
9021005003423000,9021005003423000,2,0,,
9021005003486000,9021005003486000,2,0,,
9021005004054000,9021005004054000,2,0,,
9021005004055000,9021005004055000,2,0,,
9021005004056000,9021005004056000,2,0,,
9021005004185000,9021005004185000,2,0,,
9021005080002000,9021005080002000,2,180,,
9021005080003000,9021005080003000,2,180,,
9021005002359000,9021005002359000,2,0,,
9021005002484000,9021005002484000,2,0,,
9021005002491000,9021005002491000,2,0,,
9021005002510000,9021005002510000,2,0,,
9021005002512000,9021005002512000,2,0,,
9021005004605000,9021005004605000,2,0,,
9021005004607000,9021005004607000,2,0,,
9021005004612000,9021005004612000,2,0,,
9021005000234000,9021005000234000,2,0,,
9021005001982000,9021005001982000,2,0,,
9021005000171000,9021005000171000,2,0,,
9021005003437000,9021005003437000,2,0,,
9021005000406000,9021005000406000,2,180,,
9021005000464000,9021005000464000,2,0,,
9021005003956000,9021005003956000,2,0,,
9021005003957000,9021005003957000,2,0,,
9021005003961000,9021005003961000,2,0,,
9021005003962000,9021005003962000,2,0,,
9021005003969000,9021005003969000,2,0,,
9021005003990000,9021005003990000,2,0,,
9021005000094000,9021005000094000,2,0,,
9021005002469000,9021005002469000,2,0,,
9021005001324000,9021005001324000,2,180,,
9021005001813000,9021005001813000,2,0,,
9021005002265000,9021005002265000,2,0,,
9021005000124000,9021005000124000,2,300,,
9021005003553000,9021005003553000,2,0,,
9021005003557000,9021005003557000,2,0,,
9021005003827000,9021005003827000,2,0,,
9021005004111000,9021005004111000,2,0,,
9021005004112000,9021005004112000,2,0,,
9021005000061000,9021005000061000,2,60,,
9021005001630000,9021005001630000,2,0,,
9021005001696000,9021005001696000,2,0,,
9021005001705000,9021005001705000,2,0,,
9021005005028000,9021005005028000,2,60,,
9021005003959000,9021005003959000,2,0,,
9021005096001000,9021005096001000,2,180,,
9021005001352000,9021005001352000,2,0,,
9021005063001000,9021005063001000,2,180,,
9021005003019000,9021005003019000,2,0,,
9021005003554000,9021005003554000,2,0,,
9021005003555000,9021005003555000,2,0,,
9021005004194000,9021005004194000,2,0,,
9021005004041000,9021005004041000,2,180,,
9021005003501000,9021005003501000,2,0,,
9021005080006000,9021005080006000,2,180,,
9021005003023000,9021005003023000,2,0,,
9021005003507000,9021005003507000,2,0,,
9021005000048000,9021005000048000,2,180,,
9021005000071000,9021005000071000,2,60,,
9021005000151000,9021005000151000,2,0,,
9021005000216000,9021005000216000,2,180,,
9021005000219000,9021005000219000,2,180,,
9021005000229000,9021005000229000,2,0,,
9021005000312000,9021005000312000,2,0,,
9021005001232000,9021005001232000,2,180,,
9021005001253000,9021005001253000,2,300,,
9021005001268000,9021005001268000,2,180,,
9021005001318000,9021005001318000,2,0,,
9021005001459000,9021005001459000,2,0,,
9021005001489000,9021005001489000,2,0,,
9021005002014000,9021005002014000,2,0,,
9021005002023000,9021005002023000,2,0,,
9021005002527000,9021005002527000,2,0,,
9021005002631000,9021005002631000,2,0,,
9021005002632000,9021005002632000,2,0,,
9021005002649000,9021005002649000,2,0,,
9021005002655000,9021005002655000,2,0,,
9021005002691000,9021005002691000,2,0,,
9021005002710000,9021005002710000,2,0,,
9021005002712000,9021005002712000,2,0,,
9021005002718000,9021005002718000,2,0,,
9021005002719000,9021005002719000,2,0,,
9021005002832000,9021005002832000,2,0,,
9021005002833000,9021005002833000,2,0,,
9021005002844000,9021005002844000,2,0,,
9021005002845000,9021005002845000,2,0,,
9021005002846000,9021005002846000,2,0,,
9021005002849000,9021005002849000,2,0,,
9021005002881000,9021005002881000,2,0,,
9021005002887000,9021005002887000,2,0,,
9021005002891000,9021005002891000,2,0,,
9021005002904000,9021005002904000,2,0,,
9021005002909000,9021005002909000,2,0,,
9021005002910000,9021005002910000,2,0,,
9021005002915000,9021005002915000,2,0,,
9021005002918000,9021005002918000,2,0,,
9021005002926000,9021005002926000,2,0,,
9021005002939000,9021005002939000,2,0,,
9021005002955000,9021005002955000,2,0,,
9021005002970000,9021005002970000,2,0,,
9021005002976000,9021005002976000,2,0,,
9021005002977000,9021005002977000,2,0,,
9021005002983000,9021005002983000,2,0,,
9021005003079000,9021005003079000,2,0,,
9021005003409000,9021005003409000,2,0,,
9021005003595000,9021005003595000,2,0,,
9021005003748000,9021005003748000,2,0,,
9021005004045000,9021005004045000,2,0,,
9021005004084000,9021005004084000,2,180,,
9021005004136000,9021005004136000,2,240,,
9021005004236000,9021005004236000,2,0,,
9021005000132000,9021005000132000,2,0,,
9021005001882000,9021005001882000,2,0,,
9021005001889000,9021005001889000,2,0,,
9021005001897000,9021005001897000,2,0,,
9021005001983000,9021005001983000,2,0,,
9021005001988000,9021005001988000,2,0,,
9021005001990000,9021005001990000,2,0,,
9021005003652000,9021005003652000,2,0,,
9021005003653000,9021005003653000,2,0,,
9021005003402000,9021005003402000,2,0,,
9021005003966000,9021005003966000,2,0,,
9021005000157000,9021005000157000,2,0,,
9021005001170000,9021005001170000,2,0,,
9021005001194000,9021005001194000,2,0,,
9021005001203000,9021005001203000,2,0,,
9021005001281000,9021005001281000,2,0,,
9021005001470000,9021005001470000,2,0,,
9021005001471000,9021005001471000,2,0,,
9021005001557000,9021005001557000,2,0,,
9021005001567000,9021005001567000,2,0,,
9021005001569000,9021005001569000,2,0,,
9021005001572000,9021005001572000,2,0,,
9021005001586000,9021005001586000,2,0,,
9021005001587000,9021005001587000,2,0,,
9021005001588000,9021005001588000,2,0,,
9021005001590000,9021005001590000,2,0,,
9021005002141000,9021005002141000,2,0,,
9021005002145000,9021005002145000,2,0,,
9021005002156000,9021005002156000,2,0,,
9021005002171000,9021005002171000,2,0,,
9021005003683000,9021005003683000,2,0,,
9021005062011000,9021005062011000,2,300,,
9021005001821000,9021005001821000,2,0,,
9021005004053000,9021005004053000,2,0,,
9021005000195000,9021005000195000,2,0,,
9021005000249000,9021005000249000,2,0,,
9021005002457000,9021005002457000,2,0,,
9021005002462000,9021005002462000,2,0,,
9021005002515000,9021005002515000,2,0,,
9021005003420000,9021005003420000,2,0,,
9021005003421000,9021005003421000,2,0,,
9021005003710000,9021005003710000,2,0,,
9021005004609000,9021005004609000,2,0,,
9021005001808000,9021005001808000,2,0,,
9021005001816000,9021005001816000,2,0,,
9021005002198000,9021005002198000,2,0,,
9021005002207000,9021005002207000,2,0,,
9021005002221000,9021005002221000,2,0,,
9021005002222000,9021005002222000,2,0,,
9021005002223000,9021005002223000,2,0,,
9021005002227000,9021005002227000,2,0,,
9021005003003000,9021005003003000,2,0,,
9021005003013000,9021005003013000,2,0,,
9021005003014000,9021005003014000,2,0,,
9021005003015000,9021005003015000,2,0,,
9021005003203000,9021005003203000,2,120,,
9021005003210000,9021005003210000,2,0,,
9021005003215000,9021005003215000,2,120,,
9021005003217000,9021005003217000,2,0,,
9021005003219000,9021005003219000,2,0,,
9021005003220000,9021005003220000,2,0,,
9021005003345000,9021005003345000,2,0,,
9021005003354000,9021005003354000,2,0,,
9021005003355000,9021005003355000,2,0,,
9021005003882000,9021005003882000,2,0,,
9021005000177000,9021005000177000,2,120,,
9021005000294000,9021005000294000,2,0,,
9021005001305000,9021005001305000,2,0,,
9021005002276000,9021005002276000,2,0,,
9021005002312000,9021005002312000,2,0,,
9021005002377000,9021005002377000,2,0,,
9021005002387000,9021005002387000,2,0,,
9021005002389000,9021005002389000,2,0,,
9021005002390000,9021005002390000,2,0,,
9021005002394000,9021005002394000,2,0,,
9021005002777000,9021005002777000,2,0,,
9021005002780000,9021005002780000,2,0,,
9021005002782000,9021005002782000,2,0,,
9021005002784000,9021005002784000,2,0,,
9021005003081000,9021005003081000,2,0,,
9021005003118000,9021005003118000,2,0,,
9021005003127000,9021005003127000,2,0,,
9021005003128000,9021005003128000,2,0,,
9021005003157000,9021005003157000,2,0,,
9021005003169000,9021005003169000,2,0,,
9021005003199000,9021005003199000,2,0,,
9021005003787000,9021005003787000,2,0,,
9021005003799000,9021005003799000,2,240,,
9021005003866000,9021005003866000,2,0,,
9021005004134000,9021005004134000,2,0,,
9021005005049000,9021005005049000,2,0,,
9021005000141000,9021005000141000,2,0,,
9021005001790000,9021005001790000,2,0,,
9021005001934000,9021005001934000,2,0,,
9021005001938000,9021005001938000,2,0,,
9021005001944000,9021005001944000,2,0,,
9021005002004000,9021005002004000,2,0,,
9021005002088000,9021005002088000,2,0,,
9021005002095000,9021005002095000,2,0,,
9021005004072000,9021005004072000,2,0,,
9021005002402000,9021005002402000,2,0,,
9021005003024000,9021005003024000,2,0,,
9021005003027000,9021005003027000,2,0,,
9021005003031000,9021005003031000,2,0,,
9021005003038000,9021005003038000,2,0,,
9021005003039000,9021005003039000,2,0,,
9021005003043000,9021005003043000,2,0,,
9021005003048000,9021005003048000,2,0,,
9021005003049000,9021005003049000,2,0,,
9021005003377000,9021005003377000,2,0,,
9021005003380000,9021005003380000,2,0,,
9021005005234000,9021005005234000,2,0,,
9021005000136000,9021005000136000,2,0,,
9021005000237000,9021005000237000,2,0,,
9021005002558000,9021005002558000,2,0,,
9021005002559000,9021005002559000,2,0,,
9021005003448000,9021005003448000,2,0,,
9021005003600000,9021005003600000,2,0,,
9021005003610000,9021005003610000,2,0,,
9021005004035000,9021005004035000,2,180,,
9021005004040000,9021005004040000,2,180,,
9021005005038000,9021005005038000,2,0,,
9021005002368000,9021005002368000,2,0,,
9021005002374000,9021005002374000,2,0,,
9021005003258000,9021005003258000,2,0,,
9021005003259000,9021005003259000,2,0,,
9021005003265000,9021005003265000,2,0,,
9021005003277000,9021005003277000,2,0,,
9021005003289000,9021005003289000,2,0,,
9021005003291000,9021005003291000,2,0,,
9021005005047000,9021005005047000,2,180,,
9021005005050000,9021005005050000,2,180,,
9021005000040000,9021005000040000,2,0,,
9021005000100000,9021005000100000,2,0,,
9021005000106000,9021005000106000,2,0,,
9021005000107000,9021005000107000,2,0,,
9021005000108000,9021005000108000,2,0,,
9021005000991000,9021005000991000,2,0,,
9021005001100000,9021005001100000,2,0,,
9021005001102000,9021005001102000,2,0,,
9021005001108000,9021005001108000,2,0,,
9021005001372000,9021005001372000,2,0,,
9021005001376000,9021005001376000,2,0,,
9021005001379000,9021005001379000,2,0,,
9021005001381000,9021005001381000,2,0,,
9021005001508000,9021005001508000,2,0,,
9021005001517000,9021005001517000,2,0,,
9021005001518000,9021005001518000,2,60,,
9021005001524000,9021005001524000,2,0,,
9021005001529000,9021005001529000,2,0,,
9021005001534000,9021005001534000,2,0,,
9021005001536000,9021005001536000,2,300,,
9021005001612000,9021005001612000,2,0,,
9021005001613000,9021005001613000,2,0,,
9021005001629000,9021005001629000,2,0,,
9021005001636000,9021005001636000,2,0,,
9021005001668000,9021005001668000,2,0,,
9021005001670000,9021005001670000,2,0,,
9021005001671000,9021005001671000,2,0,,
9021005001681000,9021005001681000,2,0,,
9021005001685000,9021005001685000,2,0,,
9021005001691000,9021005001691000,2,0,,
9021005001694000,9021005001694000,2,0,,
9021005001695000,9021005001695000,2,0,,
9021005001723000,9021005001723000,2,0,,
9021005001730000,9021005001730000,2,0,,
9021005001731000,9021005001731000,2,0,,
9021005001741000,9021005001741000,2,0,,
9021005001742000,9021005001742000,2,0,,
9021005001746000,9021005001746000,2,0,,
9021005001781000,9021005001781000,2,0,,
9021005001959000,9021005001959000,2,0,,
9021005001961000,9021005001961000,2,0,,
9021005002010000,9021005002010000,2,0,,
9021005002181000,9021005002181000,2,0,,
9021005002182000,9021005002182000,2,0,,
9021005002188000,9021005002188000,2,0,,
9021005002190000,9021005002190000,2,0,,
9021005003406000,9021005003406000,2,0,,
9021005004066000,9021005004066000,2,0,,
9021005004123000,9021005004123000,2,0,,
9021005005222000,9021005005222000,2,0,,
9021005006124000,9021005006124000,2,0,,
9021005081006000,9021005081006000,2,0,,
9021005001343000,9021005001343000,2,60,,
9021005080000000,9021005080000000,2,180,,
9021005001122000,9021005001122000,2,0,,
9021005000277000,9021005000277000,2,0,,
9021005080004000,9021005080004000,2,180,,
9021005002001000,9021005002001000,2,120,,
9021005001298000,9021005001298000,2,0,,
9021005001426000,9021005001426000,2,0,,
9021005002850000,9021005002850000,2,0,,
9021005002274000,9021005002274000,2,0,,
9021005004144000,9021005004144000,2,0,,
9021005081010000,9021005081010000,2,180,,
9021005002561000,9021005002561000,2,0,,
9021005000042000,9021005000042000,2,240,,
9021005001433000,9021005001433000,2,0,,
9021005000015000,9021005000015000,2,0,,
9021005000460000,9021005000460000,2,0,,
9021005001095000,9021005001095000,2,0,,
9021005001642000,9021005001642000,2,0,,
9021005003692000,9021005003692000,2,0,,
9021005003700000,9021005003700000,2,0,,
9021005003773000,9021005003773000,2,0,,
9021005081009000,9021005081009000,2,180,,
9021005002578000,9021005002578000,2,0,,
9021005002580000,9021005002580000,2,0,,
9021005000417000,9021005000417000,2,180,,
9021005001341000,9021005001341000,2,180,,
9021005001346000,9021005001346000,2,180,,
9021005001401000,9021005001401000,2,180,,
9021005001405000,9021005001405000,2,180,,
9021005001424000,9021005001424000,2,0,,
9021005001458000,9021005001458000,2,0,,
9021005001605000,9021005001605000,2,0,,
9021005002826000,9021005002826000,2,0,,
9021005003881000,9021005003881000,2,180,,
9021005003974000,9021005003974000,2,0,,
9021005000181000,9021005000181000,2,0,,
9021005001647000,9021005001647000,2,0,,
9021005001785000,9021005001785000,2,300,,
9021005000082000,9021005000082000,2,0,,
9021005000140000,9021005000140000,2,300,,
9021005000142000,9021005000142000,2,180,,
9021005081007000,9021005081007000,2,180,,
9021005081008000,9021005081008000,2,180,,
9021005000019000,9021005000019000,2,0,,
9021005002785000,9021005002785000,2,0,,
9021005001057000,9021005001057000,2,0,,
9021005001058000,9021005001058000,2,0,,
9021005000448000,9021005000448000,2,300,,
9021005001240000,9021005001240000,2,180,,
9021005001256000,9021005001256000,2,0,,
9021005002026000,9021005002026000,2,0,,
9021005002953000,9021005002953000,2,0,,
9021005004251000,9021005004251000,2,0,,
9021005001083000,9021005001083000,2,0,,
9021005081012000,9021005081012000,2,180,,
9021005001979000,9021005001979000,2,0,,
9021005002315000,9021005002315000,2,0,,
9021005004623000,9021005004623000,2,0,,
9021005004628000,9021005004628000,2,0,,
9021005062000000,9021005062000000,2,180,,
9021005003958000,9021005003958000,2,0,,
9021005080001000,9021005080001000,2,180,,
9021005002685000,9021005002685000,2,0,,
9021005002788000,9021005002788000,2,0,,
9021005000008000,9021005000008000,2,180,,
9021005000009000,9021005000009000,2,0,,
9021005004569000,9021005004569000,2,0,,
9021005081001000,9021005081001000,2,180,,
9021005004133000,9021005004133000,2,0,,
9021005001936000,9021005001936000,2,0,,
9021005001937000,9021005001937000,2,0,,
9021005002403000,9021005002403000,2,0,,
9021005003706000,9021005003706000,2,0,,
9021005001303000,9021005001303000,2,0,,
9021005001418000,9021005001418000,2,180,,
9021005002668000,9021005002668000,2,0,,
9021005081015000,9021005081015000,2,180,,
9021005000217000,9021005000217000,2,0,,
9021005002301000,9021005002301000,2,0,,
9021005083998000,9021005083998000,2,180,,
9021005083999000,9021005083999000,2,180,,
9021005004246000,9021005004246000,2,0,,
9021005001625000,9021005001625000,2,0,,
9021005002011000,9021005002011000,2,0,,
9021005000003000,9021005000003000,2,180,,
9021005002562000,9021005002562000,2,0,,
9021005002669000,9021005002669000,2,0,,
9021005002670000,9021005002670000,2,0,,
9021005004230000,9021005004230000,2,0,,
9021005003780000,9021005003780000,2,0,,
9021005081016000,9021005081016000,2,180,,
9021005000226000,9021005000226000,2,180,,
9021005002405000,9021005002405000,2,0,,
9021005084001000,9021005084001000,2,180,,
9021005003532000,9021005003532000,2,0,,
9021005097027000,9021005097027000,2,0,,
9021005004235000,9021005004235000,2,0,,
9021005003432000,9021005003432000,2,180,,
9021005001236000,9021005001236000,2,180,,
9021005001257000,9021005001257000,2,0,,
9021005001307000,9021005001307000,2,180,,
9021005001309000,9021005001309000,2,180,,
9021005002015000,9021005002015000,2,0,,
9021005000202000,9021005000202000,2,180,,
9021005002242000,9021005002242000,2,0,,
9021005001192000,9021005001192000,2,0,,
9021005081003000,9021005081003000,2,180,,
9021005081014000,9021005081014000,2,180,,
9021005081017000,9021005081017000,2,180,,
9021005081999000,9021005081999000,2,180,,
9021005003774000,9021005003774000,2,0,,
9021005001066000,9021005001066000,2,0,,
9021005081002000,9021005081002000,2,180,,
9021005001583000,9021005001583000,2,0,,
9021005003675000,9021005003675000,2,300,,
9021005000215000,9021005000215000,2,300,,
9021005000271000,9021005000271000,2,60,,
9021005000436000,9021005000436000,2,0,,
9021005001460000,9021005001460000,2,0,,
9021005001894000,9021005001894000,2,0,,
9021005000057000,9021005000057000,2,300,,
9021005001205000,9021005001205000,2,0,,
9021005062001000,9021005062001000,2,180,,
9021005062002000,9021005062002000,2,180,,
9021005062003000,9021005062003000,2,180,,
9021005062004000,9021005062004000,2,180,,
9021005001009000,9021005001009000,2,120,,
9021005081011000,9021005081011000,2,180,,
9021005081013000,9021005081013000,2,180,,
9021005000200000,9021005000200000,2,60,,
