route_id,service_id,trip_id,trip_headsign,direction_id,shape_id
9011005000200000,1,55700000065250153,,1,2055700000062123477
9011005000200000,1,55700000065250350,,1,2055700000062123436
9011005000200000,1,55700000065250383,,1,2055700000062123436
9011005000200000,1,55700000065250449,,1,2055700000062123436
9011005000200000,1,55700000065250482,,1,2055700000062123436
9011005000200000,1,55700000065250548,,1,2055700000062123436
9011005000200000,1,55700000065250614,,1,2055700000062123436
9011005000200000,1,55700000065251142,,1,2055700000062123436
9011005000200000,1,55700000065251373,,1,2055700000062123436
9011005000200000,1,55700000065251439,,1,2055700000062123436
9011005000200000,1,55700000065251538,,1,2055700000062123436
9011005000200000,1,55700000065251637,,1,2055700000062123436
9011005000200000,1,55700000065251670,,1,2055700000062123436
9011005000200000,1,55700000065251703,,1,2055700000062123436
9011005000200000,1,55700000065251769,,1,2055700000062123436
9011005000200000,1,55700000065251868,,1,2055700000062123436
9011005000200000,1,55700000065251901,,1,2055700000062123436
9011005000200000,1,55700000065252033,,1,2055700000062123436
9011005000200000,1,55700000065252066,,1,2055700000062123436
9011005000200000,1,55700000065252132,,1,2055700000062123436
9011005000200000,1,55700000065252165,,1,2055700000062123436
9011005000200000,1,55700000065252231,,1,2055700000062123436
9011005000200000,1,55700000065252363,,1,2055700000062123436
9011005000200000,1,55700000065252429,,1,2055700000062123436
9011005000200000,1,55700000065252594,,1,2055700000062123436
9011005000200000,1,55700000065252792,,1,2055700000062123436
9011005000200000,1,55700000065252891,,1,2055700000062123436
9011005000200000,2,55700000065252924,,1,2055700000062123436
9011005000200000,2,55700000065252990,,1,2055700000062123436
9011005000200000,2,55700000065253023,,1,2055700000062123436
9011005000200000,2,55700000065253056,,1,2055700000062123436
9011005000200000,2,55700000065253452,,1,2055700000062123436
9011005000200000,2,55700000065253485,,1,2055700000062123436
9011005000200000,2,55700000065253617,,1,2055700000062123436
9011005000200000,2,55700000065253683,,1,2055700000062123436
9011005000200000,2,55700000065253914,,1,2055700000062123436
9011005000200000,3,55700000065254402,,1,2055700000062123436
9011005000200000,4,55700000065254658,,1,2055700000062123436
9011005000200000,2,55700000065254690,,1,2055700000062123436
9011005000200000,2,55700000065254722,,1,2055700000062123436
9011005000200000,2,55700000065254754,,1,2055700000062123436
9011005000200000,2,55700000065254786,,1,2055700000062123436
9011005000200000,1,55700000065254882,,1,2055700000062123436
9011005000200000,2,55700000065255079,,1,2055700000062123436
9011005000200000,3,55700000065255194,,1,2055700000062123505
9011005000200000,3,55700000065255217,,1,2055700000062123505
9011005000200000,5,55700000065255359,,1,2055700000062123436
9011005000200000,5,55700000065255455,,1,2055700000062123436
9011005000200000,5,55700000065255503,,1,2055700000062123436
9011005000200000,6,55700000065255585,,1,2055700000062123436
9011005000200000,6,55700000065255651,,1,2055700000062123436
9011005000200000,6,55700000065255717,,1,2055700000062123436
9011005000200000,6,55700000065256014,,1,2055700000062123436
9011005000200000,6,55700000065256080,,1,2055700000062123436
9011005000200000,6,55700000065256146,,1,2055700000062123436
9011005000200000,6,55700000065256245,,1,2055700000062123436
9011005000200000,6,55700000065256311,,1,2055700000062123436
9011005000200000,6,55700000065256410,,1,2055700000062123436
9011005000200000,6,55700000065256476,,1,2055700000062123436
9011005000200000,6,55700000065256509,,1,2055700000062123436
9011005000200000,6,55700000065256575,,1,2055700000062123436
9011005000200000,6,55700000065256608,,1,2055700000062123436
9011005000200000,6,55700000065256664,,1,2055700000062123505
9011005000200000,6,55700000065256733,,1,2055700000062123505
9011005000200000,6,55700000065256779,,1,2055700000062123505
9011005000200000,6,55700000065256894,,1,2055700000062123505
9011005000200000,6,55700000065256917,,1,2055700000062123505
9011005000200000,2,55700000065257087,,1,2055700000062123505
9011005000200000,6,55700000065257495,,1,2055700000062123436
9011005000200000,6,55700000065257527,,1,2055700000062123436
9011005000200000,6,55700000065257623,,1,2055700000062123436
9011005000200000,6,55700000065257687,,1,2055700000062123436
9011005000200000,6,55700000065257719,,1,2055700000062123436
9011005000200000,6,55700000065257783,,1,2055700000062123436
9011005000200000,6,55700000065257815,,1,2055700000062123436
9011005000200000,6,55700000065257847,,1,2055700000062123436
9011005000200000,1,55700000065250134,,1,2055700000062123477
9011005000200000,1,55700000065250186,,1,2055700000062123436
9011005000200000,1,55700000065250284,,1,2055700000062123436
9011005000200000,1,55700000065250317,,1,2055700000062123436
9011005000200000,1,55700000065250416,,1,2055700000062123436
9011005000200000,1,55700000065250680,,1,2055700000062123436
9011005000200000,1,55700000065250812,,1,2055700000062123436
9011005000200000,1,55700000065251175,,1,2055700000062123436
9011005000200000,1,55700000065251307,,1,2055700000062123436
9011005000200000,1,55700000065251604,,1,2055700000062123436
9011005000200000,1,55700000065251736,,1,2055700000062123436
9011005000200000,1,55700000065251835,,1,2055700000062123436
9011005000200000,1,55700000065252198,,1,2055700000062123436
9011005000200000,1,55700000065252264,,1,2055700000062123436
9011005000200000,1,55700000065252528,,1,2055700000062123436
9011005000200000,1,55700000065252660,,1,2055700000062123436
9011005000200000,1,55700000065252726,,1,2055700000062123436
9011005000200000,1,55700000065252759,,1,2055700000062123436
9011005000200000,2,55700000065252957,,1,2055700000062123436
9011005000200000,2,55700000065253122,,1,2055700000062123436
9011005000200000,2,55700000065253155,,1,2055700000062123436
9011005000200000,2,55700000065253353,,1,2055700000062123436
9011005000200000,2,55700000065253386,,1,2055700000062123436
9011005000200000,2,55700000065253419,,1,2055700000062123436
9011005000200000,2,55700000065253551,,1,2055700000062123436
9011005000200000,2,55700000065253980,,1,2055700000062123436
9011005000200000,2,55700000065254013,,1,2055700000062123436
9011005000200000,1,55700000065254145,,1,2055700000062123436
9011005000200000,3,55700000065254274,,1,2055700000062123436
9011005000200000,3,55700000065254306,,1,2055700000062123436
9011005000200000,3,55700000065254338,,1,2055700000062123436
9011005000200000,4,55700000065254530,,1,2055700000062123436
9011005000200000,4,55700000065254594,,1,2055700000062123436
9011005000200000,2,55700000065254947,,1,2055700000062123436
9011005000200000,2,55700000065254980,,1,2055700000062123436
9011005000200000,3,55700000065255125,,1,2055700000062123505
9011005000200000,3,55700000065255240,,1,2055700000062123505
9011005000200000,3,55700000065255263,,1,2055700000062123505
9011005000200000,5,55700000065255311,,1,2055700000062123436
9011005000200000,5,55700000065255407,,1,2055700000062123436
9011005000200000,6,55700000065255552,,1,2055700000062123436
9011005000200000,6,55700000065255684,,1,2055700000062123436
9011005000200000,6,55700000065255750,,1,2055700000062123436
9011005000200000,6,55700000065255783,,1,2055700000062123436
9011005000200000,6,55700000065255948,,1,2055700000062123436
9011005000200000,6,55700000065255981,,1,2055700000062123436
9011005000200000,6,55700000065256113,,1,2055700000062123436
9011005000200000,6,55700000065256443,,1,2055700000062123436
9011005000200000,6,55700000065256687,,1,2055700000062123505
9011005000200000,6,55700000065256871,,1,2055700000062123505
9011005000200000,2,55700000065256983,,1,2055700000062123436
9011005000200000,2,55700000065257111,,1,2055700000062123505
9011005000200000,6,55700000065257175,,1,2055700000062123436
9011005000200000,6,55700000065257207,,1,2055700000062123436
9011005000200000,6,55700000065257239,,1,2055700000062123436
9011005000200000,6,55700000065257303,,1,2055700000062123436
9011005000200000,6,55700000065257559,,1,2055700000062123436
9011005000200000,6,55700000065257879,,1,2055700000062123436
9011005000200000,6,55700000065257911,,1,2055700000062123436
9011005000200000,1,55700000065250515,,1,2055700000062123436
9011005000200000,1,55700000065250581,,1,2055700000062123436
9011005000200000,1,55700000065250713,,1,2055700000062123436
9011005000200000,1,55700000065250746,,1,2055700000062123436
9011005000200000,1,55700000065250878,,1,2055700000062123436
9011005000200000,1,55700000065250911,,1,2055700000062123436
9011005000200000,1,55700000065250944,,1,2055700000062123436
9011005000200000,1,55700000065250977,,1,2055700000062123436
9011005000200000,1,55700000065251043,,1,2055700000062123436
9011005000200000,1,55700000065251076,,1,2055700000062123436
9011005000200000,1,55700000065251109,,1,2055700000062123436
9011005000200000,1,55700000065251274,,1,2055700000062123436
9011005000200000,1,55700000065251340,,1,2055700000062123436
9011005000200000,1,55700000065251406,,1,2055700000062123436
9011005000200000,1,55700000065251505,,1,2055700000062123436
9011005000200000,1,55700000065251967,,1,2055700000062123436
9011005000200000,1,55700000065252297,,1,2055700000062123436
9011005000200000,1,55700000065252396,,1,2055700000062123436
9011005000200000,1,55700000065252627,,1,2055700000062123436
9011005000200000,1,55700000065252693,,1,2055700000062123436
9011005000200000,1,55700000065252858,,1,2055700000062123436
9011005000200000,2,55700000065253089,,1,2055700000062123436
9011005000200000,2,55700000065253188,,1,2055700000062123436
9011005000200000,2,55700000065253221,,1,2055700000062123436
9011005000200000,2,55700000065253254,,1,2055700000062123436
9011005000200000,2,55700000065253287,,1,2055700000062123436
9011005000200000,2,55700000065253518,,1,2055700000062123436
9011005000200000,2,55700000065253584,,1,2055700000062123436
9011005000200000,2,55700000065253716,,1,2055700000062123436
9011005000200000,2,55700000065253782,,1,2055700000062123436
9011005000200000,2,55700000065253947,,1,2055700000062123436
9011005000200000,2,55700000065254046,,1,2055700000062123436
9011005000200000,2,55700000065254079,,1,2055700000062123436
9011005000200000,2,55700000065254112,,1,2055700000062123436
9011005000200000,3,55700000065254210,,1,2055700000062123436
9011005000200000,3,55700000065254242,,1,2055700000062123436
9011005000200000,3,55700000065254370,,1,2055700000062123436
9011005000200000,3,55700000065254434,,1,2055700000062123436
9011005000200000,4,55700000065254562,,1,2055700000062123436
9011005000200000,4,55700000065254626,,1,2055700000062123436
9011005000200000,2,55700000065254915,,1,2055700000062123436
9011005000200000,2,55700000065255013,,1,2055700000062123436
9011005000200000,2,55700000065255046,,1,2055700000062123436
9011005000200000,3,55700000065255102,,1,2055700000062123505
9011005000200000,3,55700000065255148,,1,2055700000062123505
9011005000200000,3,55700000065255171,,1,2055700000062123505
9011005000200000,6,55700000065255816,,1,2055700000062123436
9011005000200000,6,55700000065255882,,1,2055700000062123436
9011005000200000,6,55700000065255915,,1,2055700000062123436
9011005000200000,6,55700000065256047,,1,2055700000062123436
9011005000200000,6,55700000065256179,,1,2055700000062123436
9011005000200000,6,55700000065256344,,1,2055700000062123436
9011005000200000,6,55700000065256377,,1,2055700000062123436
9011005000200000,6,55700000065256710,,1,2055700000062123505
9011005000200000,6,55700000065256802,,1,2055700000062123505
9011005000200000,6,55700000065256848,,1,2055700000062123505
9011005000200000,2,55700000065257015,,1,2055700000062123436
9011005000200000,2,55700000065257039,,1,2055700000062123505
9011005000200000,6,55700000065257143,,1,2055700000062123436
9011005000200000,6,55700000065257271,,1,2055700000062123436
9011005000200000,6,55700000065257367,,1,2055700000062123436
9011005000200000,6,55700000065257591,,1,2055700000062123436
9011005000200000,6,55700000065257655,,1,2055700000062123436
9011005000200000,6,55700000065257751,,1,2055700000062123436
9011005000200000,1,55700000065250219,,1,2055700000062123436
9011005000200000,1,55700000065250251,,1,2055700000062123436
9011005000200000,1,55700000065250647,,1,2055700000062123436
9011005000200000,1,55700000065250779,,1,2055700000062123436
9011005000200000,1,55700000065250845,,1,2055700000062123436
9011005000200000,1,55700000065251010,,1,2055700000062123436
9011005000200000,1,55700000065251208,,1,2055700000062123436
9011005000200000,1,55700000065251241,,1,2055700000062123436
9011005000200000,1,55700000065251472,,1,2055700000062123436
9011005000200000,1,55700000065251571,,1,2055700000062123436
9011005000200000,1,55700000065251802,,1,2055700000062123436
9011005000200000,1,55700000065251934,,1,2055700000062123436
9011005000200000,1,55700000065252000,,1,2055700000062123436
9011005000200000,1,55700000065252099,,1,2055700000062123436
9011005000200000,1,55700000065252330,,1,2055700000062123436
9011005000200000,1,55700000065252462,,1,2055700000062123436
9011005000200000,1,55700000065252495,,1,2055700000062123436
9011005000200000,1,55700000065252561,,1,2055700000062123436
9011005000200000,1,55700000065252825,,1,2055700000062123436
9011005000200000,2,55700000065253320,,1,2055700000062123436
9011005000200000,2,55700000065253650,,1,2055700000062123436
9011005000200000,2,55700000065253749,,1,2055700000062123436
9011005000200000,2,55700000065253815,,1,2055700000062123436
9011005000200000,2,55700000065253848,,1,2055700000062123436
9011005000200000,2,55700000065253881,,1,2055700000062123436
9011005000200000,2,55700000065254178,,1,2055700000062123436
9011005000200000,3,55700000065254466,,1,2055700000062123436
9011005000200000,3,55700000065254498,,1,2055700000062123436
9011005000200000,1,55700000065254849,,1,2055700000062123436
9011005000200000,6,55700000065255618,,1,2055700000062123436
9011005000200000,6,55700000065255849,,1,2055700000062123436
9011005000200000,6,55700000065256212,,1,2055700000062123436
9011005000200000,6,55700000065256278,,1,2055700000062123436
9011005000200000,6,55700000065256542,,1,2055700000062123436
9011005000200000,6,55700000065256641,,1,2055700000062123436
9011005000200000,6,55700000065256756,,1,2055700000062123505
9011005000200000,6,55700000065256825,,1,2055700000062123505
9011005000200000,6,55700000065256950,,1,2055700000062123436
9011005000200000,2,55700000065257063,,1,2055700000062123505
9011005000200000,6,55700000065257335,,1,2055700000062123436
9011005000200000,6,55700000065257399,,1,2055700000062123436
9011005000200000,6,55700000065257431,,1,2055700000062123436
9011005000200000,6,55700000065257463,,1,2055700000062123436
9011005000200000,6,55700000063370448,,0,2055700000061766276
9011005000200000,6,55700000063370567,,0,2055700000062123537
9011005000200000,1,55700000063371421,,0,2055700000062123537
9011005000200000,1,55700000063371513,,0,2055700000062123537
9011005000200000,1,55700000063374995,,0,2055700000061766276
9011005000200000,6,55700000063370188,,0,2055700000061766276
9011005000200000,7,55700000063370284,,0,2055700000061766276
9011005000200000,6,55700000063370512,,0,2055700000061766276
9011005000200000,6,55700000063370544,,0,2055700000061766276
9011005000200000,1,55700000063371582,,0,2055700000062123537
9011005000200000,1,55700000063371605,,0,2055700000062123537
9011005000200000,1,55700000063375059,,0,2055700000061766276
9011005000200000,7,55700000063370252,,0,2055700000061766276
9011005000200000,7,55700000063370316,,0,2055700000061766276
9011005000200000,7,55700000063370380,,0,2055700000061766276
9011005000200000,7,55700000063370412,,0,2055700000061766276
9011005000200000,6,55700000063370590,,0,2055700000062123537
9011005000200000,6,55700000063370613,,0,2055700000062123537
9011005000200000,1,55700000063371444,,0,2055700000062123537
9011005000200000,1,55700000063371490,,0,2055700000062123537
9011005000200000,1,55700000063371559,,0,2055700000062123537
9011005000200000,1,55700000063375027,,0,2055700000061766276
9011005000200000,1,55700000063375123,,0,2055700000061766276
9011005000200000,6,55700000063370220,,0,2055700000061766276
9011005000200000,7,55700000063370348,,0,2055700000061766276
9011005000200000,6,55700000063370480,,0,2055700000061766276
9011005000200000,1,55700000063371398,,0,2055700000062123537
9011005000200000,1,55700000063371467,,0,2055700000062123537
9011005000200000,1,55700000063371536,,0,2055700000062123537
9011005000200000,1,55700000063375091,,0,2055700000061766276
9011005000200000,1,55700000065257944,,0,2055700000061766276
9011005000200000,1,55700000065258076,,0,2055700000061766276
9011005000200000,1,55700000065258396,,0,2055700000061766276
9011005000200000,1,55700000065258561,,0,2055700000061766276
9011005000200000,1,55700000065258660,,0,2055700000061766276
9011005000200000,1,55700000065258759,,0,2055700000061766276
9011005000200000,1,55700000065258792,,0,2055700000061766276
9011005000200000,1,55700000065259056,,0,2055700000061766276
9011005000200000,1,55700000065259551,,0,2055700000061766276
9011005000200000,1,55700000065259617,,0,2055700000061766276
9011005000200000,1,55700000065259683,,0,2055700000061766276
9011005000200000,1,55700000065259848,,0,2055700000061766276
9011005000200000,1,55700000065259947,,0,2055700000061766276
9011005000200000,1,55700000065260145,,0,2055700000061766276
9011005000200000,1,55700000065260310,,0,2055700000061766276
9011005000200000,2,55700000065260570,,0,2055700000061766276
9011005000200000,2,55700000065260636,,0,2055700000061766276
9011005000200000,2,55700000065260735,,0,2055700000061766276
9011005000200000,2,55700000065260834,,0,2055700000061766276
9011005000200000,2,55700000065261065,,0,2055700000061766276
9011005000200000,2,55700000065261230,,0,2055700000061766276
9011005000200000,6,55700000065261296,,0,2055700000061766276
9011005000200000,6,55700000065261626,,0,2055700000061766276
9011005000200000,6,55700000065261725,,0,2055700000061766276
9011005000200000,2,55700000065262148,,0,2055700000061766276
9011005000200000,2,55700000065262280,,0,2055700000061766276
9011005000200000,2,55700000065262313,,0,2055700000061766276
9011005000200000,2,55700000065262412,,0,2055700000061766276
9011005000200000,2,55700000065262478,,0,2055700000061766276
9011005000200000,2,55700000065262502,,0,2055700000062123537
9011005000200000,2,55700000065262622,,0,2055700000061766276
9011005000200000,2,55700000065262686,,0,2055700000061766276
9011005000200000,2,55700000065262846,,0,2055700000061766276
9011005000200000,2,55700000065262910,,0,2055700000061766276
9011005000200000,2,55700000065263062,,0,2055700000062123537
9011005000200000,6,55700000065263404,,0,2055700000061766276
9011005000200000,6,55700000065263536,,0,2055700000061766276
9011005000200000,6,55700000065263761,,0,2055700000061766276
9011005000200000,6,55700000065263857,,0,2055700000061766276
9011005000200000,6,55700000065263921,,0,2055700000061766276
9011005000200000,6,55700000065263945,,0,2055700000062123537
9011005000200000,6,55700000065263969,,0,2055700000062123537
9011005000200000,5,55700000065264289,,0,2055700000061766276
9011005000200000,1,55700000065264518,,0,2055700000061766276
9011005000200000,1,55700000065264551,,0,2055700000061766276
9011005000200000,1,55700000065264617,,0,2055700000061766276
9011005000200000,1,55700000065264650,,0,2055700000061766276
9011005000200000,6,55700000065264683,,0,2055700000061766276
9011005000200000,1,55700000065264978,,0,2055700000061766276
9011005000200000,1,55700000065265352,,0,2055700000065250085
9011005000200000,1,55700000065257977,,0,2055700000061766276
9011005000200000,1,55700000065258297,,0,2055700000061766276
9011005000200000,1,55700000065258363,,0,2055700000061766276
9011005000200000,1,55700000065258429,,0,2055700000061766276
9011005000200000,1,55700000065258693,,0,2055700000061766276
9011005000200000,1,55700000065259089,,0,2055700000061766276
9011005000200000,1,55700000065259122,,0,2055700000061766276
9011005000200000,1,55700000065259188,,0,2055700000061766276
9011005000200000,1,55700000065259287,,0,2055700000061766276
9011005000200000,1,55700000065259386,,0,2055700000061766276
9011005000200000,1,55700000065259518,,0,2055700000061766276
9011005000200000,1,55700000065259584,,0,2055700000061766276
9011005000200000,1,55700000065259716,,0,2055700000061766276
9011005000200000,1,55700000065259749,,0,2055700000061766276
9011005000200000,1,55700000065259782,,0,2055700000061766276
9011005000200000,1,55700000065259815,,0,2055700000061766276
9011005000200000,1,55700000065260046,,0,2055700000061766276
9011005000200000,1,55700000065260079,,0,2055700000061766276
9011005000200000,1,55700000065260112,,0,2055700000061766276
9011005000200000,1,55700000065260178,,0,2055700000061766276
9011005000200000,2,55700000065260447,,0,2055700000062123537
9011005000200000,2,55700000065260999,,0,2055700000061766276
9011005000200000,2,55700000065261131,,0,2055700000061766276
9011005000200000,6,55700000065261263,,0,2055700000061766276
9011005000200000,6,55700000065261395,,0,2055700000061766276
9011005000200000,6,55700000065261428,,0,2055700000061766276
9011005000200000,6,55700000065261461,,0,2055700000061766276
9011005000200000,6,55700000065261560,,0,2055700000061766276
9011005000200000,6,55700000065261593,,0,2055700000061766276
9011005000200000,6,55700000065261659,,0,2055700000061766276
9011005000200000,2,55700000065261855,,0,2055700000061766276
9011005000200000,2,55700000065262050,,0,2055700000061766276
9011005000200000,2,55700000065262346,,0,2055700000061766276
9011005000200000,2,55700000065262379,,0,2055700000061766276
9011005000200000,2,55700000065262590,,0,2055700000061766276
9011005000200000,2,55700000065262654,,0,2055700000061766276
9011005000200000,2,55700000065262718,,0,2055700000061766276
9011005000200000,6,55700000065263206,,0,2055700000061766276
9011005000200000,6,55700000065263338,,0,2055700000061766276
9011005000200000,6,55700000065263601,,0,2055700000061766276
9011005000200000,6,55700000065263793,,0,2055700000061766276
9011005000200000,6,55700000065264161,,0,2055700000062123537
9011005000200000,5,55700000065264337,,0,2055700000061766276
9011005000200000,6,55700000065264881,,0,2055700000061766276
9011005000200000,1,55700000065265010,,0,2055700000061766276
9011005000200000,1,55700000065265106,,0,2055700000061766276
9011005000200000,8,55700000065265234,,0,2055700000061766276
9011005000200000,8,55700000065265298,,0,2055700000061766276
9011005000200000,1,55700000065258109,,0,2055700000061766276
9011005000200000,9,55700000065258129,,0,2055700000062123569
9011005000200000,1,55700000065258165,,0,2055700000061766276
9011005000200000,1,55700000065258198,,0,2055700000061766276
9011005000200000,1,55700000065258330,,0,2055700000061766276
9011005000200000,1,55700000065258462,,0,2055700000061766276
9011005000200000,1,55700000065258528,,0,2055700000061766276
9011005000200000,1,55700000065258594,,0,2055700000061766276
9011005000200000,1,55700000065258627,,0,2055700000061766276
9011005000200000,1,55700000065258924,,0,2055700000061766276
9011005000200000,1,55700000065258957,,0,2055700000061766276
9011005000200000,1,55700000065259320,,0,2055700000061766276
9011005000200000,1,55700000065259452,,0,2055700000061766276
9011005000200000,1,55700000065259485,,0,2055700000061766276
9011005000200000,1,55700000065259650,,0,2055700000061766276
9011005000200000,1,55700000065259914,,0,2055700000061766276
9011005000200000,1,55700000065259980,,0,2055700000061766276
9011005000200000,1,55700000065260277,,0,2055700000061766276
9011005000200000,2,55700000065260423,,0,2055700000062123537
9011005000200000,2,55700000065260471,,0,2055700000062123537
9011005000200000,2,55700000065260669,,0,2055700000061766276
9011005000200000,2,55700000065260702,,0,2055700000061766276
9011005000200000,2,55700000065260768,,0,2055700000061766276
9011005000200000,2,55700000065260801,,0,2055700000061766276
9011005000200000,2,55700000065260867,,0,2055700000061766276
9011005000200000,2,55700000065260933,,0,2055700000061766276
9011005000200000,2,55700000065260966,,0,2055700000061766276
9011005000200000,2,55700000065261032,,0,2055700000061766276
9011005000200000,2,55700000065261098,,0,2055700000061766276
9011005000200000,2,55700000065261197,,0,2055700000061766276
9011005000200000,6,55700000065261494,,0,2055700000061766276
9011005000200000,6,55700000065261692,,0,2055700000061766276
9011005000200000,6,55700000065261758,,0,2055700000061766276
9011005000200000,2,55700000065261790,,0,2055700000061766276
9011005000200000,2,55700000065261888,,0,2055700000061766276
9011005000200000,2,55700000065261953,,0,2055700000061766276
9011005000200000,2,55700000065261985,,0,2055700000061766276
9011005000200000,2,55700000065262558,,0,2055700000061766276
9011005000200000,2,55700000065262878,,0,2055700000061766276
9011005000200000,2,55700000065262942,,0,2055700000061766276
9011005000200000,2,55700000065263038,,0,2055700000062123537
9011005000200000,2,55700000065263086,,0,2055700000062123537
9011005000200000,6,55700000065263239,,0,2055700000061766276
9011005000200000,6,55700000065263633,,0,2055700000061766276
9011005000200000,6,55700000065263665,,0,2055700000061766276
9011005000200000,6,55700000065263697,,0,2055700000061766276
9011005000200000,6,55700000065263729,,0,2055700000061766276
9011005000200000,6,55700000065264017,,0,2055700000062123537
9011005000200000,6,55700000065264065,,0,2055700000062123537
9011005000200000,6,55700000065264089,,0,2055700000062123537
9011005000200000,6,55700000065264137,,0,2055700000062123537
9011005000200000,5,55700000065264193,,0,2055700000061766276
9011005000200000,1,55700000065264419,,0,2055700000061766276
9011005000200000,1,55700000065264452,,0,2055700000061766276
9011005000200000,1,55700000065264485,,0,2055700000061766276
9011005000200000,1,55700000065264584,,0,2055700000061766276
9011005000200000,6,55700000065264716,,0,2055700000061766276
9011005000200000,6,55700000065264749,,0,2055700000061766276
9011005000200000,6,55700000065264782,,0,2055700000061766276
9011005000200000,6,55700000065264815,,0,2055700000061766276
9011005000200000,6,55700000065264848,,0,2055700000061766276
9011005000200000,6,55700000065264914,,0,2055700000061766276
9011005000200000,1,55700000065265042,,0,2055700000061766276
9011005000200000,1,55700000065265074,,0,2055700000061766276
9011005000200000,1,55700000065258010,,0,2055700000061766276
9011005000200000,1,55700000065258043,,0,2055700000061766276
9011005000200000,1,55700000065258231,,0,2055700000061766276
9011005000200000,1,55700000065258264,,0,2055700000061766276
9011005000200000,1,55700000065258495,,0,2055700000061766276
9011005000200000,1,55700000065258726,,0,2055700000061766276
9011005000200000,1,55700000065258825,,0,2055700000061766276
9011005000200000,1,55700000065258858,,0,2055700000061766276
9011005000200000,1,55700000065258891,,0,2055700000061766276
9011005000200000,1,55700000065258990,,0,2055700000061766276
9011005000200000,1,55700000065259023,,0,2055700000061766276
9011005000200000,1,55700000065259155,,0,2055700000061766276
9011005000200000,1,55700000065259221,,0,2055700000061766276
9011005000200000,1,55700000065259254,,0,2055700000061766276
9011005000200000,1,55700000065259353,,0,2055700000061766276
9011005000200000,1,55700000065259419,,0,2055700000061766276
9011005000200000,1,55700000065259881,,0,2055700000061766276
9011005000200000,1,55700000065260013,,0,2055700000061766276
9011005000200000,1,55700000065260211,,0,2055700000061766276
9011005000200000,1,55700000065260244,,0,2055700000061766276
9011005000200000,1,55700000065260363,,0,2055700000061766276
9011005000200000,2,55700000065260504,,0,2055700000061766276
9011005000200000,2,55700000065260537,,0,2055700000061766276
9011005000200000,2,55700000065260603,,0,2055700000061766276
9011005000200000,2,55700000065260900,,0,2055700000061766276
9011005000200000,2,55700000065261164,,0,2055700000061766276
9011005000200000,6,55700000065261329,,0,2055700000061766276
9011005000200000,6,55700000065261362,,0,2055700000061766276
9011005000200000,6,55700000065261527,,0,2055700000061766276
9011005000200000,2,55700000065261823,,0,2055700000061766276
9011005000200000,2,55700000065261920,,0,2055700000061766276
9011005000200000,2,55700000065262018,,0,2055700000061766276
9011005000200000,2,55700000065262083,,0,2055700000061766276
9011005000200000,2,55700000065262115,,0,2055700000061766276
9011005000200000,2,55700000065262181,,0,2055700000061766276
9011005000200000,2,55700000065262214,,0,2055700000061766276
9011005000200000,2,55700000065262247,,0,2055700000061766276
9011005000200000,2,55700000065262445,,0,2055700000061766276
9011005000200000,2,55700000065262526,,0,2055700000062123537
9011005000200000,2,55700000065262750,,0,2055700000061766276
9011005000200000,2,55700000065262782,,0,2055700000061766276
9011005000200000,2,55700000065262814,,0,2055700000061766276
9011005000200000,2,55700000065262966,,0,2055700000062123537
9011005000200000,2,55700000065262990,,0,2055700000062123537
9011005000200000,2,55700000065263014,,0,2055700000062123537
9011005000200000,2,55700000065263110,,0,2055700000062123537
9011005000200000,2,55700000065263134,,0,2055700000062123537
9011005000200000,6,55700000065263173,,0,2055700000061766276
9011005000200000,6,55700000065263272,,0,2055700000061766276
9011005000200000,6,55700000065263305,,0,2055700000061766276
9011005000200000,6,55700000065263371,,0,2055700000061766276
9011005000200000,6,55700000065263437,,0,2055700000061766276
9011005000200000,6,55700000065263470,,0,2055700000061766276
9011005000200000,6,55700000065263503,,0,2055700000061766276
9011005000200000,6,55700000065263569,,0,2055700000061766276
9011005000200000,6,55700000065263825,,0,2055700000061766276
9011005000200000,6,55700000065263889,,0,2055700000061766276
9011005000200000,6,55700000065263993,,0,2055700000062123537
9011005000200000,6,55700000065264041,,0,2055700000062123537
9011005000200000,6,55700000065264113,,0,2055700000062123537
9011005000200000,5,55700000065264241,,0,2055700000061766276
9011005000200000,1,55700000065264386,,0,2055700000061766276
9011005000200000,1,55700000065264946,,0,2055700000061766276
9011005000200000,1,55700000065265138,,0,2055700000061766276
9011005000200000,1,55700000065265170,,0,2055700000061766276
9011005000200000,1,55700000065265202,,0,2055700000061766276
9011005000200000,8,55700000065265266,,0,2055700000061766276
9011005000200000,8,55700000065265330,,0,2055700000061766276
9011005000300000,2,55700000063627599,,1,2055700000054710291
9011005000300000,2,55700000063627659,,1,2055700000054710291
9011005000300000,6,55700000063628198,,1,2055700000056346351
9011005000300000,7,55700000063628311,,1,2055700000056346351
9011005000300000,1,55700000063628669,,1,2055700000054710291
9011005000300000,2,55700000063627629,,1,2055700000054710291
9011005000300000,1,55700000063627779,,1,2055700000054710291
9011005000300000,1,55700000063627839,,1,2055700000054710291
9011005000300000,6,55700000063628049,,1,2055700000054710291
9011005000300000,6,55700000063628109,,1,2055700000054710291
9011005000300000,1,55700000063628175,,1,2055700000056346382
9011005000300000,7,55700000063628355,,1,2055700000056346351
9011005000300000,7,55700000063628399,,1,2055700000056346351
9011005000300000,7,55700000063628421,,1,2055700000056346351
9011005000300000,1,55700000063628757,,1,2055700000054710291
9011005000300000,1,55700000063628964,,1,2055700000054710291
9011005000300000,1,55700000063629320,,1,2055700000054710291
9011005000300000,1,55700000063629617,,1,2055700000054710291
9011005000300000,1,55700000063629736,,1,2055700000054710291
9011005000300000,1,55700000063629765,,1,2055700000054710291
9011005000300000,1,55700000063629854,,1,2055700000054710291
9011005000300000,1,55700000063629973,,1,2055700000054710291
9011005000300000,1,55700000063630119,,1,2055700000054710291
9011005000300000,1,55700000063630177,,1,2055700000054710291
9011005000300000,1,55700000063630322,,1,2055700000054710291
9011005000300000,1,55700000063630351,,1,2055700000054710291
9011005000300000,1,55700000063630380,,1,2055700000054710291
9011005000300000,1,55700000063630467,,1,2055700000054710291
9011005000300000,6,55700000063631031,,1,2055700000054710291
9011005000300000,1,55700000063631211,,1,2055700000054710291
9011005000300000,1,55700000063631271,,1,2055700000054710291
9011005000300000,8,55700000063631511,,1,2055700000054710291
9011005000300000,2,55700000063631961,,1,2055700000054710291
9011005000300000,2,55700000063632021,,1,2055700000054710291
9011005000300000,7,55700000063632231,,1,2055700000054710291
9011005000300000,7,55700000063632351,,1,2055700000054710291
9011005000300000,6,55700000063632427,,1,2055700000054710291
9011005000300000,6,55700000063632517,,1,2055700000054710291
9011005000300000,6,55700000063632547,,1,2055700000054710291
9011005000300000,2,55700000063632757,,1,2055700000054710291
9011005000300000,2,55700000063632847,,1,2055700000054710291
9011005000300000,2,55700000063632907,,1,2055700000054710291
9011005000300000,2,55700000063632997,,1,2055700000054710291
9011005000300000,7,55700000063633207,,1,2055700000054710291
9011005000300000,7,55700000063633276,,1,2055700000054710291
9011005000300000,7,55700000063633365,,1,2055700000054710291
9011005000300000,10,55700000063633755,,1,2055700000054710291
9011005000300000,10,55700000063633785,,1,2055700000054710291
9011005000300000,10,55700000063633845,,1,2055700000054710291
9011005000300000,1,55700000063634182,,1,2055700000056346351
9011005000300000,1,55700000063634205,,1,2055700000056346351
9011005000300000,1,55700000063628934,,1,2055700000054710291
9011005000300000,1,55700000063629053,,1,2055700000054710291
9011005000300000,1,55700000063629231,,1,2055700000054710291
9011005000300000,1,55700000063629350,,1,2055700000054710291
9011005000300000,1,55700000063629409,,1,2055700000054710291
9011005000300000,1,55700000063629528,,1,2055700000054710291
9011005000300000,1,55700000063629558,,1,2055700000054710291
9011005000300000,1,55700000063629676,,1,2055700000054710291
9011005000300000,1,55700000063629706,,1,2055700000054710291
9011005000300000,1,55700000063629795,,1,2055700000054710291
9011005000300000,1,55700000063629943,,1,2055700000054710291
9011005000300000,1,55700000063630003,,1,2055700000054710291
9011005000300000,1,55700000063630061,,1,2055700000054710291
9011005000300000,1,55700000063630235,,1,2055700000054710291
9011005000300000,1,55700000063630264,,1,2055700000054710291
9011005000300000,1,55700000063630293,,1,2055700000054710291
9011005000300000,1,55700000063630795,,1,2055700000054710291
9011005000300000,1,55700000063630824,,1,2055700000054710291
9011005000300000,1,55700000063630853,,1,2055700000054710291
9011005000300000,6,55700000063631002,,1,2055700000054710291
9011005000300000,6,55700000063631121,,1,2055700000054710291
9011005000300000,6,55700000063631181,,1,2055700000054710291
9011005000300000,1,55700000063631301,,1,2055700000054710291
9011005000300000,1,55700000063631361,,1,2055700000054710291
9011005000300000,1,55700000063631391,,1,2055700000054710291
9011005000300000,1,55700000063631481,,1,2055700000054710291
9011005000300000,8,55700000063631601,,1,2055700000054710291
9011005000300000,8,55700000063631631,,1,2055700000054710291
9011005000300000,2,55700000063631677,,1,2055700000056346351
9011005000300000,2,55700000063631812,,1,2055700000054710291
9011005000300000,2,55700000063631872,,1,2055700000054710291
9011005000300000,2,55700000063631931,,1,2055700000054710291
9011005000300000,2,55700000063631991,,1,2055700000054710291
9011005000300000,7,55700000063632261,,1,2055700000054710291
9011005000300000,7,55700000063632321,,1,2055700000054710291
9011005000300000,6,55700000063632457,,1,2055700000054710291
9011005000300000,6,55700000063632607,,1,2055700000054710291
9011005000300000,2,55700000063633027,,1,2055700000054710291
9011005000300000,2,55700000063633057,,1,2055700000054710291
9011005000300000,7,55700000063633117,,1,2055700000054710291
9011005000300000,7,55700000063633307,,1,2055700000054710291
9011005000300000,7,55700000063633485,,1,2055700000054710291
9011005000300000,7,55700000063633515,,1,2055700000054710291
9011005000300000,7,55700000063633665,,1,2055700000054710291
9011005000300000,10,55700000063633725,,1,2055700000054710291
9011005000300000,1,55700000063634228,,1,2055700000056346351
9011005000300000,6,55700000063627869,,1,2055700000054710291
9011005000300000,6,55700000063627899,,1,2055700000054710291
9011005000300000,6,55700000063627959,,1,2055700000054710291
9011005000300000,6,55700000063627989,,1,2055700000054710291
9011005000300000,6,55700000063628019,,1,2055700000054710291
9011005000300000,6,55700000063628079,,1,2055700000054710291
9011005000300000,6,55700000063628139,,1,2055700000054710291
9011005000300000,7,55700000063628289,,1,2055700000056346351
9011005000300000,7,55700000063628377,,1,2055700000056346351
9011005000300000,1,55700000063628519,,1,2055700000054710291
9011005000300000,1,55700000063628549,,1,2055700000054710291
9011005000300000,1,55700000063628579,,1,2055700000054710291
9011005000300000,1,55700000063628786,,1,2055700000054710291
9011005000300000,1,55700000063628815,,1,2055700000054710291
9011005000300000,1,55700000063628844,,1,2055700000054710291
9011005000300000,1,55700000063628874,,1,2055700000054710291
9011005000300000,1,55700000063628994,,1,2055700000054710291
9011005000300000,1,55700000063629024,,1,2055700000054710291
9011005000300000,1,55700000063629142,,1,2055700000054710291
9011005000300000,1,55700000063629172,,1,2055700000054710291
9011005000300000,1,55700000063629202,,1,2055700000054710291
9011005000300000,1,55700000063629380,,1,2055700000054710291
9011005000300000,1,55700000063629469,,1,2055700000054710291
9011005000300000,1,55700000063629825,,1,2055700000054710291
9011005000300000,1,55700000063629914,,1,2055700000054710291
9011005000300000,1,55700000063630090,,1,2055700000054710291
9011005000300000,1,55700000063630148,,1,2055700000054710291
9011005000300000,1,55700000063630206,,1,2055700000054710291
9011005000300000,1,55700000063630409,,1,2055700000054710291
9011005000300000,2,55700000063627570,,1,2055700000054710291
9011005000300000,2,55700000063627689,,1,2055700000054710291
9011005000300000,2,55700000063627719,,1,2055700000054710291
9011005000300000,2,55700000063627749,,1,2055700000054710291
9011005000300000,1,55700000063627809,,1,2055700000054710291
9011005000300000,6,55700000063627929,,1,2055700000054710291
9011005000300000,1,55700000063628157,,1,2055700000056346382
9011005000300000,6,55700000063628221,,1,2055700000056346351
9011005000300000,6,55700000063628244,,1,2055700000056346351
9011005000300000,6,55700000063628267,,1,2055700000056346351
9011005000300000,7,55700000063628333,,1,2055700000056346351
9011005000300000,7,55700000063628443,,1,2055700000056346351
9011005000300000,1,55700000063628489,,1,2055700000054710291
9011005000300000,1,55700000063628609,,1,2055700000054710291
9011005000300000,1,55700000063628639,,1,2055700000054710291
9011005000300000,1,55700000063628699,,1,2055700000054710291
9011005000300000,1,55700000063628728,,1,2055700000054710291
9011005000300000,1,55700000063628904,,1,2055700000054710291
9011005000300000,1,55700000063629083,,1,2055700000054710291
9011005000300000,1,55700000063629113,,1,2055700000054710291
9011005000300000,1,55700000063629261,,1,2055700000054710291
9011005000300000,1,55700000063629291,,1,2055700000054710291
9011005000300000,1,55700000063629439,,1,2055700000054710291
9011005000300000,1,55700000063629498,,1,2055700000054710291
9011005000300000,1,55700000063629587,,1,2055700000054710291
9011005000300000,1,55700000063629647,,1,2055700000054710291
9011005000300000,1,55700000063629884,,1,2055700000054710291
9011005000300000,1,55700000063630032,,1,2055700000054710291
9011005000300000,1,55700000063630438,,1,2055700000054710291
9011005000300000,1,55700000063630497,,1,2055700000054710291
9011005000300000,1,55700000063630527,,1,2055700000054710291
9011005000300000,1,55700000063630587,,1,2055700000054710291
9011005000300000,1,55700000063630647,,1,2055700000054710291
9011005000300000,1,55700000063630677,,1,2055700000054710291
9011005000300000,1,55700000063630707,,1,2055700000054710291
9011005000300000,1,55700000063630557,,1,2055700000054710291
9011005000300000,1,55700000063630617,,1,2055700000054710291
9011005000300000,1,55700000063630882,,1,2055700000054710291
9011005000300000,6,55700000063630942,,1,2055700000054710291
9011005000300000,6,55700000063630972,,1,2055700000054710291
9011005000300000,1,55700000063631421,,1,2055700000054710291
9011005000300000,1,55700000063631451,,1,2055700000054710291
9011005000300000,2,55700000063631700,,1,2055700000056346351
9011005000300000,2,55700000063631783,,1,2055700000054710291
9011005000300000,2,55700000063631902,,1,2055700000054710291
9011005000300000,2,55700000063632051,,1,2055700000054710291
9011005000300000,2,55700000063632081,,1,2055700000054710291
9011005000300000,7,55700000063632141,,1,2055700000054710291
9011005000300000,6,55700000063632487,,1,2055700000054710291
9011005000300000,6,55700000063632577,,1,2055700000054710291
9011005000300000,6,55700000063632637,,1,2055700000054710291
9011005000300000,6,55700000063632727,,1,2055700000054710291
9011005000300000,2,55700000063632817,,1,2055700000054710291
9011005000300000,2,55700000063632877,,1,2055700000054710291
9011005000300000,2,55700000063633087,,1,2055700000054710291
9011005000300000,7,55700000063633147,,1,2055700000054710291
9011005000300000,7,55700000063633177,,1,2055700000054710291
9011005000300000,7,55700000063633237,,1,2055700000054710291
9011005000300000,7,55700000063633336,,1,2055700000054710291
9011005000300000,7,55700000063633395,,1,2055700000054710291
9011005000300000,7,55700000063633455,,1,2055700000054710291
9011005000300000,7,55700000063633575,,1,2055700000054710291
9011005000300000,7,55700000063633605,,1,2055700000054710291
9011005000300000,6,55700000063633874,,1,2055700000054710291
9011005000300000,1,55700000063634090,,1,2055700000056346351
9011005000300000,1,55700000063634159,,1,2055700000056346351
9011005000300000,1,55700000063630737,,1,2055700000054710291
9011005000300000,1,55700000063630766,,1,2055700000054710291
9011005000300000,1,55700000063630912,,1,2055700000054710291
9011005000300000,6,55700000063631061,,1,2055700000054710291
9011005000300000,6,55700000063631091,,1,2055700000054710291
9011005000300000,6,55700000063631151,,1,2055700000054710291
9011005000300000,1,55700000063631241,,1,2055700000054710291
9011005000300000,1,55700000063631331,,1,2055700000054710291
9011005000300000,8,55700000063631541,,1,2055700000054710291
9011005000300000,8,55700000063631571,,1,2055700000054710291
9011005000300000,2,55700000063631654,,1,2055700000056346351
9011005000300000,2,55700000063631723,,1,2055700000056346351
9011005000300000,2,55700000063631753,,1,2055700000054710291
9011005000300000,2,55700000063631842,,1,2055700000054710291
9011005000300000,2,55700000063632111,,1,2055700000054710291
9011005000300000,7,55700000063632171,,1,2055700000054710291
9011005000300000,7,55700000063632201,,1,2055700000054710291
9011005000300000,7,55700000063632291,,1,2055700000054710291
9011005000300000,6,55700000063632397,,1,2055700000054710291
9011005000300000,6,55700000063632667,,1,2055700000054710291
9011005000300000,6,55700000063632697,,1,2055700000054710291
9011005000300000,2,55700000063632787,,1,2055700000054710291
9011005000300000,2,55700000063632937,,1,2055700000054710291
9011005000300000,2,55700000063632967,,1,2055700000054710291
9011005000300000,7,55700000063633425,,1,2055700000054710291
9011005000300000,7,55700000063633545,,1,2055700000054710291
9011005000300000,7,55700000063633635,,1,2055700000054710291
9011005000300000,7,55700000063633695,,1,2055700000054710291
9011005000300000,10,55700000063633815,,1,2055700000054710291
9011005000300000,1,55700000063634113,,1,2055700000056346351
9011005000300000,1,55700000063634136,,1,2055700000056346351
9011005000300000,1,55700000063634251,,1,2055700000056346351
9011005000300000,6,55700000063634604,,0,2055700000054710361
9011005000300000,6,55700000063634753,,0,2055700000054710361
9011005000300000,7,55700000063635097,,0,2055700000054710361
9011005000300000,7,55700000063635186,,0,2055700000054710361
9011005000300000,7,55700000063635216,,0,2055700000054710361
9011005000300000,10,55700000063635516,,0,2055700000054710361
9011005000300000,7,55700000063635948,,0,2055700000054710361
9011005000300000,7,55700000063635978,,0,2055700000054710361
9011005000300000,7,55700000063636152,,0,2055700000054710361
9011005000300000,7,55700000063636210,,0,2055700000054710361
9011005000300000,7,55700000063636270,,0,2055700000054710361
9011005000300000,6,55700000063636450,,0,2055700000054710361
9011005000300000,2,55700000063636669,,0,2055700000054710361
9011005000300000,2,55700000063636699,,0,2055700000054710361
9011005000300000,2,55700000063636787,,0,2055700000054710361
9011005000300000,2,55700000063636961,,0,2055700000054710361
9011005000300000,1,55700000063637806,,0,2055700000054710361
9011005000300000,1,55700000063637866,,0,2055700000054710361
9011005000300000,8,55700000063638046,,0,2055700000054710361
9011005000300000,8,55700000063638076,,0,2055700000054710361
9011005000300000,1,55700000063638256,,0,2055700000054710361
9011005000300000,1,55700000063638436,,0,2055700000054710361
9011005000300000,1,55700000063638616,,0,2055700000054710361
9011005000300000,1,55700000063638676,,0,2055700000054710361
9011005000300000,1,55700000063638706,,0,2055700000054710361
9011005000300000,1,55700000063638766,,0,2055700000054710361
9011005000300000,1,55700000063638856,,0,2055700000054710361
9011005000300000,1,55700000063638946,,0,2055700000054710361
9011005000300000,1,55700000063639066,,0,2055700000054710361
9011005000300000,1,55700000063639156,,0,2055700000054710361
9011005000300000,1,55700000063639396,,0,2055700000054710361
9011005000300000,1,55700000063639666,,0,2055700000054710361
9011005000300000,1,55700000063639786,,0,2055700000054710361
9011005000300000,1,55700000063639936,,0,2055700000054710361
9011005000300000,1,55700000063639966,,0,2055700000054710361
9011005000300000,1,55700000063640266,,0,2055700000054710361
9011005000300000,1,55700000063640296,,0,2055700000054710361
9011005000300000,1,55700000063640356,,0,2055700000054710361
9011005000300000,1,55700000063640386,,0,2055700000054710361
9011005000300000,6,55700000063634281,,0,2055700000054710361
9011005000300000,6,55700000063634426,,0,2055700000054710361
9011005000300000,6,55700000063634484,,0,2055700000054710361
9011005000300000,6,55700000063634514,,0,2055700000054710361
9011005000300000,6,55700000063634723,,0,2055700000054710361
9011005000300000,7,55700000063635126,,0,2055700000054710361
9011005000300000,7,55700000063635306,,0,2055700000054710361
9011005000300000,7,55700000063635336,,0,2055700000054710361
9011005000300000,7,55700000063635456,,0,2055700000054710361
9011005000300000,7,55700000063636007,,0,2055700000054710361
9011005000300000,7,55700000063636094,,0,2055700000054710361
9011005000300000,7,55700000063636123,,0,2055700000054710361
9011005000300000,7,55700000063636181,,0,2055700000054710361
9011005000300000,6,55700000063636570,,0,2055700000054710361
9011005000300000,2,55700000063636758,,0,2055700000054710361
9011005000300000,2,55700000063636903,,0,2055700000054710361
9011005000300000,2,55700000063637077,,0,2055700000054710361
9011005000300000,2,55700000063637106,,0,2055700000054710361
9011005000300000,2,55700000063637270,,0,2055700000054710361
9011005000300000,2,55700000063637330,,0,2055700000054710361
9011005000300000,2,55700000063637360,,0,2055700000054710361
9011005000300000,2,55700000063637419,,0,2055700000054710361
9011005000300000,1,55700000063637656,,0,2055700000054710361
9011005000300000,1,55700000063637686,,0,2055700000054710361
9011005000300000,1,55700000063637716,,0,2055700000054710361
9011005000300000,1,55700000063637896,,0,2055700000054710361
9011005000300000,1,55700000063638196,,0,2055700000054710361
9011005000300000,1,55700000063638316,,0,2055700000054710361
9011005000300000,1,55700000063638646,,0,2055700000054710361
9011005000300000,1,55700000063638976,,0,2055700000054710361
9011005000300000,1,55700000063639036,,0,2055700000054710361
9011005000300000,1,55700000063639126,,0,2055700000054710361
9011005000300000,1,55700000063639216,,0,2055700000054710361
9011005000300000,1,55700000063639246,,0,2055700000054710361
9011005000300000,1,55700000063639276,,0,2055700000054710361
9011005000300000,1,55700000063639366,,0,2055700000054710361
9011005000300000,1,55700000063639486,,0,2055700000054710361
9011005000300000,1,55700000063639636,,0,2055700000054710361
9011005000300000,1,55700000063639756,,0,2055700000054710361
9011005000300000,1,55700000063640026,,0,2055700000054710361
9011005000300000,1,55700000063640176,,0,2055700000054710361
9011005000300000,1,55700000063640476,,0,2055700000054710361
9011005000300000,1,55700000063640566,,0,2055700000054710361
9011005000300000,1,55700000063640596,,0,2055700000054710361
9011005000300000,1,55700000063640686,,0,2055700000054710361
9011005000300000,6,55700000063634339,,0,2055700000054710361
9011005000300000,6,55700000063634397,,0,2055700000054710361
9011005000300000,6,55700000063634544,,0,2055700000054710361
9011005000300000,6,55700000063634694,,0,2055700000054710361
9011005000300000,7,55700000063635067,,0,2055700000054710361
9011005000300000,7,55700000063635366,,0,2055700000054710361
9011005000300000,10,55700000063635486,,0,2055700000054710361
9011005000300000,10,55700000063635576,,0,2055700000054710361
9011005000300000,7,55700000063635766,,0,2055700000054710361
9011005000300000,7,55700000063635828,,0,2055700000054710361
9011005000300000,7,55700000063635918,,0,2055700000054710361
9011005000300000,7,55700000063636300,,0,2055700000054710361
9011005000300000,6,55700000063636390,,0,2055700000054710361
9011005000300000,6,55700000063636480,,0,2055700000054710361
9011005000300000,6,55700000063636510,,0,2055700000054710361
9011005000300000,2,55700000063636640,,0,2055700000054710361
9011005000300000,2,55700000063636729,,0,2055700000054710361
9011005000300000,1,55700000064864700,,0,2055700000056346423
9011005000300000,1,55700000064864810,,0,2055700000056346423
9011005000300000,7,55700000064864876,,0,2055700000056346423
9011005000300000,7,55700000064864920,,0,2055700000056346423
9011005000300000,7,55700000064865095,,0,2055700000056346423
9011005000300000,1,55700000064864722,,0,2055700000056346423
9011005000300000,1,55700000064864832,,0,2055700000056346423
9011005000300000,7,55700000064865139,,0,2055700000056346423
9011005000300000,7,55700000064865161,,0,2055700000056346423
9011005000300000,7,55700000064865205,,0,2055700000056346423
9011005000300000,7,55700000064865271,,0,2055700000056346423
9011005000300000,6,55700000063634310,,0,2055700000054710361
9011005000300000,6,55700000063634368,,0,2055700000054710361
9011005000300000,6,55700000063634455,,0,2055700000054710361
9011005000300000,6,55700000063634574,,0,2055700000054710361
9011005000300000,6,55700000063634634,,0,2055700000054710361
9011005000300000,6,55700000063634664,,0,2055700000054710361
9011005000300000,6,55700000063634782,,0,2055700000054710361
9011005000300000,6,55700000063634812,,0,2055700000054710361
9011005000300000,7,55700000063635156,,0,2055700000054710361
9011005000300000,7,55700000063635246,,0,2055700000054710361
9011005000300000,7,55700000063635276,,0,2055700000054710361
9011005000300000,7,55700000063635396,,0,2055700000054710361
9011005000300000,7,55700000063635426,,0,2055700000054710361
9011005000300000,10,55700000063635546,,0,2055700000054710361
9011005000300000,7,55700000063635798,,0,2055700000054710361
9011005000300000,7,55700000063635858,,0,2055700000054710361
9011005000300000,2,55700000063636816,,0,2055700000054710361
9011005000300000,2,55700000063637048,,0,2055700000054710361
9011005000300000,2,55700000063637300,,0,2055700000054710361
9011005000300000,8,55700000063638016,,0,2055700000054710361
9011005000300000,1,55700000063638136,,0,2055700000054710361
9011005000300000,1,55700000063638166,,0,2055700000054710361
9011005000300000,1,55700000063638286,,0,2055700000054710361
9011005000300000,1,55700000063638346,,0,2055700000054710361
9011005000300000,1,55700000063638376,,0,2055700000054710361
9011005000300000,1,55700000063638406,,0,2055700000054710361
9011005000300000,1,55700000063638556,,0,2055700000054710361
9011005000300000,1,55700000063638586,,0,2055700000054710361
9011005000300000,1,55700000063638796,,0,2055700000054710361
9011005000300000,1,55700000063638916,,0,2055700000054710361
9011005000300000,1,55700000063639186,,0,2055700000054710361
9011005000300000,1,55700000063639306,,0,2055700000054710361
9011005000300000,1,55700000063639426,,0,2055700000054710361
9011005000300000,1,55700000063639456,,0,2055700000054710361
9011005000300000,1,55700000063639516,,0,2055700000054710361
9011005000300000,1,55700000063639726,,0,2055700000054710361
9011005000300000,1,55700000063639816,,0,2055700000054710361
9011005000300000,1,55700000063639876,,0,2055700000054710361
9011005000300000,1,55700000063639906,,0,2055700000054710361
9011005000300000,1,55700000063639996,,0,2055700000054710361
9011005000300000,1,55700000063640116,,0,2055700000054710361
9011005000300000,1,55700000063640206,,0,2055700000054710361
9011005000300000,1,55700000063640326,,0,2055700000054710361
9011005000300000,1,55700000063640416,,0,2055700000054710361
9011005000300000,1,55700000063640656,,0,2055700000054710361
9011005000300000,7,55700000063635888,,0,2055700000054710361
9011005000300000,7,55700000063636036,,0,2055700000054710361
9011005000300000,7,55700000063636065,,0,2055700000054710361
9011005000300000,7,55700000063636240,,0,2055700000054710361
9011005000300000,7,55700000063636330,,0,2055700000054710361
9011005000300000,7,55700000063636360,,0,2055700000054710361
9011005000300000,6,55700000063636420,,0,2055700000054710361
9011005000300000,6,55700000063636540,,0,2055700000054710361
9011005000300000,2,55700000063636845,,0,2055700000054710361
9011005000300000,2,55700000063636874,,0,2055700000054710361
9011005000300000,2,55700000063636932,,0,2055700000054710361
9011005000300000,2,55700000063636990,,0,2055700000054710361
9011005000300000,2,55700000063637019,,0,2055700000054710361
9011005000300000,2,55700000063637135,,0,2055700000054710361
9011005000300000,2,55700000063637240,,0,2055700000054710361
9011005000300000,2,55700000063637390,,0,2055700000054710361
9011005000300000,1,55700000063637746,,0,2055700000054710361
9011005000300000,1,55700000063637776,,0,2055700000054710361
9011005000300000,1,55700000063637836,,0,2055700000054710361
9011005000300000,1,55700000063637926,,0,2055700000054710361
9011005000300000,1,55700000063637956,,0,2055700000054710361
9011005000300000,8,55700000063637986,,0,2055700000054710361
9011005000300000,1,55700000063638106,,0,2055700000054710361
9011005000300000,1,55700000063638226,,0,2055700000054710361
9011005000300000,1,55700000063638466,,0,2055700000054710361
9011005000300000,1,55700000063638496,,0,2055700000054710361
9011005000300000,1,55700000063638526,,0,2055700000054710361
9011005000300000,1,55700000063638736,,0,2055700000054710361
9011005000300000,1,55700000063638826,,0,2055700000054710361
9011005000300000,1,55700000063638886,,0,2055700000054710361
9011005000300000,1,55700000063639006,,0,2055700000054710361
9011005000300000,1,55700000063639096,,0,2055700000054710361
9011005000300000,1,55700000063639336,,0,2055700000054710361
9011005000300000,1,55700000063639546,,0,2055700000054710361
9011005000300000,1,55700000063639576,,0,2055700000054710361
9011005000300000,1,55700000063639606,,0,2055700000054710361
9011005000300000,1,55700000063639696,,0,2055700000054710361
9011005000300000,1,55700000063639846,,0,2055700000054710361
9011005000300000,1,55700000063640056,,0,2055700000054710361
9011005000300000,1,55700000063640086,,0,2055700000054710361
9011005000300000,1,55700000063640146,,0,2055700000054710361
9011005000300000,1,55700000063640236,,0,2055700000054710361
9011005000300000,1,55700000063640446,,0,2055700000054710361
9011005000300000,1,55700000063640506,,0,2055700000054710361
9011005000300000,2,55700000063640536,,0,2055700000054710361
9011005000300000,1,55700000063640626,,0,2055700000054710361
9011005000300000,7,55700000064864898,,0,2055700000056346423
9011005000300000,7,55700000064865117,,0,2055700000056346423
9011005000300000,7,55700000064865249,,0,2055700000056346423
9011005000300000,1,55700000064864678,,0,2055700000056346423
9011005000300000,1,55700000064864744,,0,2055700000056346423
9011005000300000,1,55700000064864766,,0,2055700000056346423
9011005000300000,1,55700000064864788,,0,2055700000056346423
9011005000300000,1,55700000064864854,,0,2055700000056346423
9011005000300000,7,55700000064865183,,0,2055700000056346423
9011005000300000,7,55700000064865227,,0,2055700000056346423
9011005003000000,7,55700000063250869,,1,1055700000054708764
9011005003000000,1,55700000063250940,,1,1055700000054708764
9011005003000000,1,55700000063251009,,1,1055700000054708764
9011005003000000,1,55700000063251055,,1,1055700000054708764
9011005003000000,1,55700000063251078,,1,1055700000054708764
9011005003000000,1,55700000063251285,,1,1055700000054708764
9011005003000000,1,55700000063251331,,1,1055700000054708764
9011005003000000,7,55700000063251446,,1,1055700000054708764
9011005003000000,1,55700000063250963,,1,1055700000054708764
9011005003000000,1,55700000063250986,,1,1055700000054708764
9011005003000000,1,55700000063251239,,1,1055700000054708764
9011005003000000,1,55700000063250917,,1,1055700000054708764
9011005003000000,1,55700000063251032,,1,1055700000054708764
9011005003000000,1,55700000063251216,,1,1055700000054708764
9011005003000000,2,55700000063251423,,1,1055700000054708764
9011005003000000,6,55700000063251469,,1,1055700000054708764
9011005003000000,1,55700000063250894,,1,1055700000054708764
9011005003000000,1,55700000063251101,,1,1055700000054708764
9011005003000000,1,55700000063251124,,1,1055700000054708764
9011005003000000,1,55700000063251147,,1,1055700000054708764
9011005003000000,1,55700000063251170,,1,1055700000054708764
9011005003000000,1,55700000063251193,,1,1055700000054708764
9011005003000000,1,55700000063251262,,1,1055700000054708764
9011005003000000,1,55700000063251308,,1,1055700000054708764
9011005003000000,1,55700000063251354,,1,1055700000054708764
9011005003000000,2,55700000063251377,,1,1055700000054708764
9011005003000000,7,55700000063251400,,1,1055700000054708764
9011005003000000,6,55700000063251494,,1,1055700000054708764
9011005003000000,1,55700000063251519,,1,1055700000054708764
9011005003000000,1,55700000063251542,,1,1055700000054708764
9011005003000000,1,55700000063251565,,0,1055700000054708794
9011005003000000,1,55700000063251703,,0,1055700000054708794
9011005003000000,7,55700000063251820,,0,1055700000054708794
9011005003000000,6,55700000063251843,,0,1055700000054708794
9011005003000000,1,55700000063252008,,0,1055700000054708794
9011005003000000,1,55700000063252214,,0,1055700000054708794
9011005003000000,1,55700000063252237,,0,1055700000054708794
9011005003000000,1,55700000063251588,,0,1055700000054708794
9011005003000000,1,55700000063251611,,0,1055700000054708794
9011005003000000,2,55700000063251749,,0,1055700000054708794
9011005003000000,2,55700000063251797,,0,1055700000054708794
9011005003000000,1,55700000063251939,,0,1055700000054708794
9011005003000000,1,55700000063252054,,0,1055700000054708794
9011005003000000,1,55700000063252100,,0,1055700000054708794
9011005003000000,1,55700000063252191,,0,1055700000054708794
9011005003000000,11,55700000063251680,,0,1055700000054708794
9011005003000000,2,55700000063251772,,0,1055700000054708794
9011005003000000,6,55700000063251868,,0,1055700000054708794
9011005003000000,6,55700000063251893,,0,1055700000054708794
9011005003000000,1,55700000063251916,,0,1055700000054708794
9011005003000000,1,55700000063251985,,0,1055700000054708794
9011005003000000,1,55700000063252031,,0,1055700000054708794
9011005003000000,1,55700000063252077,,0,1055700000054708794
9011005003000000,1,55700000063252123,,0,1055700000054708794
9011005003000000,9,55700000063252143,,0,1055700000056037007
9011005003000000,1,55700000063251634,,0,1055700000054708794
9011005003000000,1,55700000063251657,,0,1055700000054708794
9011005003000000,1,55700000063251726,,0,1055700000054708794
9011005003000000,1,55700000063251962,,0,1055700000054708794
9011005003000000,1,55700000063252168,,0,1055700000054708794
9011005003800000,1,55700000065164199,,1,1055700000063614865
9011005003800000,1,55700000064830573,,0,1055700000063614902
9011005003900000,1,55700000063230970,,1,1055700000054696314
9011005003900000,1,55700000063230995,,1,1055700000054696314
9011005003900000,1,55700000063231020,,1,1055700000054696314
9011005003900000,1,55700000063231256,,1,1055700000054696351
9011005003900000,1,55700000063230920,,1,1055700000054696314
9011005003900000,1,55700000063231095,,1,1055700000054696314
9011005003900000,1,55700000063231187,,1,1055700000054696351
9011005003900000,1,55700000063231279,,1,1055700000054696351
9011005003900000,1,55700000063231325,,1,1055700000054696351
9011005003900000,1,55700000063231371,,1,1055700000054696351
9011005003900000,1,55700000063231164,,1,1055700000054696351
9011005003900000,1,55700000063231210,,1,1055700000054696351
9011005003900000,1,55700000063231302,,1,1055700000054696351
9011005003900000,1,55700000063231348,,1,1055700000054696351
9011005003900000,7,55700000063231417,,1,1055700000054696351
9011005003900000,7,55700000063231440,,1,1055700000054696351
9011005003900000,7,55700000063231486,,1,1055700000054696351
9011005003900000,2,55700000063231509,,1,1055700000054696351
9011005003900000,1,55700000063230945,,1,1055700000054696314
9011005003900000,1,55700000063231045,,1,1055700000054696314
9011005003900000,1,55700000063231070,,1,1055700000054696314
9011005003900000,1,55700000063231118,,1,1055700000054696351
9011005003900000,1,55700000063231141,,1,1055700000054696351
9011005003900000,1,55700000063231233,,1,1055700000054696351
9011005003900000,2,55700000063231394,,1,1055700000054696351
9011005003900000,7,55700000063231463,,1,1055700000054696351
9011005003900000,1,55700000065163585,,0,1055700000054696423
9011005003900000,1,55700000065163723,,0,1055700000054696423
9011005003900000,2,55700000065163861,,0,1055700000054696423
9011005003900000,6,55700000065163907,,0,1055700000054696423
9011005003900000,1,55700000065164026,,0,1055700000054696386
9011005003900000,1,55700000065164076,,0,1055700000054696386
9011005003900000,1,55700000065163516,,0,1055700000054696423
9011005003900000,1,55700000065163562,,0,1055700000054696423
9011005003900000,1,55700000065163631,,0,1055700000054696423
9011005003900000,1,55700000065163700,,0,1055700000054696423
9011005003900000,1,55700000065163746,,0,1055700000054696423
9011005003900000,2,55700000065163769,,0,1055700000054696423
9011005003900000,7,55700000065163838,,0,1055700000054696423
9011005003900000,6,55700000065163934,,0,1055700000054696423
9011005003900000,9,55700000065163975,,0,1055700000056022674
9011005003900000,9,55700000065163998,,0,1055700000056022639
9011005003900000,1,55700000065164101,,0,1055700000054696386
9011005003900000,1,55700000065164126,,0,1055700000054696386
9011005003900000,1,55700000065163470,,0,1055700000054696423
9011005003900000,1,55700000065163539,,0,1055700000054696423
9011005003900000,1,55700000065163608,,0,1055700000054696423
9011005003900000,1,55700000065163677,,0,1055700000054696423
9011005003900000,7,55700000065163815,,0,1055700000054696423
9011005003900000,7,55700000065163884,,0,1055700000054696423
9011005003900000,9,55700000065163954,,0,1055700000056022674
9011005003900000,1,55700000065163401,,0,1055700000054696423
9011005003900000,1,55700000065163424,,0,1055700000054696423
9011005003900000,1,55700000065163447,,0,1055700000054696423
9011005003900000,1,55700000065163493,,0,1055700000054696423
9011005003900000,1,55700000065163654,,0,1055700000054696423
9011005003900000,2,55700000065163792,,0,1055700000054696423
9011005003900000,1,55700000065164051,,0,1055700000054696386
9011005004000000,1,55700000065354053,,1,1055700000062345834
9011005004000000,7,55700000065354114,,1,1055700000058815468
9011005004000000,1,55700000065354175,,1,1055700000058815468
9011005004000000,1,55700000065354349,,1,1055700000058815468
9011005004000000,1,55700000065354378,,1,1055700000058815468
9011005004000000,7,55700000065354610,,1,1055700000058815468
9011005004000000,6,55700000065354757,,1,1055700000058815468
9011005004000000,1,55700000065354835,,1,1055700000062345834
9011005004000000,1,55700000065354963,,1,1055700000062345834
9011005004000000,1,55700000065354085,,1,1055700000062345834
9011005004000000,1,55700000065354146,,1,1055700000058815468
9011005004000000,1,55700000065354204,,1,1055700000058815468
9011005004000000,1,55700000065354262,,1,1055700000058815468
9011005004000000,1,55700000065354291,,1,1055700000058815468
9011005004000000,1,55700000065354320,,1,1055700000058815468
9011005004000000,1,55700000065354407,,1,1055700000058815468
9011005004000000,2,55700000065354494,,1,1055700000058815468
9011005004000000,7,55700000065354581,,1,1055700000058815468
9011005004000000,1,55700000065354995,,1,1055700000062345834
9011005004000000,1,55700000065354233,,1,1055700000058815468
9011005004000000,2,55700000065354436,,1,1055700000058815468
9011005004000000,7,55700000065354726,,1,1055700000058815468
9011005004000000,1,55700000065354899,,1,1055700000062345834
9011005004000000,1,55700000065354931,,1,1055700000062345834
9011005004000000,7,55700000065354465,,1,1055700000058815468
9011005004000000,2,55700000065354523,,1,1055700000058815468
9011005004000000,7,55700000065354552,,1,1055700000058815468
9011005004000000,7,55700000065354639,,1,1055700000058815468
9011005004000000,7,55700000065354668,,1,1055700000058815468
9011005004000000,7,55700000065354697,,1,1055700000058815468
9011005004000000,1,55700000065354803,,1,1055700000062345834
9011005004000000,1,55700000065354867,,1,1055700000062345834
9011005004000000,1,55700000065355024,,0,1055700000058815533
9011005004000000,7,55700000065355198,,0,1055700000058815533
9011005004000000,7,55700000065355372,,0,1055700000058815533
9011005004000000,1,55700000065355483,,0,1055700000064668379
9011005004000000,1,55700000065355728,,0,1055700000058815533
9011005004000000,1,55700000065355815,,0,1055700000058815533
9011005004000000,2,55700000065355140,,0,1055700000058815533
9011005004000000,7,55700000065355227,,0,1055700000058815533
9011005004000000,6,55700000065355403,,0,1055700000058815533
9011005004000000,1,55700000065355451,,0,1055700000064668379
9011005004000000,1,55700000065355670,,0,1055700000058815533
9011005004000000,1,55700000065355699,,0,1055700000058815533
9011005004000000,1,55700000065355786,,0,1055700000058815533
9011005004000000,1,55700000065355939,,0,1055700000064668379
9011005004000000,7,55700000065355082,,0,1055700000058815533
9011005004000000,2,55700000065355111,,0,1055700000058815533
9011005004000000,7,55700000065355256,,0,1055700000058815533
9011005004000000,7,55700000065355285,,0,1055700000058815533
9011005004000000,1,55700000065355515,,0,1055700000064668379
9011005004000000,12,55700000065355579,,0,1055700000064668379
9011005004000000,1,55700000065355641,,0,1055700000058815533
9011005004000000,1,55700000065355757,,0,1055700000058815533
9011005004000000,1,55700000065355907,,0,1055700000058815533
9011005004000000,1,55700000065356035,,0,1055700000064668379
9011005004000000,2,55700000065355053,,0,1055700000058815533
9011005004000000,7,55700000065355169,,0,1055700000058815533
9011005004000000,7,55700000065355314,,0,1055700000058815533
9011005004000000,7,55700000065355343,,0,1055700000058815533
9011005004000000,1,55700000065355547,,0,1055700000064668379
9011005004000000,1,55700000065355612,,0,1055700000058815533
9011005004000000,1,55700000065355844,,0,1055700000058815533
9011005004000000,9,55700000065355873,,0,1055700000058815533
9011005004000000,1,55700000065355971,,0,1055700000064668379
9011005004000000,1,55700000065356003,,0,1055700000064668379
9011005004100000,1,55700000065159222,,1,1055700000062345450
9011005004100000,1,55700000065159244,,1,1055700000062345450
9011005004100000,1,55700000065159288,,1,1055700000062345450
9011005004100000,1,55700000065159178,,1,1055700000062345450
9011005004100000,1,55700000065159200,,1,1055700000062345450
9011005004100000,9,55700000065159307,,1,1055700000057301695
9011005004100000,9,55700000065159152,,1,1055700000057301641
9011005004100000,1,55700000065159266,,1,1055700000062345450
9011005004100000,1,55700000065159333,,0,1055700000064668195
9011005004100000,1,55700000065159355,,0,1055700000064668195
9011005004100000,1,55700000065159377,,0,1055700000064668195
9011005004100000,1,55700000065159422,,0,1055700000064668195
9011005004100000,1,55700000065159400,,0,1055700000064668195
9011005004200000,1,55700000065159018,,1,1055700000057081730
9011005004200000,1,55700000065159043,,1,1055700000057081730
9011005004200000,1,55700000064667611,,0,1055700000057081806
9011005004200000,1,55700000065159068,,0,1055700000057081766
9011005004200000,1,55700000065159093,,0,1055700000057081766
9011005004200000,1,55700000065159119,,0,1055700000057081766
9011005004500000,1,55700000064666599,,1,1055700000036999336
9011005004500000,1,55700000065158304,,1,1055700000036999336
9011005004500000,1,55700000065158372,,1,1055700000036999336
9011005004500000,1,55700000065158406,,1,1055700000036999336
9011005004500000,1,55700000065158423,,1,1055700000036999336
9011005004500000,1,55700000065158457,,1,1055700000036999336
9011005004500000,1,55700000065158525,,1,1055700000036999336
9011005004500000,1,55700000065158542,,1,1055700000036999336
9011005004500000,1,55700000065158559,,1,1055700000036999336
9011005004500000,1,55700000065158576,,1,1055700000036999336
9011005004500000,1,55700000065158321,,1,1055700000036999336
9011005004500000,1,55700000065158389,,1,1055700000036999336
9011005004500000,1,55700000065158440,,1,1055700000036999336
9011005004500000,1,55700000065158594,,1,1055700000036999336
9011005004500000,1,55700000065158355,,1,1055700000036999336
9011005004500000,1,55700000065158474,,1,1055700000036999336
9011005004500000,1,55700000065158508,,1,1055700000036999336
9011005004500000,1,55700000065158287,,1,1055700000036999336
9011005004500000,1,55700000065158338,,1,1055700000036999336
9011005004500000,1,55700000065158491,,1,1055700000036999336
9011005004500000,1,55700000064666956,,0,1055700000048833392
9011005004500000,9,55700000064666970,,0,1055700000048833416
9011005004500000,1,55700000065158730,,0,1055700000048833392
9011005004500000,1,55700000065158747,,0,1055700000048833392
9011005004500000,1,55700000065158815,,0,1055700000048833392
9011005004500000,1,55700000065158900,,0,1055700000048833392
9011005004500000,1,55700000065158917,,0,1055700000048833392
9011005004500000,1,55700000065158628,,0,1055700000048833392
9011005004500000,1,55700000065158645,,0,1055700000048833392
9011005004500000,1,55700000065158713,,0,1055700000048833392
9011005004500000,1,55700000065158764,,0,1055700000048833392
9011005004500000,1,55700000065158866,,0,1055700000048833392
9011005004500000,1,55700000065158679,,0,1055700000048833392
9011005004500000,1,55700000065158696,,0,1055700000048833392
9011005004500000,1,55700000065158798,,0,1055700000048833392
9011005004500000,1,55700000065158832,,0,1055700000048833392
9011005004500000,1,55700000065158611,,0,1055700000048833392
9011005004500000,1,55700000065158662,,0,1055700000048833392
9011005004500000,1,55700000065158781,,0,1055700000048833392
9011005004500000,1,55700000065158849,,0,1055700000048833392
9011005004500000,1,55700000065158883,,0,1055700000048833392
9011005004600000,1,55700000065157430,,1,1055700000062331584
9011005004600000,1,55700000065157448,,1,1055700000062331584
9011005004600000,11,55700000065157592,,1,1055700000062331584
9011005004600000,1,55700000065157610,,1,1055700000062331584
9011005004600000,1,55700000065157714,,1,1055700000062331584
9011005004600000,1,55700000065157768,,1,1055700000062331584
9011005004600000,1,55700000065157484,,1,1055700000062331584
9011005004600000,1,55700000065157502,,1,1055700000062331584
9011005004600000,1,55700000065157628,,1,1055700000062331584
9011005004600000,7,55700000065157686,,1,1055700000062331584
9011005004600000,1,55700000065157466,,1,1055700000062331584
9011005004600000,11,55700000065157520,,1,1055700000062331584
9011005004600000,1,55700000065157574,,1,1055700000062331584
9011005004600000,7,55700000065157646,,1,1055700000062331584
9011005004600000,1,55700000065157732,,1,1055700000062331584
9011005004600000,1,55700000065157750,,1,1055700000062331584
9011005004600000,1,55700000065157538,,1,1055700000062331584
9011005004600000,1,55700000065157556,,1,1055700000062331584
9011005004600000,7,55700000065157664,,1,1055700000062331584
9011005004600000,1,55700000065157786,,1,1055700000062331584
9011005004600000,7,55700000065157822,,0,1055700000062331614
9011005004600000,7,55700000065157876,,0,1055700000062331614
9011005004600000,1,55700000065157922,,0,1055700000062331614
9011005004600000,1,55700000065158030,,0,1055700000062331614
9011005004600000,1,55700000065158066,,0,1055700000062331614
9011005004600000,1,55700000065158192,,0,1055700000062331614
9011005004600000,7,55700000065157858,,0,1055700000062331614
9011005004600000,1,55700000065157976,,0,1055700000062331614
9011005004600000,1,55700000065158048,,0,1055700000062331614
9011005004600000,1,55700000065158084,,0,1055700000062331614
9011005004600000,1,55700000065158120,,0,1055700000062331614
9011005004600000,7,55700000065157804,,0,1055700000062331614
9011005004600000,1,55700000065157904,,0,1055700000062331614
9011005004600000,1,55700000065157940,,0,1055700000062331614
9011005004600000,1,55700000065158012,,0,1055700000062331614
9011005004600000,1,55700000065158138,,0,1055700000062331614
9011005004600000,1,55700000065158156,,0,1055700000062331614
9011005004600000,7,55700000065157840,,0,1055700000062331614
9011005004600000,1,55700000065157958,,0,1055700000062331614
9011005004600000,1,55700000065157994,,0,1055700000062331614
9011005004600000,1,55700000065158102,,0,1055700000062331614
9011005004600000,1,55700000065158174,,0,1055700000062331614
9011005005200000,1,55700000064956835,,1,1055700000063584211
9011005005200000,1,55700000064956800,,1,1055700000063584211
9011005005200000,1,55700000064956732,,1,1055700000063584211
9011005005200000,1,55700000064956765,,1,1055700000063584169
9011005005200000,1,55700000064956870,,1,1055700000063584211
9011005005200000,1,55700000064956903,,1,1055700000063584169
9011005005200000,1,55700000065157302,,0,1055700000063584333
9011005005200000,1,55700000065157270,,0,1055700000063584333
9011005005200000,1,55700000065157388,,0,1055700000063584255
9011005005200000,1,55700000065157334,,0,1055700000063584333
9011005005200000,1,55700000065157358,,0,1055700000063584297
9011005005800000,1,55700000063139687,,1,1055700000052122638
9011005005800000,1,55700000063139715,,1,1055700000052122638
9011005005800000,1,55700000063139575,,1,1055700000052122638
9011005005800000,1,55700000063139631,,1,1055700000052122638
9011005005800000,1,55700000065157187,,1,1055700000052122638
9011005005800000,1,55700000065157216,,1,1055700000052122638
9011005005800000,1,55700000063139790,,0,1055700000052122678
9011005005800000,1,55700000063139846,,0,1055700000052122678
9011005005800000,1,55700000063139762,,0,1055700000052122678
9011005005800000,1,55700000063139734,,0,1055700000052122740
9011005005800000,1,55700000063139818,,0,1055700000052122678
9011005005900000,1,55700000065156989,,1,1055700000063563788
9011005005900000,1,55700000065156899,,1,1055700000063563788
9011005005900000,1,55700000065156929,,1,1055700000063563788
9011005005900000,1,55700000065156959,,1,1055700000063563788
9011005005900000,1,55700000065157019,,1,1055700000063563788
9011005005900000,1,55700000065157079,,0,1055700000063563830
9011005005900000,1,55700000065157109,,0,1055700000063563830
9011005005900000,1,55700000065157139,,0,1055700000063563830
9011005005900000,1,55700000065157049,,0,1055700000063563830
9011005006500000,1,55700000065156832,,1,1055700000063557402
9011005006500000,1,55700000065156861,,0,1055700000063557438
9011005007000000,1,55700000065155974,,1,1055700000064649805
9011005007000000,1,55700000065156074,,1,1055700000064649839
9011005007000000,1,55700000065156143,,1,1055700000064649839
9011005007000000,1,55700000065156166,,1,1055700000064649839
9011005007000000,1,55700000065156212,,1,1055700000064649839
9011005007000000,1,55700000065156281,,1,1055700000064649839
9011005007000000,1,55700000065155920,,1,1055700000064649805
9011005007000000,1,55700000065155947,,1,1055700000064649805
9011005007000000,1,55700000065156001,,1,1055700000064649805
9011005007000000,1,55700000065156097,,1,1055700000064649839
9011005007000000,1,55700000065156120,,1,1055700000064649839
9011005007000000,1,55700000065156028,,1,1055700000064649805
9011005007000000,1,55700000065156051,,1,1055700000064649839
9011005007000000,1,55700000065156189,,1,1055700000064649839
9011005007000000,1,55700000065155893,,1,1055700000064649805
9011005007000000,1,55700000065156235,,1,1055700000064649839
9011005007000000,1,55700000065156258,,1,1055700000064649839
9011005007000000,1,55700000065156662,,0,1055700000064649903
9011005007000000,1,55700000065156685,,0,1055700000064649903
9011005007000000,1,55700000065156708,,0,1055700000064649903
9011005007000000,1,55700000065156354,,0,1055700000064649869
9011005007000000,1,55700000065156408,,0,1055700000064649869
9011005007000000,1,55700000065156489,,0,1055700000064649869
9011005007000000,1,55700000065156570,,0,1055700000064649869
9011005007000000,1,55700000065156639,,0,1055700000064649903
9011005007000000,1,55700000065156731,,0,1055700000064649903
9011005007000000,1,55700000065156327,,0,1055700000064649903
9011005007000000,1,55700000065156381,,0,1055700000064649869
9011005007000000,1,55700000065156435,,0,1055700000064649869
9011005007000000,1,55700000065156462,,0,1055700000064649869
9011005007000000,1,55700000065156516,,0,1055700000064649869
9011005007000000,1,55700000065156593,,0,1055700000064649903
9011005007000000,1,55700000065156304,,0,1055700000064649903
9011005007000000,1,55700000065156543,,0,1055700000064649869
9011005007000000,1,55700000065156616,,0,1055700000064649903
9011005007100000,1,55700000064649432,,1,1055700000048781723
9011005007100000,1,55700000064649460,,1,1055700000048781723
9011005007100000,1,55700000065155849,,1,1055700000048781723
9011005007100000,1,55700000064858021,,0,1055700000019136221
9011005007100000,1,55700000064858077,,0,1055700000019136221
9011005007100000,1,55700000064858049,,0,1055700000019136221
9011005007100000,1,55700000064858105,,0,1055700000019136221
9011005007200000,1,55700000064649661,,1,1055700000051058030
9011005007200000,1,55700000064857926,,0,1055700000035051849
9011005007400000,1,55700000065155759,,1,1055700000019136668
9011005007400000,1,55700000065155778,,1,1055700000019136668
9011005007400000,1,55700000064649781,,0,1055700000048781153
9011005007400000,1,55700000065155799,,0,1055700000048781153
9011005007500000,1,55700000065155641,,1,1055700000054632835
9011005007500000,1,55700000065155581,,1,1055700000054632835
9011005007500000,1,55700000065155601,,1,1055700000054632835
9011005007500000,1,55700000065155621,,1,1055700000054632835
9011005007500000,1,55700000065155661,,0,1055700000054632862
9011005007500000,1,55700000065155701,,0,1055700000054632862
9011005007500000,1,55700000065155681,,0,1055700000054632862
9011005007500000,1,55700000065155721,,0,1055700000054632862
9011005008100000,6,55700000063049740,,1,4055700000053508031
9011005008100000,1,55700000063049781,,1,4055700000046082633
9011005008100000,1,55700000063050641,,1,4055700000046082633
9011005008100000,1,55700000063051673,,1,4055700000019137017
9011005008100000,7,55700000063052230,,1,4055700000053508049
9011005008100000,1,55700000063052576,,1,4055700000046082551
9011005008100000,1,55700000063053092,,1,4055700000046082551
9011005008100000,13,55700000063056016,,1,4055700000046082551
9011005008100000,7,55700000063056881,,1,4055700000046082551
9011005008100000,7,55700000063057053,,1,4055700000046082551
9011005008100000,1,55700000063058797,,1,4055700000055495671
9011005008100000,1,55700000063059047,,1,4055700000053508086
9011005008100000,1,55700000063059219,,1,4055700000053508086
9011005008100000,1,55700000063059391,,1,4055700000053508086
9011005008100000,1,55700000063060425,,1,4055700000019137036
9011005008100000,1,55700000063061062,,1,4055700000059406075
9011005008100000,1,55700000063061808,,1,4055700000046082614
9011005008100000,6,55700000063061913,,1,4055700000046082614
9011005008100000,2,55700000063049670,,1,4055700000046082532
9011005008100000,1,55700000063049705,,1,4055700000053508031
9011005008100000,11,55700000063050297,,1,4055700000046082633
9011005008100000,11,55700000063055844,,1,4055700000046082551
9011005008100000,13,55700000063056360,,1,4055700000046082551
9011005008100000,7,55700000063057397,,1,4055700000046082551
9011005008100000,1,55700000063058455,,1,4055700000053369167
9011005008100000,1,55700000063059907,,1,4055700000053508086
9011005008100000,7,55700000063060251,,1,4055700000053508086
9011005008100000,1,55700000063060591,,1,4055700000046082576
9011005008100000,6,55700000063060626,,1,4055700000046082576
9011005008100000,1,55700000063060661,,1,4055700000046082576
9011005008100000,11,55700000063060766,,1,4055700000046082576
9011005008100000,7,55700000063060874,,1,4055700000046082576
9011005008100000,1,55700000063061773,,1,4055700000046082614
9011005008100000,8,55700000063061843,,1,4055700000046082614
9011005008100000,2,55700000063061878,,1,4055700000046082614
9011005008100000,1,55700000063049953,,1,4055700000046082633
9011005008100000,1,55700000063050469,,1,4055700000046082633
9011005008100000,6,55700000063050813,,1,4055700000046082633
9011005008100000,14,55700000063050985,,1,4055700000046082633
9011005008100000,1,55700000063051157,,1,4055700000046082633
9011005008100000,7,55700000063052058,,1,4055700000053508049
9011005008100000,1,55700000063052404,,1,4055700000046082551
9011005008100000,11,55700000063052920,,1,4055700000046082551
9011005008100000,11,55700000063053436,,1,4055700000046082551
9011005008100000,11,55700000063053952,,1,4055700000046082551
9011005008100000,1,55700000063054640,,1,4055700000046082551
9011005008100000,11,55700000063054812,,1,4055700000046082551
9011005008100000,1,55700000063054984,,1,4055700000046082551
9011005008100000,3,55700000063055156,,1,4055700000046082551
9011005008100000,1,55700000063055328,,1,4055700000046082551
9011005008100000,13,55700000063056188,,1,4055700000046082551
9011005008100000,2,55700000063057742,,1,4055700000046082551
9011005008100000,7,55700000063058087,,1,4055700000046082551
9011005008100000,1,55700000063058920,,1,4055700000019136952
9011005008100000,11,55700000063060696,,1,4055700000046082576
9011005008100000,7,55700000063060909,,1,4055700000046082576
9011005008100000,7,55700000063060944,,1,4055700000046082576
9011005008100000,10,55700000063061014,,1,4055700000046082576
9011005008100000,11,55700000063050125,,1,4055700000046082633
9011005008100000,6,55700000063051335,,1,4055700000046082633
9011005008100000,6,55700000063051507,,1,4055700000046082633
9011005008100000,1,55700000063052748,,1,4055700000046082551
9011005008100000,11,55700000063053264,,1,4055700000046082551
9011005008100000,1,55700000063053608,,1,4055700000046082551
9011005008100000,11,55700000063053780,,1,4055700000046082551
9011005008100000,1,55700000063054124,,1,4055700000046082551
9011005008100000,11,55700000063054296,,1,4055700000046082551
9011005008100000,3,55700000063055500,,1,4055700000046082551
9011005008100000,1,55700000063055672,,1,4055700000046082551
9011005008100000,7,55700000063056532,,1,4055700000046082551
9011005008100000,7,55700000063056704,,1,4055700000046082551
9011005008100000,7,55700000063057225,,1,4055700000046082551
9011005008100000,2,55700000063057569,,1,4055700000046082551
9011005008100000,1,55700000063058283,,1,4055700000053369167
9011005008100000,1,55700000063058627,,1,4055700000053369167
9011005008100000,1,55700000063059563,,1,4055700000053508086
9011005008100000,7,55700000063060079,,1,4055700000053508086
9011005008100000,1,55700000063060731,,1,4055700000046082576
9011005008100000,2,55700000063060979,,1,4055700000046082576
9011005008100000,1,55700000063539484,,1,4055700000059406108
9011005008100000,3,55700000063539816,,1,4055700000046082576
9011005008100000,11,55700000063540144,,1,4055700000046082551
9011005008100000,1,55700000063539358,,1,4055700000053369226
9011005008100000,7,55700000063539856,,1,4055700000046082576
9011005008100000,1,55700000064349437,,1,4055700000046082633
9011005008100000,1,55700000063539950,,1,4055700000053508086
9011005008100000,7,55700000063540343,,1,4055700000046082551
9011005008100000,1,55700000063539234,,1,4055700000019137083
9011005008100000,1,55700000063539648,,1,4055700000059406131
9011005008100000,1,55700000064349621,,1,4055700000053508049
9011005008100000,1,55700000064349794,,1,4055700000053508049
9011005008100000,1,55700000065005117,,1,4055700000046082595
9011005008100000,1,55700000063063290,,0,4055700000046550019
9011005008100000,11,55700000063064802,,0,4055700000046550019
9011005008100000,11,55700000063065882,,0,4055700000046550019
9011005008100000,3,55700000063066098,,0,4055700000046550019
9011005008100000,7,55700000063066962,,0,4055700000046550019
9011005008100000,7,55700000063068264,,0,4055700000046550019
9011005008100000,1,55700000063070446,,0,4055700000053508200
9011005008100000,11,55700000063071270,,0,4055700000046550069
9011005008100000,11,55700000063071918,,0,4055700000046550069
9011005008100000,11,55700000063073909,,0,4055700000046082855
9011005008100000,7,55700000063074511,,0,4055700000046082855
9011005008100000,10,55700000063074751,,0,4055700000046082855
9011005008100000,1,55700000063061954,,0,4055700000046082780
9011005008100000,1,55700000063062180,,0,4055700000046082780
9011005008100000,1,55700000063062858,,0,4055700000046550019
9011005008100000,11,55700000063063722,,0,4055700000046550019
9011005008100000,1,55700000063064370,,0,4055700000046550019
9011005008100000,1,55700000063065234,,0,4055700000046550019
9011005008100000,7,55700000063067183,,0,4055700000046550019
9011005008100000,7,55700000063067399,,0,4055700000046550019
9011005008100000,7,55700000063067831,,0,4055700000046550019
9011005008100000,7,55700000063068048,,0,4055700000046550019
9011005008100000,7,55700000063070034,,0,4055700000046082805
9011005008100000,1,55700000063071702,,0,4055700000046550069
9011005008100000,1,55700000063072350,,0,4055700000046550069
9011005008100000,1,55700000063072566,,0,4055700000046550069
9011005008100000,7,55700000063072784,,0,4055700000046550069
9011005008100000,11,55700000063073549,,0,4055700000046082855
9011005008100000,1,55700000063073789,,0,4055700000046082855
9011005008100000,1,55700000063074029,,0,4055700000046082855
9011005008100000,2,55700000063074631,,0,4055700000046082855
9011005008100000,1,55700000063074883,,0,4055700000046082755
9011005008100000,1,55700000063075747,,0,4055700000046082755
9011005008100000,1,55700000063075963,,0,4055700000046082755
9011005008100000,1,55700000063077042,,0,4055700000053508355
9011005008100000,1,55700000063077478,,0,4055700000046082958
9011005008100000,8,55700000063077838,,0,4055700000046082958
9011005008100000,10,55700000063078285,,0,4055700000053369495
9011005008100000,1,55700000063078958,,0,4055700000053369445
9011005008100000,1,55700000063075315,,0,4055700000046082755
9011005008100000,7,55700000063076395,,0,4055700000046082755
9011005008100000,8,55700000063079277,,0,4055700000053508299
9011005008100000,2,55700000063079387,,0,4055700000046082977
9011005008100000,11,55700000063063074,,0,4055700000046550019
9011005008100000,11,55700000063063506,,0,4055700000046550019
9011005008100000,11,55700000063063938,,0,4055700000046550019
9011005008100000,11,55700000063064154,,0,4055700000046550019
9011005008100000,1,55700000063065018,,0,4055700000046550019
9011005008100000,11,55700000063065450,,0,4055700000046550019
9011005008100000,1,55700000063065666,,0,4055700000046550019
9011005008100000,13,55700000063066530,,0,4055700000046550019
9011005008100000,13,55700000063066746,,0,4055700000046550019
9011005008100000,7,55700000063068480,,0,4055700000046550019
9011005008100000,7,55700000063069818,,0,4055700000046082805
9011005008100000,1,55700000063070838,,0,4055700000046550069
9011005008100000,1,55700000063071486,,0,4055700000046550069
9011005008100000,6,55700000063073003,,0,4055700000046550069
9011005008100000,1,55700000063073429,,0,4055700000046082855
9011005008100000,1,55700000063073669,,0,4055700000046082855
9011005008100000,1,55700000063075099,,0,4055700000046082755
9011005008100000,7,55700000063076179,,0,4055700000046082755
9011005008100000,7,55700000063076611,,0,4055700000046082755
9011005008100000,1,55700000063076828,,0,4055700000053508355
9011005008100000,13,55700000063078402,,0,4055700000053508317
9011005008100000,1,55700000063062406,,0,4055700000046082780
9011005008100000,1,55700000063062632,,0,4055700000046082780
9011005008100000,1,55700000063064586,,0,4055700000046550019
9011005008100000,7,55700000063067615,,0,4055700000046550019
9011005008100000,1,55700000063069386,,0,4055700000046082805
9011005008100000,1,55700000063070622,,0,4055700000046550069
9011005008100000,7,55700000063074391,,0,4055700000046082855
9011005008100000,1,55700000063075531,,0,4055700000046082755
9011005008100000,14,55700000063077718,,0,4055700000046082958
9011005008100000,15,55700000063078175,,0,4055700000053369495
9011005008100000,6,55700000063078613,,0,4055700000046082855
9011005008100000,7,55700000063078741,,0,4055700000053369445
9011005008100000,1,55700000063541773,,0,4055700000046082855
9011005008100000,1,55700000063541523,,0,4055700000053508378
9011005008100000,1,55700000063542070,,0,4055700000046082958
9011005008100000,1,55700000064350078,,0,4055700000046082805
9011005008100000,1,55700000064350579,,0,4055700000046550069
9011005008100000,1,55700000064350800,,0,4055700000046550069
9011005008100000,1,55700000063540704,,0,4055700000059406195
9011005008100000,1,55700000063540930,,0,4055700000053508274
9011005008100000,1,55700000063541304,,0,4055700000059406170
9011005008100000,7,55700000063541897,,0,4055700000046082855
9011005008100000,1,55700000063542197,,0,4055700000053508179
9011005008100000,1,55700000063542733,,0,4055700000046082780
9011005008100000,7,55700000063541141,,0,4055700000046082855
9011005008100000,2,55700000063541648,,0,4055700000046082855
9011005008100000,3,55700000063542413,,0,4055700000046550019
9011005008100000,6,55700000063542979,,0,4055700000046550069
9011005008100000,1,55700000064350296,,0,4055700000046082805
9011005008300000,11,55700000065008123,,1,4055700000050977902
9011005008300000,11,55700000065008138,,1,4055700000050977902
9011005008300000,1,55700000065008015,,1,4055700000058698895
9011005008300000,16,55700000065008042,,1,4055700000050977902
9011005008300000,11,55700000065008108,,1,4055700000050977902
9011005008300000,14,55700000065151734,,1,4055700000050977924
9011005008300000,11,55700000065151752,,1,4055700000050977924
9011005008300000,2,55700000065151693,,1,4055700000050977924
9011005008300000,11,55700000065151713,,1,4055700000050977924
9011005008300000,11,55700000065008200,,0,4055700000050977993
9011005008300000,11,55700000065008227,,0,4055700000050977971
9011005008300000,11,55700000065008214,,0,4055700000050977971
9011005008300000,16,55700000065008240,,0,4055700000050977971
9011005008300000,11,55700000065008276,,0,4055700000050978016
9011005008300000,1,55700000065008294,,0,4055700000050978016
9011005008300000,11,55700000065008183,,0,4055700000050977971
9011005008300000,11,55700000065008259,,0,4055700000050977971
9011005008400000,14,55700000065007840,,1,4055700000052812270
9011005008400000,7,55700000065007701,,1,4055700000046077538
9011005008400000,1,55700000065007775,,1,4055700000046077538
9011005008400000,11,55700000065007810,,1,4055700000046077538
9011005008400000,11,55700000065007791,,1,4055700000046077538
9011005008400000,1,55700000065007828,,1,4055700000046077538
9011005008400000,14,55700000065151568,,1,4055700000046077490
9011005008400000,11,55700000065151607,,1,4055700000046077490
9011005008400000,11,55700000065151587,,1,4055700000046077490
9011005008400000,11,55700000065007877,,0,4055700000051379743
9011005008400000,1,55700000065007950,,0,4055700000052812329
9011005008400000,11,55700000065007931,,0,4055700000051379743
9011005008400000,1,55700000065007964,,0,4055700000052094648
9011005008400000,1,55700000065007981,,0,4055700000051379743
9011005008400000,11,55700000065007858,,0,4055700000051379743
9011005008400000,11,55700000065007893,,0,4055700000051379743
9011005008400000,11,55700000065007913,,0,4055700000051379743
9011005008400000,17,55700000065151633,,0,4055700000052094627
9011005008400000,18,55700000065151654,,0,4055700000051379743
9011005008600000,1,55700000065453662,,1,4055700000065453605
9011005008600000,19,55700000065453674,,1,4055700000065453605
9011005008600000,1,55700000065453726,,1,4055700000065453605
9011005008600000,1,55700000065453750,,1,4055700000065453605
9011005008600000,11,55700000065453822,,1,4055700000065453605
9011005008600000,20,55700000065453834,,1,4055700000065453605
9011005008600000,21,55700000065453918,,1,4055700000065453605
9011005008600000,22,55700000065453990,,1,4055700000065453605
9011005008600000,1,55700000065453650,,1,4055700000065453605
9011005008600000,5,55700000065453698,,1,4055700000065453605
9011005008600000,1,55700000065453738,,1,4055700000065453605
9011005008600000,11,55700000065453810,,1,4055700000065453605
9011005008600000,1,55700000065453858,,1,4055700000065453605
9011005008600000,1,55700000065453882,,1,4055700000065453605
9011005008600000,1,55700000065453894,,1,4055700000065453605
9011005008600000,2,55700000065453949,,1,4055700000065453605
9011005008600000,23,55700000065453964,,1,4055700000065453605
9011005008600000,24,55700000065454060,,1,4055700000065453605
9011005008600000,11,55700000065453786,,1,4055700000065453605
9011005008600000,1,55700000065453798,,1,4055700000065453605
9011005008600000,11,55700000065453870,,1,4055700000065453605
9011005008600000,1,55700000065453906,,1,4055700000065453605
9011005008600000,25,55700000065454014,,1,4055700000065453605
9011005008600000,5,55700000065454084,,1,4055700000065453605
9011005008600000,2,55700000065453688,,1,4055700000065453605
9011005008600000,1,55700000065453762,,1,4055700000065453605
9011005008600000,11,55700000065453774,,1,4055700000065453605
9011005008600000,23,55700000065453977,,1,4055700000065453605
9011005008600000,26,55700000065454032,,1,4055700000065453605
9011005008600000,11,55700000065454223,,0,4055700000065453623
9011005008600000,11,55700000065454247,,0,4055700000065453623
9011005008600000,1,55700000065454283,,0,4055700000065453623
9011005008600000,3,55700000065454136,,0,4055700000065453623
9011005008600000,27,55700000065454172,,0,4055700000065453623
9011005008600000,11,55700000065454385,,0,4055700000065453623
9011005008600000,28,55700000065454401,,0,4055700000065453623
9011005008600000,1,55700000065454124,,0,4055700000065453623
9011005008600000,11,55700000065454148,,0,4055700000065453623
9011005008600000,1,55700000065454361,,0,4055700000065453623
9011005008600000,1,55700000065454112,,0,4055700000065453623
9011005008600000,1,55700000065454160,,0,4055700000065453623
9011005008600000,1,55700000065454187,,0,4055700000065453623
9011005008600000,11,55700000065454199,,0,4055700000065453623
9011005008600000,1,55700000065454211,,0,4055700000065453623
9011005008600000,1,55700000065454235,,0,4055700000065453623
9011005008600000,11,55700000065454259,,0,4055700000065453623
9011005008600000,1,55700000065454271,,0,4055700000065453623
9011005008600000,29,55700000065454296,,0,4055700000065453623
9011005008600000,30,55700000065454315,,0,4055700000065453623
9011005008600000,31,55700000065454342,,0,4055700000065453623
9011005008600000,1,55700000065454373,,0,4055700000065453623
9011005011000000,1,55700000064802382,,1,1055700000055590566
9011005011000000,1,55700000064802448,,1,1055700000055590566
9011005011000000,9,55700000064802939,,1,1055700000056335502
9011005011000000,1,55700000064803307,,1,1055700000055590566
9011005011000000,1,55700000064803406,,1,1055700000055590566
9011005011000000,1,55700000064803472,,1,1055700000055590566
9011005011000000,6,55700000064803802,,1,1055700000055590566
9011005011000000,6,55700000064803835,,1,1055700000055590566
9011005011000000,1,55700000064803967,,1,1055700000055590566
9011005011000000,1,55700000064804000,,1,1055700000055590566
9011005011000000,1,55700000064804033,,1,1055700000055590566
9011005011000000,1,55700000064804264,,1,1055700000055590566
9011005011000000,1,55700000064804594,,1,1055700000055590566
9011005011000000,2,55700000064804660,,1,1055700000055590566
9011005011000000,2,55700000064804693,,1,1055700000055590566
9011005011000000,2,55700000064804759,,1,1055700000055590566
9011005011000000,8,55700000064804858,,1,1055700000055590566
9011005011000000,7,55700000064804957,,1,1055700000055590566
9011005011000000,7,55700000064804990,,1,1055700000055590566
9011005011000000,6,55700000064805099,,1,1055700000055590566
9011005011000000,6,55700000064805465,,1,1055700000055590566
9011005011000000,6,55700000064805498,,1,1055700000055590566
9011005011000000,6,55700000064805564,,1,1055700000055590566
9011005011000000,6,55700000064805762,,1,1055700000055590566
9011005011000000,2,55700000064805828,,1,1055700000055590566
9011005011000000,2,55700000064805960,,1,1055700000055590566
9011005011000000,2,55700000064806125,,1,1055700000055590566
9011005011000000,2,55700000064806158,,1,1055700000055590566
9011005011000000,2,55700000064806224,,1,1055700000055590566
9011005011000000,2,55700000064806356,,1,1055700000055590566
9011005011000000,2,55700000064806587,,1,1055700000055590566
9011005011000000,1,55700000064802514,,1,1055700000055590566
9011005011000000,1,55700000064802580,,1,1055700000055590566
9011005011000000,1,55700000064802646,,1,1055700000055590566
9011005011000000,1,55700000064802778,,1,1055700000055590566
9011005011000000,1,55700000064803076,,1,1055700000055590566
9011005011000000,1,55700000064803142,,1,1055700000055590566
9011005011000000,1,55700000064803175,,1,1055700000055590566
9011005011000000,1,55700000064803208,,1,1055700000055590566
9011005011000000,1,55700000064803274,,1,1055700000055590566
9011005011000000,6,55700000064803703,,1,1055700000055590566
9011005011000000,6,55700000064803934,,1,1055700000055590566
9011005011000000,1,55700000064804165,,1,1055700000055590566
9011005011000000,1,55700000064804363,,1,1055700000055590566
9011005011000000,1,55700000064804396,,1,1055700000055590566
9011005011000000,1,55700000064804429,,1,1055700000055590566
9011005011000000,1,55700000064804627,,1,1055700000055590566
9011005011000000,8,55700000064804891,,1,1055700000055590566
9011005011000000,7,55700000064805056,,1,1055700000055590566
9011005011000000,6,55700000064805132,,1,1055700000055590566
9011005011000000,6,55700000064805231,,1,1055700000055590566
9011005011000000,6,55700000064805264,,1,1055700000055590566
9011005011000000,6,55700000064805432,,1,1055700000055590566
9011005011000000,2,55700000064805894,,1,1055700000055590566
9011005011000000,2,55700000064805927,,1,1055700000055590566
9011005011000000,2,55700000064806257,,1,1055700000055590566
9011005011000000,2,55700000064806488,,1,1055700000055590566
9011005011000000,2,55700000064806752,,1,1055700000055590566
9011005011000000,2,55700000064806884,,1,1055700000055590566
9011005011000000,6,55700000064807082,,1,1055700000055590566
9011005011000000,2,55700000064806719,,1,1055700000055590566
9011005011000000,2,55700000064806785,,1,1055700000055590566
9011005011000000,2,55700000064806917,,1,1055700000055590566
9011005011000000,2,55700000064806983,,1,1055700000055590566
9011005011000000,2,55700000064807016,,1,1055700000055590566
9011005011000000,1,55700000064802613,,1,1055700000055590566
9011005011000000,1,55700000064802712,,1,1055700000055590566
9011005011000000,1,55700000064802877,,1,1055700000055590566
9011005011000000,1,55700000064803043,,1,1055700000055590566
9011005011000000,1,55700000064803439,,1,1055700000055590566
9011005011000000,6,55700000064803637,,1,1055700000055590566
9011005011000000,6,55700000064803670,,1,1055700000055590566
9011005011000000,6,55700000064803868,,1,1055700000055590566
9011005011000000,1,55700000064804066,,1,1055700000055590566
9011005011000000,1,55700000064804231,,1,1055700000055590566
9011005011000000,1,55700000064804297,,1,1055700000055590566
9011005011000000,1,55700000064804495,,1,1055700000055590566
9011005011000000,1,55700000064804561,,1,1055700000055590566
9011005011000000,8,55700000064804825,,1,1055700000055590566
9011005011000000,7,55700000064805023,,1,1055700000055590566
9011005011000000,6,55700000064805165,,1,1055700000055590566
9011005011000000,6,55700000064805198,,1,1055700000055590566
9011005011000000,5,55700000064805342,,1,1055700000055590566
9011005011000000,6,55700000064805630,,1,1055700000055590566
9011005011000000,6,55700000064805663,,1,1055700000055590566
9011005011000000,6,55700000064805729,,1,1055700000055590566
9011005011000000,2,55700000064805795,,1,1055700000055590566
9011005011000000,2,55700000064805861,,1,1055700000055590566
9011005011000000,2,55700000064805993,,1,1055700000055590566
9011005011000000,2,55700000064806026,,1,1055700000055590566
9011005011000000,2,55700000064806059,,1,1055700000055590566
9011005011000000,2,55700000064806092,,1,1055700000055590566
9011005011000000,2,55700000064806290,,1,1055700000055590566
9011005011000000,2,55700000064806422,,1,1055700000055590566
9011005011000000,2,55700000064806455,,1,1055700000055590566
9011005011000000,2,55700000064806554,,1,1055700000055590566
9011005011000000,2,55700000064806851,,1,1055700000055590566
9011005011000000,2,55700000064806950,,1,1055700000055590566
9011005011000000,1,55700000064802415,,1,1055700000055590566
9011005011000000,1,55700000064802481,,1,1055700000055590566
9011005011000000,1,55700000064802547,,1,1055700000055590566
9011005011000000,1,55700000064802679,,1,1055700000055590566
9011005011000000,1,55700000064802745,,1,1055700000055590566
9011005011000000,1,55700000064802811,,1,1055700000055590566
9011005011000000,1,55700000064802910,,1,1055700000055590566
9011005011000000,1,55700000064802977,,1,1055700000055590566
9011005011000000,1,55700000064803010,,1,1055700000055590566
9011005011000000,1,55700000064803109,,1,1055700000055590566
9011005011000000,1,55700000064803241,,1,1055700000055590566
9011005011000000,1,55700000064803340,,1,1055700000055590566
9011005011000000,1,55700000064803373,,1,1055700000055590566
9011005011000000,1,55700000064803505,,1,1055700000055590566
9011005011000000,1,55700000064803538,,1,1055700000055590566
9011005011000000,1,55700000064803571,,1,1055700000055590566
9011005011000000,6,55700000064803604,,1,1055700000055590566
9011005011000000,6,55700000064803736,,1,1055700000055590566
9011005011000000,6,55700000064803769,,1,1055700000055590566
9011005011000000,6,55700000064803901,,1,1055700000055590566
9011005011000000,1,55700000064804099,,1,1055700000055590566
9011005011000000,1,55700000064804132,,1,1055700000055590566
9011005011000000,1,55700000064804198,,1,1055700000055590566
9011005011000000,1,55700000064804330,,1,1055700000055590566
9011005011000000,1,55700000064804462,,1,1055700000055590566
9011005011000000,1,55700000064804528,,1,1055700000055590566
9011005011000000,2,55700000064804726,,1,1055700000055590566
9011005011000000,1,55700000064804792,,1,1055700000055590566
9011005011000000,7,55700000064804924,,1,1055700000055590566
9011005011000000,5,55700000064805297,,1,1055700000055590566
9011005011000000,5,55700000064805387,,1,1055700000055590566
9011005011000000,6,55700000064805531,,1,1055700000055590566
9011005011000000,6,55700000064805597,,1,1055700000055590566
9011005011000000,6,55700000064805696,,1,1055700000055590566
9011005011000000,2,55700000064806191,,1,1055700000055590566
9011005011000000,2,55700000064806323,,1,1055700000055590566
9011005011000000,2,55700000064806389,,1,1055700000055590566
9011005011000000,2,55700000064806521,,1,1055700000055590566
9011005011000000,2,55700000064806620,,1,1055700000055590566
9011005011000000,2,55700000064806653,,1,1055700000055590566
9011005011000000,2,55700000064806686,,1,1055700000055590566
9011005011000000,2,55700000064806818,,1,1055700000055590566
9011005011000000,6,55700000064807049,,1,1055700000055590566
9011005011000000,6,55700000064807115,,1,1055700000055590566
9011005011000000,1,55700000065137673,,1,1055700000055590566
9011005011000000,1,55700000064807214,,0,1055700000055590613
9011005011000000,1,55700000064807280,,0,1055700000055590613
9011005011000000,1,55700000064807313,,0,1055700000055590613
9011005011000000,1,55700000064807511,,0,1055700000055590613
9011005011000000,1,55700000064807610,,0,1055700000055590613
9011005011000000,1,55700000064807709,,0,1055700000055590613
9011005011000000,1,55700000064807841,,0,1055700000055590613
9011005011000000,1,55700000064808138,,0,1055700000055590613
9011005011000000,1,55700000064808270,,0,1055700000055590613
9011005011000000,1,55700000064808336,,0,1055700000055590613
9011005011000000,6,55700000064808831,,0,1055700000055590613
9011005011000000,5,55700000064808864,,0,1055700000055590613
9011005011000000,5,55700000064808954,,0,1055700000055590613
9011005011000000,2,55700000064808999,,0,1055700000055590613
9011005011000000,2,55700000064809131,,0,1055700000055590613
9011005011000000,2,55700000064809164,,0,1055700000055590613
9011005011000000,2,55700000064809263,,0,1055700000055590613
9011005011000000,2,55700000064809428,,0,1055700000055590613
9011005011000000,1,55700000064807148,,0,1055700000055590613
9011005011000000,1,55700000064807181,,0,1055700000055590613
9011005011000000,1,55700000064807379,,0,1055700000055590613
9011005011000000,1,55700000064807412,,0,1055700000055590613
9011005011000000,1,55700000064807478,,0,1055700000055590613
9011005011000000,1,55700000064807577,,0,1055700000055590613
9011005011000000,1,55700000064807643,,0,1055700000055590613
9011005011000000,1,55700000064807676,,0,1055700000055590613
9011005011000000,1,55700000064807907,,0,1055700000055590613
9011005011000000,1,55700000064807973,,0,1055700000055590613
9011005011000000,1,55700000064808237,,0,1055700000055590613
9011005011000000,1,55700000064808303,,0,1055700000055590613
9011005011000000,6,55700000064808402,,0,1055700000055590613
9011005011000000,6,55700000064808798,,0,1055700000055590613
9011005011000000,5,55700000064808909,,0,1055700000055590613
9011005011000000,2,55700000064809098,,0,1055700000055590613
9011005011000000,2,55700000064809230,,0,1055700000055590613
9011005011000000,2,55700000064809362,,0,1055700000055590613
9011005011000000,2,55700000064809593,,0,1055700000055590613
9011005011000000,2,55700000064809659,,0,1055700000055590613
9011005011000000,6,55700000064810187,,0,1055700000055590613
9011005011000000,1,55700000064810484,,0,1055700000055590613
9011005011000000,2,55700000064810583,,0,1055700000055590613
9011005011000000,2,55700000064811144,,0,1055700000055590613
9011005011000000,2,55700000064811408,,0,1055700000055590613
9011005011000000,1,55700000064811804,,0,1055700000055590613
9011005011000000,1,55700000064811837,,0,1055700000055590613
9011005011000000,2,55700000064809725,,0,1055700000055590613
9011005011000000,2,55700000064809758,,0,1055700000055590613
9011005011000000,2,55700000064809824,,0,1055700000055590613
9011005011000000,6,55700000064809923,,0,1055700000055590613
9011005011000000,6,55700000064810154,,0,1055700000055590613
9011005011000000,6,55700000064810220,,0,1055700000055590613
9011005011000000,6,55700000064810286,,0,1055700000055590613
9011005011000000,6,55700000064810352,,0,1055700000055590613
9011005011000000,6,55700000064810748,,0,1055700000055590613
9011005011000000,1,55700000064810913,,0,1055700000055590613
9011005011000000,2,55700000064811441,,0,1055700000055590613
9011005011000000,2,55700000064811507,,0,1055700000055590613
9011005011000000,1,55700000064811672,,0,1055700000055590613
9011005011000000,1,55700000064811705,,0,1055700000055590613
9011005011000000,1,55700000064811870,,0,1055700000055590613
9011005011000000,1,55700000064807247,,0,1055700000055590613
9011005011000000,1,55700000064807445,,0,1055700000055590613
9011005011000000,1,55700000064807775,,0,1055700000055590613
9011005011000000,1,55700000064808006,,0,1055700000055590613
9011005011000000,1,55700000064808039,,0,1055700000055590613
9011005011000000,1,55700000064808072,,0,1055700000055590613
9011005011000000,1,55700000064808171,,0,1055700000055590613
9011005011000000,1,55700000064808369,,0,1055700000055590613
9011005011000000,6,55700000064808468,,0,1055700000055590613
9011005011000000,1,55700000064808534,,0,1055700000055590613
9011005011000000,8,55700000064808600,,0,1055700000055590613
9011005011000000,6,55700000064808666,,0,1055700000055590613
9011005011000000,6,55700000064808699,,0,1055700000055590613
9011005011000000,2,55700000064809032,,0,1055700000055590613
9011005011000000,2,55700000064809065,,0,1055700000055590613
9011005011000000,2,55700000064809329,,0,1055700000055590613
9011005011000000,2,55700000064809395,,0,1055700000055590613
9011005011000000,2,55700000064809461,,0,1055700000055590613
9011005011000000,2,55700000064809560,,0,1055700000055590613
9011005011000000,2,55700000064809692,,0,1055700000055590613
9011005011000000,2,55700000064809791,,0,1055700000055590613
9011005011000000,6,55700000064809890,,0,1055700000055590613
9011005011000000,6,55700000064809956,,0,1055700000055590613
9011005011000000,6,55700000064809989,,0,1055700000055590613
9011005011000000,6,55700000064810022,,0,1055700000055590613
9011005011000000,6,55700000064810385,,0,1055700000055590613
9011005011000000,6,55700000064810418,,0,1055700000055590613
9011005011000000,2,55700000064810616,,0,1055700000055590613
9011005011000000,2,55700000064810649,,0,1055700000055590613
9011005011000000,6,55700000064810682,,0,1055700000055590613
9011005011000000,6,55700000064810814,,0,1055700000055590613
9011005011000000,1,55700000064810847,,0,1055700000055590613
9011005011000000,1,55700000064810880,,0,1055700000055590613
9011005011000000,1,55700000064810946,,0,1055700000055590613
9011005011000000,1,55700000064811045,,0,1055700000055590613
9011005011000000,2,55700000064811177,,0,1055700000055590613
9011005011000000,2,55700000064811243,,0,1055700000055590613
9011005011000000,2,55700000064811276,,0,1055700000055590613
9011005011000000,2,55700000064811342,,0,1055700000055590613
9011005011000000,1,55700000064811738,,0,1055700000055590613
9011005011000000,1,55700000064811771,,0,1055700000055590613
9011005011000000,1,55700000064807346,,0,1055700000055590613
9011005011000000,1,55700000064807544,,0,1055700000055590613
9011005011000000,1,55700000064807742,,0,1055700000055590613
9011005011000000,1,55700000064807808,,0,1055700000055590613
9011005011000000,1,55700000064807874,,0,1055700000055590613
9011005011000000,1,55700000064807940,,0,1055700000055590613
9011005011000000,1,55700000064808105,,0,1055700000055590613
9011005011000000,1,55700000064808204,,0,1055700000055590613
9011005011000000,6,55700000064808435,,0,1055700000055590613
9011005011000000,6,55700000064808501,,0,1055700000055590613
9011005011000000,8,55700000064808567,,0,1055700000055590613
9011005011000000,6,55700000064808633,,0,1055700000055590613
9011005011000000,6,55700000064808732,,0,1055700000055590613
9011005011000000,6,55700000064808765,,0,1055700000055590613
9011005011000000,2,55700000064809197,,0,1055700000055590613
9011005011000000,2,55700000064809296,,0,1055700000055590613
9011005011000000,2,55700000064809494,,0,1055700000055590613
9011005011000000,2,55700000064809527,,0,1055700000055590613
9011005011000000,2,55700000064809626,,0,1055700000055590613
9011005011000000,6,55700000064809857,,0,1055700000055590613
9011005011000000,6,55700000064810055,,0,1055700000055590613
9011005011000000,6,55700000064810088,,0,1055700000055590613
9011005011000000,6,55700000064810121,,0,1055700000055590613
9011005011000000,6,55700000064810253,,0,1055700000055590613
9011005011000000,6,55700000064810319,,0,1055700000055590613
9011005011000000,6,55700000064810451,,0,1055700000055590613
9011005011000000,2,55700000064810517,,0,1055700000055590613
9011005011000000,2,55700000064810550,,0,1055700000055590613
9011005011000000,6,55700000064810715,,0,1055700000055590613
9011005011000000,6,55700000064810781,,0,1055700000055590613
9011005011000000,1,55700000064810979,,0,1055700000055590613
9011005011000000,1,55700000064811012,,0,1055700000055590613
9011005011000000,2,55700000064811078,,0,1055700000055590613
9011005011000000,2,55700000064811111,,0,1055700000055590613
9011005011000000,2,55700000064811210,,0,1055700000055590613
9011005011000000,2,55700000064811309,,0,1055700000055590613
9011005011000000,2,55700000064811375,,0,1055700000055590613
9011005011000000,2,55700000064811474,,0,1055700000055590613
9011005011000000,1,55700000064811540,,0,1055700000055590613
9011005011000000,1,55700000064811573,,0,1055700000055590613
9011005011000000,1,55700000064811606,,0,1055700000055590613
9011005011000000,1,55700000064811639,,0,1055700000055590613
9011005011100000,6,55700000064946701,,1,1055700000064946613
9011005011100000,6,55700000064946741,,1,1055700000064946613
9011005011100000,6,55700000064946981,,1,1055700000064946613
9011005011100000,6,55700000064947021,,1,1055700000064946613
9011005011100000,6,55700000064947061,,1,1055700000064946613
9011005011100000,6,55700000064947181,,1,1055700000064946613
9011005011100000,6,55700000064947261,,1,1055700000064946613
9011005011100000,2,55700000064947861,,1,1055700000064946613
9011005011100000,2,55700000064948021,,1,1055700000064946613
9011005011100000,6,55700000064948301,,1,1055700000064946613
9011005011100000,6,55700000064948341,,1,1055700000064946613
9011005011100000,1,55700000064948541,,1,1055700000064946613
9011005011100000,1,55700000064948621,,1,1055700000064946613
9011005011100000,1,55700000064948661,,1,1055700000064946613
9011005011100000,1,55700000064948941,,1,1055700000064946613
9011005011100000,1,55700000064949061,,1,1055700000064946613
9011005011100000,1,55700000064949181,,1,1055700000064946613
9011005011100000,1,55700000064949583,,1,1055700000064946613
9011005011100000,1,55700000064949743,,1,1055700000064946613
9011005011100000,1,55700000064949863,,1,1055700000064946613
9011005011100000,1,55700000064949943,,1,1055700000064946613
9011005011100000,1,55700000064949983,,1,1055700000064946613
9011005011100000,1,55700000064950103,,1,1055700000064946613
9011005011100000,1,55700000064950223,,1,1055700000064946613
9011005011100000,1,55700000064950263,,1,1055700000064946613
9011005011100000,1,55700000064950303,,1,1055700000064946613
9011005011100000,1,55700000064950343,,1,1055700000064946613
9011005011100000,1,55700000064950623,,1,1055700000064946613
9011005011100000,8,55700000064950703,,1,1055700000064946613
9011005011100000,8,55700000064950743,,1,1055700000064946613
9011005011100000,2,55700000064950783,,1,1055700000064946613
9011005011100000,2,55700000064951263,,1,1055700000064946613
9011005011100000,2,55700000064951423,,1,1055700000064946613
9011005011100000,2,55700000064951503,,1,1055700000064946613
9011005011100000,2,55700000064951543,,1,1055700000064946613
9011005011100000,2,55700000064951983,,1,1055700000064946613
9011005011100000,6,55700000064946861,,1,1055700000064946613
9011005011100000,6,55700000064947101,,1,1055700000064946613
9011005011100000,6,55700000064947221,,1,1055700000064946613
9011005011100000,6,55700000064947341,,1,1055700000064946613
9011005011100000,6,55700000064947421,,1,1055700000064946613
9011005011100000,6,55700000064947461,,1,1055700000064946613
9011005011100000,6,55700000064947501,,1,1055700000064946613
9011005011100000,6,55700000064947541,,1,1055700000064946613
9011005011100000,6,55700000064947821,,1,1055700000064946613
9011005011100000,2,55700000064947901,,1,1055700000064946613
9011005011100000,2,55700000064947941,,1,1055700000064946613
9011005011100000,6,55700000064948261,,1,1055700000064946613
9011005011100000,1,55700000064948461,,1,1055700000064946613
9011005011100000,1,55700000064948501,,1,1055700000064946613
9011005011100000,1,55700000064949101,,1,1055700000064946613
9011005011100000,1,55700000064949221,,1,1055700000064946613
9011005011100000,1,55700000064949261,,1,1055700000064946613
9011005011100000,1,55700000064949381,,1,1055700000064946613
9011005011100000,1,55700000064949461,,1,1055700000064946613
9011005011100000,1,55700000064949501,,1,1055700000064946613
9011005011100000,1,55700000064949623,,1,1055700000064946613
9011005011100000,1,55700000064949703,,1,1055700000064946613
9011005011100000,1,55700000064950023,,1,1055700000064946613
9011005011100000,1,55700000064950503,,1,1055700000064946613
9011005011100000,1,55700000064950543,,1,1055700000064946613
9011005011100000,1,55700000064950583,,1,1055700000064946613
9011005011100000,2,55700000064950903,,1,1055700000064946613
9011005011100000,2,55700000064950983,,1,1055700000064946613
9011005011100000,2,55700000064951143,,1,1055700000064946613
9011005011100000,2,55700000064951223,,1,1055700000064946613
9011005011100000,2,55700000064951303,,1,1055700000064946613
9011005011100000,2,55700000064951383,,1,1055700000064946613
9011005011100000,2,55700000064951463,,1,1055700000064946613
9011005011100000,2,55700000064951703,,1,1055700000064946613
9011005011100000,1,55700000064951783,,1,1055700000064946613
9011005011100000,2,55700000064951863,,1,1055700000064946613
9011005011100000,2,55700000064951903,,1,1055700000064946613
9011005011100000,2,55700000064951943,,1,1055700000064946613
9011005011100000,1,55700000063725120,,1,1055700000057621261
9011005011100000,1,55700000063725147,,1,1055700000057621261
9011005011100000,6,55700000064946781,,1,1055700000064946613
9011005011100000,6,55700000064946821,,1,1055700000064946613
9011005011100000,6,55700000064946941,,1,1055700000064946613
9011005011100000,6,55700000064947381,,1,1055700000064946613
9011005011100000,6,55700000064947661,,1,1055700000064946613
9011005011100000,6,55700000064947701,,1,1055700000064946613
9011005011100000,6,55700000064947741,,1,1055700000064946613
9011005011100000,2,55700000064948061,,1,1055700000064946613
9011005011100000,2,55700000064948101,,1,1055700000064946613
9011005011100000,6,55700000064948381,,1,1055700000064946613
9011005011100000,1,55700000064948421,,1,1055700000064946613
9011005011100000,1,55700000064948741,,1,1055700000064946613
9011005011100000,1,55700000064948821,,1,1055700000064946613
9011005011100000,1,55700000064948861,,1,1055700000064946613
9011005011100000,1,55700000064948981,,1,1055700000064946613
9011005011100000,1,55700000064949141,,1,1055700000064946613
9011005011100000,1,55700000064949301,,1,1055700000064946613
9011005011100000,1,55700000064949421,,1,1055700000064946613
9011005011100000,1,55700000064949543,,1,1055700000064946613
9011005011100000,1,55700000064949663,,1,1055700000064946613
9011005011100000,1,55700000064949903,,1,1055700000064946613
9011005011100000,1,55700000064950063,,1,1055700000064946613
9011005011100000,1,55700000064950143,,1,1055700000064946613
9011005011100000,1,55700000064950183,,1,1055700000064946613
9011005011100000,1,55700000064950383,,1,1055700000064946613
9011005011100000,1,55700000064950423,,1,1055700000064946613
9011005011100000,1,55700000064950463,,1,1055700000064946613
9011005011100000,2,55700000064950823,,1,1055700000064946613
9011005011100000,2,55700000064950863,,1,1055700000064946613
9011005011100000,2,55700000064951063,,1,1055700000064946613
9011005011100000,2,55700000064951103,,1,1055700000064946613
9011005011100000,2,55700000064951583,,1,1055700000064946613
9011005011100000,2,55700000064951623,,1,1055700000064946613
9011005011100000,1,55700000064951743,,1,1055700000064946613
9011005011100000,6,55700000064946901,,1,1055700000064946613
9011005011100000,6,55700000064947141,,1,1055700000064946613
9011005011100000,6,55700000064947301,,1,1055700000064946613
9011005011100000,6,55700000064947581,,1,1055700000064946613
9011005011100000,6,55700000064947621,,1,1055700000064946613
9011005011100000,6,55700000064947781,,1,1055700000064946613
9011005011100000,2,55700000064947981,,1,1055700000064946613
9011005011100000,2,55700000064948141,,1,1055700000064946613
9011005011100000,6,55700000064948181,,1,1055700000064946613
9011005011100000,6,55700000064948221,,1,1055700000064946613
9011005011100000,1,55700000064948581,,1,1055700000064946613
9011005011100000,1,55700000064948701,,1,1055700000064946613
9011005011100000,1,55700000064948781,,1,1055700000064946613
9011005011100000,1,55700000064948901,,1,1055700000064946613
9011005011100000,1,55700000064949021,,1,1055700000064946613
9011005011100000,1,55700000064949341,,1,1055700000064946613
9011005011100000,1,55700000064949783,,1,1055700000064946613
9011005011100000,1,55700000064949823,,1,1055700000064946613
9011005011100000,8,55700000064950663,,1,1055700000064946613
9011005011100000,2,55700000064950943,,1,1055700000064946613
9011005011100000,2,55700000064951023,,1,1055700000064946613
9011005011100000,2,55700000064951183,,1,1055700000064946613
9011005011100000,2,55700000064951343,,1,1055700000064946613
9011005011100000,2,55700000064951663,,1,1055700000064946613
9011005011100000,2,55700000064951823,,1,1055700000064946613
9011005011100000,2,55700000064952023,,1,1055700000064946613
9011005011100000,5,55700000065128214,,1,1055700000064946613
9011005011100000,5,55700000065128272,,1,1055700000064946613
9011005011100000,5,55700000065128156,,1,1055700000064946613
9011005011100000,1,55700000064854362,,0,1055700000064637750
9011005011100000,2,55700000065130813,,0,1055700000064637703
9011005011100000,2,55700000065131110,,0,1055700000064637703
9011005011100000,2,55700000065131163,,0,1055700000064637703
9011005011100000,1,55700000065131667,,0,1055700000064637703
9011005011100000,1,55700000065132045,,0,1055700000064637703
9011005011100000,2,55700000065132420,,0,1055700000064637703
9011005011100000,2,55700000065132632,,0,1055700000064637703
9011005011100000,2,55700000065132685,,0,1055700000064637703
9011005011100000,2,55700000065132791,,0,1055700000064637703
9011005011100000,2,55700000065132844,,0,1055700000064637703
9011005011100000,2,55700000065132897,,0,1055700000064637703
9011005011100000,2,55700000065132950,,0,1055700000064637703
9011005011100000,2,55700000065133003,,0,1055700000064637703
9011005011100000,1,55700000065133110,,0,1055700000064637703
9011005011100000,1,55700000065133451,,0,1055700000064637703
9011005011100000,6,55700000065133615,,0,1055700000064637703
9011005011100000,6,55700000065133670,,0,1055700000064637703
9011005011100000,6,55700000065133780,,0,1055700000064637703
9011005011100000,6,55700000065133835,,0,1055700000064637703
9011005011100000,1,55700000065134160,,0,1055700000064637703
9011005011100000,1,55700000065134376,,0,1055700000064637703
9011005011100000,6,55700000065134540,,0,1055700000064637703
9011005011100000,6,55700000065134815,,0,1055700000064637703
9011005011100000,1,55700000065135034,,0,1055700000064637703
9011005011100000,8,55700000065135196,,0,1055700000064637703
9011005011100000,2,55700000065135459,,0,1055700000064637703
9011005011100000,2,55700000065135724,,0,1055700000064637703
9011005011100000,6,55700000065135885,,0,1055700000064637703
9011005011100000,6,55700000065136050,,0,1055700000064637703
9011005011100000,5,55700000065136821,,0,1055700000064637703
9011005011100000,1,55700000065130328,,0,1055700000064637703
9011005011100000,3,55700000065130490,,0,1055700000064637703
9011005011100000,1,55700000065131343,,0,1055700000064637703
9011005011100000,1,55700000065131397,,0,1055700000064637703
9011005011100000,1,55700000065131505,,0,1055700000064637703
9011005011100000,1,55700000065131559,,0,1055700000064637703
9011005011100000,1,55700000065131613,,0,1055700000064637703
9011005011100000,1,55700000065131775,,0,1055700000064637703
9011005011100000,1,55700000065131829,,0,1055700000064637703
9011005011100000,1,55700000065131883,,0,1055700000064637703
9011005011100000,1,55700000065132153,,0,1055700000064637703
9011005011100000,1,55700000065132207,,0,1055700000064637703
9011005011100000,2,55700000065132579,,0,1055700000064637703
9011005011100000,2,55700000065132738,,0,1055700000064637703
9011005011100000,1,55700000065133164,,0,1055700000064637703
9011005011100000,1,55700000065133218,,0,1055700000064637703
9011005011100000,1,55700000065134052,,0,1055700000064637703
9011005011100000,1,55700000065134106,,0,1055700000064637703
9011005011100000,1,55700000065134268,,0,1055700000064637703
9011005011100000,1,55700000065134322,,0,1055700000064637703
9011005011100000,6,55700000065134430,,0,1055700000064637703
9011005011100000,1,55700000065134980,,0,1055700000064637703
9011005011100000,2,55700000065135618,,0,1055700000064637703
9011005011100000,2,55700000065135671,,0,1055700000064637703
9011005011100000,6,55700000065135830,,0,1055700000064637703
9011005011100000,6,55700000065135995,,0,1055700000064637703
9011005011100000,6,55700000065136160,,0,1055700000064637703
9011005011100000,6,55700000065136270,,0,1055700000064637703
9011005011100000,6,55700000065136380,,0,1055700000064637703
9011005011100000,6,55700000065136435,,0,1055700000064637703
9011005011100000,6,55700000065136600,,0,1055700000064637703
9011005011100000,6,55700000065136655,,0,1055700000064637703
9011005011100000,1,55700000065137039,,0,1055700000064637703
9011005011100000,1,55700000065137093,,0,1055700000064637703
9011005011100000,1,55700000065137255,,0,1055700000064637703
9011005011100000,1,55700000065130220,,0,1055700000064637703
9011005011100000,1,55700000065130274,,0,1055700000064637703
9011005011100000,1,55700000065130382,,0,1055700000064637703
9011005011100000,1,55700000065130436,,0,1055700000064637703
9011005011100000,3,55700000065130598,,0,1055700000064637703
9011005011100000,7,55700000065130760,,0,1055700000064637703
9011005011100000,2,55700000065131004,,0,1055700000064637703
9011005011100000,2,55700000065131057,,0,1055700000064637703
9011005011100000,1,55700000065131235,,0,1055700000064637703
9011005011100000,1,55700000065131721,,0,1055700000064637703
9011005011100000,1,55700000065132099,,0,1055700000064637703
9011005011100000,2,55700000065132367,,0,1055700000064637703
9011005011100000,2,55700000065132473,,0,1055700000064637703
9011005011100000,2,55700000065132526,,0,1055700000064637703
9011005011100000,1,55700000065133056,,0,1055700000064637703
9011005011100000,1,55700000065133272,,0,1055700000064637703
9011005011100000,1,55700000065133397,,0,1055700000064637703
9011005011100000,6,55700000065133505,,0,1055700000064637703
9011005011100000,1,55700000065133998,,0,1055700000064637703
9011005011100000,1,55700000065134214,,0,1055700000064637703
9011005011100000,6,55700000065134485,,0,1055700000064637703
9011005011100000,6,55700000065134595,,0,1055700000064637703
9011005011100000,6,55700000065134705,,0,1055700000064637703
9011005011100000,1,55700000065135088,,0,1055700000064637703
9011005011100000,1,55700000065135142,,0,1055700000064637703
9011005011100000,2,55700000065135300,,0,1055700000064637703
9011005011100000,2,55700000065135406,,0,1055700000064637703
9011005011100000,2,55700000065135565,,0,1055700000064637703
9011005011100000,2,55700000065135777,,0,1055700000064637703
9011005011100000,6,55700000065135940,,0,1055700000064637703
9011005011100000,6,55700000065136105,,0,1055700000064637703
9011005011100000,6,55700000065136215,,0,1055700000064637703
9011005011100000,6,55700000065136325,,0,1055700000064637703
9011005011100000,6,55700000065136545,,0,1055700000064637703
9011005011100000,6,55700000065136710,,0,1055700000064637703
9011005011100000,1,55700000065136931,,0,1055700000064637703
9011005011100000,1,55700000065136985,,0,1055700000064637703
9011005011100000,3,55700000065130544,,0,1055700000064637703
9011005011100000,3,55700000065130652,,0,1055700000064637703
9011005011100000,3,55700000065130706,,0,1055700000064637703
9011005011100000,2,55700000065130951,,0,1055700000064637703
9011005011100000,1,55700000065131289,,0,1055700000064637703
9011005011100000,1,55700000065131451,,0,1055700000064637703
9011005011100000,1,55700000065131937,,0,1055700000064637703
9011005011100000,1,55700000065131991,,0,1055700000064637703
9011005011100000,2,55700000065132261,,0,1055700000064637703
9011005011100000,2,55700000065132314,,0,1055700000064637703
9011005011100000,1,55700000065133326,,0,1055700000064637703
9011005011100000,6,55700000065133560,,0,1055700000064637703
9011005011100000,6,55700000065133725,,0,1055700000064637703
9011005011100000,1,55700000065133890,,0,1055700000064637703
9011005011100000,1,55700000065133944,,0,1055700000064637703
9011005011100000,6,55700000065134650,,0,1055700000064637703
9011005011100000,6,55700000065134760,,0,1055700000064637703
9011005011100000,6,55700000065134870,,0,1055700000064637703
9011005011100000,6,55700000065134925,,0,1055700000064637703
9011005011100000,8,55700000065135248,,0,1055700000064637703
9011005011100000,2,55700000065135353,,0,1055700000064637703
9011005011100000,2,55700000065135512,,0,1055700000064637703
9011005011100000,6,55700000065136490,,0,1055700000064637703
9011005011100000,5,55700000065136765,,0,1055700000064637703
9011005011100000,1,55700000065136877,,0,1055700000064637703
9011005011100000,1,55700000065137147,,0,1055700000064637703
9011005011100000,1,55700000065137201,,0,1055700000064637703
9011005011200000,5,55700000064565358,,1,1055700000057607641
9011005011200000,2,55700000064570026,,1,1055700000057607641
9011005011200000,2,55700000064570105,,1,1055700000057607641
9011005011200000,2,55700000064570342,,1,1055700000057607641
9011005011200000,2,55700000064570500,,1,1055700000057607641
9011005011200000,2,55700000064570658,,1,1055700000057607641
9011005011200000,6,55700000064564568,,1,1055700000057607641
9011005011200000,6,55700000064564647,,1,1055700000057607641
9011005011200000,6,55700000064564726,,1,1055700000057607641
9011005011200000,2,55700000064565674,,1,1055700000057607641
9011005011200000,2,55700000064565753,,1,1055700000057607641
9011005011200000,2,55700000064570184,,1,1055700000057607641
9011005011200000,6,55700000064624596,,1,1055700000057607641
9011005011200000,6,55700000064624754,,1,1055700000057607641
9011005011200000,6,55700000064624833,,1,1055700000057607641
9011005011200000,6,55700000064624991,,1,1055700000057607641
9011005011200000,1,55700000064625386,,1,1055700000057607641
9011005011200000,6,55700000064624438,,1,1055700000057607641
9011005011200000,6,55700000064625149,,1,1055700000057607641
9011005011200000,1,55700000064625307,,1,1055700000057607641
9011005011200000,1,55700000064625544,,1,1055700000057607641
9011005011200000,1,55700000064625702,,1,1055700000057607641
9011005011200000,1,55700000064625860,,1,1055700000057607641
9011005011200000,1,55700000064626334,,1,1055700000057607641
9011005011200000,1,55700000064627392,,1,1055700000057607705
9011005011200000,1,55700000064627684,,1,1055700000057607705
9011005011200000,2,55700000064628000,,1,1055700000057607641
9011005011200000,6,55700000064628237,,1,1055700000057607641
9011005011200000,1,55700000064628712,,1,1055700000057607641
9011005011200000,1,55700000064628870,,1,1055700000057607641
9011005011200000,6,55700000064629028,,1,1055700000057607641
9011005011200000,1,55700000064625623,,1,1055700000057607641
9011005011200000,1,55700000064625781,,1,1055700000057607641
9011005011200000,1,55700000064625939,,1,1055700000057607641
9011005011200000,1,55700000064626018,,1,1055700000057607641
9011005011200000,1,55700000064626097,,1,1055700000057607641
9011005011200000,1,55700000064626650,,1,1055700000057607641
9011005011200000,1,55700000064627045,,1,1055700000057607641
9011005011200000,1,55700000064627471,,1,1055700000057607641
9011005011200000,1,55700000064627921,,1,1055700000057607641
9011005011200000,2,55700000064628079,,1,1055700000057607641
9011005011200000,6,55700000064628553,,1,1055700000057607641
9011005011200000,6,55700000064629265,,1,1055700000057607641
9011005011200000,6,55700000064629423,,1,1055700000057607641
9011005011200000,2,55700000064629660,,1,1055700000057607641
9011005011200000,2,55700000064629976,,1,1055700000057607641
9011005011200000,2,55700000064630055,,1,1055700000057607641
9011005011200000,2,55700000064630453,,1,1055700000057607641
9011005011200000,1,55700000064630695,,1,1055700000057607641
9011005011200000,1,55700000064630774,,1,1055700000057607641
9011005011200000,8,55700000064630853,,1,1055700000057607641
9011005011200000,3,55700000064631090,,1,1055700000057607641
9011005011200000,2,55700000064631327,,1,1055700000057607641
9011005011200000,2,55700000064631485,,1,1055700000057607641
9011005011200000,2,55700000064631647,,1,1055700000057607641
9011005011200000,6,55700000064629186,,1,1055700000057607641
9011005011200000,2,55700000064629818,,1,1055700000057607641
9011005011200000,2,55700000064630216,,1,1055700000057607641
9011005011200000,2,55700000064630374,,1,1055700000057607641
9011005011200000,1,55700000064630537,,1,1055700000057607641
9011005011200000,1,55700000064630616,,1,1055700000057607641
9011005011200000,2,55700000064631406,,1,1055700000057607641
9011005011200000,6,55700000064564410,,1,1055700000057607641
9011005011200000,6,55700000064564489,,1,1055700000057607641
9011005011200000,6,55700000064564805,,1,1055700000057607641
9011005011200000,6,55700000064564963,,1,1055700000057607641
9011005011200000,6,55700000064565042,,1,1055700000057607641
9011005011200000,5,55700000064565200,,1,1055700000057607641
9011005011200000,2,55700000064565832,,1,1055700000057607641
9011005011200000,2,55700000064570421,,1,1055700000057607641
9011005011200000,6,55700000064624517,,1,1055700000057607641
9011005011200000,6,55700000064624912,,1,1055700000057607641
9011005011200000,1,55700000064626176,,1,1055700000057607641
9011005011200000,1,55700000064626255,,1,1055700000057607641
9011005011200000,1,55700000064626413,,1,1055700000057607641
9011005011200000,1,55700000064626571,,1,1055700000057607641
9011005011200000,6,55700000064564884,,1,1055700000057607641
9011005011200000,6,55700000064565121,,1,1055700000057607641
9011005011200000,5,55700000064565279,,1,1055700000057607641
9011005011200000,1,55700000064569157,,1,1055700000057607641
9011005011200000,2,55700000064570263,,1,1055700000057607641
9011005011200000,2,55700000064570579,,1,1055700000057607641
9011005011200000,1,55700000064626729,,1,1055700000057607641
9011005011200000,1,55700000064626808,,1,1055700000057607641
9011005011200000,1,55700000064627124,,1,1055700000057607641
9011005011200000,1,55700000064627191,,1,1055700000057607705
9011005011200000,1,55700000064627258,,1,1055700000057607705
9011005011200000,1,55700000064627325,,1,1055700000057607705
9011005011200000,1,55700000064627538,,1,1055700000057607705
9011005011200000,1,55700000064627842,,1,1055700000057607641
9011005011200000,6,55700000064628395,,1,1055700000057607641
9011005011200000,6,55700000064628791,,1,1055700000057607641
9011005011200000,6,55700000064629344,,1,1055700000057607641
9011005011200000,2,55700000064629739,,1,1055700000057607641
9011005011200000,2,55700000064629897,,1,1055700000057607641
9011005011200000,2,55700000064630134,,1,1055700000057607641
9011005011200000,8,55700000064630932,,1,1055700000057607641
9011005011200000,8,55700000064631011,,1,1055700000057607641
9011005011200000,3,55700000064631169,,1,1055700000057607641
9011005011200000,6,55700000064624359,,1,1055700000057607641
9011005011200000,6,55700000064624675,,1,1055700000057607641
9011005011200000,6,55700000064625070,,1,1055700000057607641
9011005011200000,6,55700000064625228,,1,1055700000057607641
9011005011200000,1,55700000064625465,,1,1055700000057607641
9011005011200000,1,55700000064626492,,1,1055700000057607641
9011005011200000,1,55700000064626887,,1,1055700000057607641
9011005011200000,1,55700000064626966,,1,1055700000057607641
9011005011200000,1,55700000064627617,,1,1055700000057607641
9011005011200000,1,55700000064627763,,1,1055700000057607641
9011005011200000,2,55700000064628158,,1,1055700000057607641
9011005011200000,6,55700000064628316,,1,1055700000057607641
9011005011200000,6,55700000064628474,,1,1055700000057607641
9011005011200000,6,55700000064628632,,1,1055700000057607641
9011005011200000,2,55700000064628949,,1,1055700000057607641
9011005011200000,6,55700000064629107,,1,1055700000057607641
9011005011200000,2,55700000064629502,,1,1055700000057607641
9011005011200000,2,55700000064629581,,1,1055700000057607641
9011005011200000,2,55700000064630295,,1,1055700000057607641
9011005011200000,2,55700000064631248,,1,1055700000057607641
9011005011200000,2,55700000064631568,,1,1055700000057607641
9011005011200000,2,55700000064631726,,1,1055700000057607641
9011005011200000,1,55700000064572159,,0,1055700000054590463
9011005011200000,2,55700000064574703,,0,1055700000054590463
9011005011200000,1,55700000064571247,,0,1055700000054590463
9011005011200000,6,55700000064572495,,0,1055700000054590463
9011005011200000,6,55700000064572591,,0,1055700000054590463
9011005011200000,14,55700000064572639,,0,1055700000054590463
9011005011200000,2,55700000064574559,,0,1055700000054590463
9011005011200000,2,55700000064574655,,0,1055700000054590463
9011005011200000,2,55700000064574751,,0,1055700000054590463
9011005011200000,1,55700000064631859,,0,1055700000054590463
9011005011200000,1,55700000064632003,,0,1055700000054590463
9011005011200000,1,55700000064632099,,0,1055700000054590463
9011005011200000,1,55700000064632772,,0,1055700000054590463
9011005011200000,1,55700000064632918,,0,1055700000054590463
9011005011200000,1,55700000064632966,,0,1055700000054590463
9011005011200000,1,55700000064633062,,0,1055700000054590463
9011005011200000,6,55700000064633160,,0,1055700000054590463
9011005011200000,2,55700000064633460,,0,1055700000054590463
9011005011200000,2,55700000064633940,,0,1055700000054590463
9011005011200000,2,55700000064634276,,0,1055700000054590463
9011005011200000,2,55700000064634324,,0,1055700000054590463
9011005011200000,2,55700000064634468,,0,1055700000054590463
9011005011200000,2,55700000064634612,,0,1055700000054590463
9011005011200000,6,55700000064634761,,0,1055700000054590463
9011005011200000,6,55700000064634905,,0,1055700000054590463
9011005011200000,5,55700000064635073,,0,1055700000054590463
9011005011200000,6,55700000064635181,,0,1055700000054590463
9011005011200000,6,55700000064635325,,0,1055700000054590463
9011005011200000,1,55700000064635902,,0,1055700000054590463
9011005011200000,6,55700000064636094,,0,1055700000054590463
9011005011200000,6,55700000064636238,,0,1055700000054590463
9011005011200000,6,55700000064636286,,0,1055700000054590463
9011005011200000,6,55700000064636382,,0,1055700000054590463
9011005011200000,6,55700000064636478,,0,1055700000054590463
9011005011200000,6,55700000064636526,,0,1055700000054590463
9011005011200000,1,55700000064631955,,0,1055700000054590463
9011005011200000,1,55700000064632244,,0,1055700000054590463
9011005011200000,1,55700000064632436,,0,1055700000054590463
9011005011200000,1,55700000064632484,,0,1055700000054590463
9011005011200000,1,55700000064632532,,0,1055700000054590463
9011005011200000,1,55700000064633014,,0,1055700000054590463
9011005011200000,6,55700000064633268,,0,1055700000054590463
9011005011200000,2,55700000064633316,,0,1055700000054590463
9011005011200000,2,55700000064634132,,0,1055700000054590463
9011005011200000,5,55700000064635013,,0,1055700000054590463
9011005011200000,6,55700000064635133,,0,1055700000054590463
9011005011200000,6,55700000064635229,,0,1055700000054590463
9011005011200000,1,55700000064635470,,0,1055700000054590463
9011005011200000,8,55700000064635566,,0,1055700000054590463
9011005011200000,2,55700000064635662,,0,1055700000054590463
9011005011200000,2,55700000064635710,,0,1055700000054590463
9011005011200000,1,55700000064635950,,0,1055700000054590463
9011005011200000,6,55700000064636046,,0,1055700000054590463
9011005011200000,6,55700000064636142,,0,1055700000054590463
9011005011200000,6,55700000064636334,,0,1055700000054590463
9011005011200000,1,55700000064572207,,0,1055700000054590463
9011005011200000,6,55700000064572543,,0,1055700000054590463
9011005011200000,6,55700000064572447,,0,1055700000054590463
9011005011200000,14,55700000064572687,,0,1055700000054590463
9011005011200000,1,55700000064572735,,0,1055700000054590463
9011005011200000,2,55700000064574607,,0,1055700000054590463
9011005011200000,1,55700000064631907,,0,1055700000054590463
9011005011200000,1,55700000064632051,,0,1055700000054590463
9011005011200000,1,55700000064632147,,0,1055700000054590463
9011005011200000,1,55700000064632195,,0,1055700000054590463
9011005011200000,1,55700000064632292,,0,1055700000054590463
9011005011200000,1,55700000064632340,,0,1055700000054590463
9011005011200000,1,55700000064632820,,0,1055700000054590463
9011005011200000,2,55700000064633364,,0,1055700000054590463
9011005011200000,2,55700000064633412,,0,1055700000054590463
9011005011200000,2,55700000064633604,,0,1055700000054590463
9011005011200000,2,55700000064633700,,0,1055700000054590463
9011005011200000,2,55700000064633748,,0,1055700000054590463
9011005011200000,2,55700000064633844,,0,1055700000054590463
9011005011200000,2,55700000064633988,,0,1055700000054590463
9011005011200000,2,55700000064634180,,0,1055700000054590463
9011005011200000,2,55700000064634228,,0,1055700000054590463
9011005011200000,2,55700000064634372,,0,1055700000054590463
9011005011200000,2,55700000064634420,,0,1055700000054590463
9011005011200000,2,55700000064634516,,0,1055700000054590463
9011005011200000,2,55700000064634660,,0,1055700000054590463
9011005011200000,6,55700000064634713,,0,1055700000054590463
9011005011200000,6,55700000064635277,,0,1055700000054590463
9011005011200000,6,55700000064635373,,0,1055700000054590463
9011005011200000,8,55700000064635518,,0,1055700000054590463
9011005011200000,2,55700000064635758,,0,1055700000054590463
9011005011200000,1,55700000064635854,,0,1055700000054590463
9011005011200000,6,55700000064635998,,0,1055700000054590463
9011005011200000,6,55700000064636430,,0,1055700000054590463
9011005011200000,6,55700000064636574,,0,1055700000054590463
9011005011200000,1,55700000064631811,,0,1055700000054590463
9011005011200000,1,55700000064632388,,0,1055700000054590463
9011005011200000,1,55700000064632580,,0,1055700000054590463
9011005011200000,1,55700000064632628,,0,1055700000054590463
9011005011200000,1,55700000064632676,,0,1055700000054590463
9011005011200000,1,55700000064632724,,0,1055700000054590463
9011005011200000,1,55700000064632870,,0,1055700000054590463
9011005011200000,6,55700000064633112,,0,1055700000054590463
9011005011200000,6,55700000064633220,,0,1055700000054590463
9011005011200000,2,55700000064633508,,0,1055700000054590463
9011005011200000,2,55700000064633556,,0,1055700000054590463
9011005011200000,2,55700000064633652,,0,1055700000054590463
9011005011200000,2,55700000064633796,,0,1055700000054590463
9011005011200000,2,55700000064633892,,0,1055700000054590463
9011005011200000,2,55700000064634036,,0,1055700000054590463
9011005011200000,2,55700000064634084,,0,1055700000054590463
9011005011200000,2,55700000064634564,,0,1055700000054590463
9011005011200000,6,55700000064634809,,0,1055700000054590463
9011005011200000,6,55700000064634857,,0,1055700000054590463
9011005011200000,5,55700000064634953,,0,1055700000054590463
9011005011200000,1,55700000064635422,,0,1055700000054590463
9011005011200000,8,55700000064635614,,0,1055700000054590463
9011005011200000,1,55700000064635806,,0,1055700000054590463
9011005011200000,6,55700000064636190,,0,1055700000054590463
9011005011300000,6,55700000064613301,,1,1055700000057594918
9011005011300000,6,55700000064613566,,1,1055700000057594918
9011005011300000,6,55700000064613968,,1,1055700000057594918
9011005011300000,6,55700000064613767,,1,1055700000057594918
9011005011300000,1,55700000064614851,,1,1055700000057594918
9011005011300000,1,55700000064614918,,1,1055700000057594918
9011005011300000,6,55700000064615186,,1,1055700000057594918
9011005011300000,6,55700000064615454,,1,1055700000057594918
9011005011300000,6,55700000064615588,,1,1055700000057594918
9011005011300000,1,55700000064615988,,1,1055700000057594918
9011005011300000,3,55700000064616055,,1,1055700000057594918
9011005011300000,2,55700000064616390,,1,1055700000057594918
9011005011300000,1,55700000064617062,,1,1055700000057594918
9011005011300000,1,55700000064617129,,1,1055700000057594918
9011005011300000,1,55700000064617263,,1,1055700000057594918
9011005011300000,1,55700000064617741,,1,1055700000057594918
9011005011300000,2,55700000064617877,,1,1055700000057594918
9011005011300000,2,55700000064618075,,1,1055700000057594918
9011005011300000,2,55700000064618344,,1,1055700000057594918
9011005011300000,1,55700000064618676,,1,1055700000057594918
9011005011300000,1,55700000064618743,,1,1055700000057594918
9011005011300000,11,55700000064619014,,1,1055700000057594918
9011005011300000,7,55700000064619148,,1,1055700000057594918
9011005011300000,6,55700000064619639,,1,1055700000057594918
9011005011300000,6,55700000064619706,,1,1055700000057594918
9011005011300000,6,55700000064613901,,1,1055700000057594918
9011005011300000,6,55700000064614102,,1,1055700000057594918
9011005011300000,1,55700000064614168,,1,1055700000057594918
9011005011300000,1,55700000064614366,,1,1055700000057594918
9011005011300000,2,55700000064615052,,1,1055700000057594918
9011005011300000,6,55700000064615119,,1,1055700000057594918
9011005011300000,6,55700000064615253,,1,1055700000057594918
9011005011300000,6,55700000064615654,,1,1055700000057594918
9011005011300000,1,55700000064615854,,1,1055700000057594918
9011005011300000,1,55700000064615921,,1,1055700000057594918
9011005011300000,2,55700000064616189,,1,1055700000057594918
9011005011300000,2,55700000064616256,,1,1055700000057594918
9011005011300000,2,55700000064616323,,1,1055700000057594918
9011005011300000,1,55700000064616459,,1,1055700000057594918
9011005011300000,2,55700000064616727,,1,1055700000057594918
9011005011300000,2,55700000064616794,,1,1055700000057594918
9011005011300000,1,55700000064617196,,1,1055700000057594918
9011005011300000,2,55700000064618207,,1,1055700000057594918
9011005011300000,11,55700000064618947,,1,1055700000057594918
9011005011300000,7,55700000064619215,,1,1055700000057594918
9011005011300000,7,55700000064619422,,1,1055700000057594918
9011005011300000,1,55700000064944965,,1,1055700000064944339
9011005011300000,1,55700000064945035,,1,1055700000064944339
9011005011300000,1,55700000064944787,,1,1055700000064944339
9011005011300000,1,55700000064944857,,1,1055700000064944339
9011005011300000,1,55700000064945179,,1,1055700000064944339
9011005011300000,6,55700000064613633,,1,1055700000057594918
9011005011300000,2,55700000064613834,,1,1055700000057594918
9011005011300000,6,55700000064614035,,1,1055700000057594918
9011005011300000,2,55700000064614985,,1,1055700000057594918
9011005011300000,6,55700000064615720,,1,1055700000057594918
9011005011300000,1,55700000064616526,,1,1055700000057594918
9011005011300000,1,55700000064616593,,1,1055700000057594918
9011005011300000,2,55700000064617943,,1,1055700000057594918
9011005011300000,2,55700000064618009,,1,1055700000057594918
9011005011300000,2,55700000064618141,,1,1055700000057594918
9011005011300000,1,55700000064618609,,1,1055700000057594918
9011005011300000,11,55700000064619081,,1,1055700000057594918
9011005011300000,7,55700000064619349,,1,1055700000057594918
9011005011300000,2,55700000064619489,,1,1055700000057594918
9011005011300000,6,55700000064619556,,1,1055700000057594918
9011005011300000,6,55700000064613367,,1,1055700000057594918
9011005011300000,6,55700000064613433,,1,1055700000057594918
9011005011300000,6,55700000064613499,,1,1055700000057594918
9011005011300000,6,55700000064613700,,1,1055700000057594918
9011005011300000,1,55700000064614234,,1,1055700000057594918
9011005011300000,1,55700000064614300,,1,1055700000057594918
9011005011300000,6,55700000064615320,,1,1055700000057594918
9011005011300000,6,55700000064615387,,1,1055700000057594918
9011005011300000,6,55700000064615521,,1,1055700000057594918
9011005011300000,1,55700000064615787,,1,1055700000057594918
9011005011300000,1,55700000064616122,,1,1055700000057594918
9011005011300000,1,55700000064616660,,1,1055700000057594918
9011005011300000,2,55700000064616861,,1,1055700000057594918
9011005011300000,1,55700000064616928,,1,1055700000057594918
9011005011300000,1,55700000064616995,,1,1055700000057594918
9011005011300000,1,55700000064617540,,1,1055700000057594918
9011005011300000,2,55700000064617607,,1,1055700000057594918
9011005011300000,2,55700000064617674,,1,1055700000057594918
9011005011300000,2,55700000064618410,,1,1055700000057594918
9011005011300000,2,55700000064618476,,1,1055700000057594918
9011005011300000,2,55700000064618542,,1,1055700000057594918
9011005011300000,1,55700000064618810,,1,1055700000057594918
9011005011300000,7,55700000064619282,,1,1055700000057594918
9011005011300000,1,55700000064944717,,1,1055700000064944339
9011005011300000,1,55700000064944507,,1,1055700000064944339
9011005011300000,1,55700000064944577,,1,1055700000064944339
9011005011300000,1,55700000064944647,,1,1055700000064944339
9011005011300000,1,55700000064945105,,1,1055700000064944339
9011005011300000,1,55700000064945255,,1,1055700000064944339
9011005011300000,1,55700000064945333,,1,1055700000064944339
9011005011300000,7,55700000063011183,,0,1055700000054582047
9011005011300000,1,55700000064619813,,0,1055700000061977885
9011005011300000,1,55700000064620251,,0,1055700000061977885
9011005011300000,1,55700000064620395,,0,1055700000061977885
9011005011300000,1,55700000064620839,,0,1055700000061977885
9011005011300000,2,55700000064620910,,0,1055700000061977885
9011005011300000,2,55700000064620982,,0,1055700000061977885
9011005011300000,14,55700000064621161,,0,1055700000061977885
9011005011300000,6,55700000064621416,,0,1055700000061977885
9011005011300000,6,55700000064621531,,0,1055700000061977885
9011005011300000,6,55700000064621566,,0,1055700000061977885
9011005011300000,1,55700000064621677,,0,1055700000061977885
9011005011300000,6,55700000064621817,,0,1055700000061977885
9011005011300000,6,55700000064621957,,0,1055700000061977885
9011005011300000,2,55700000064622099,,0,1055700000061977885
9011005011300000,6,55700000064622169,,0,1055700000061977885
9011005011300000,7,55700000064622349,,0,1055700000061977885
9011005011300000,6,55700000064622529,,0,1055700000061977885
9011005011300000,2,55700000064622611,,0,1055700000061977885
9011005011300000,2,55700000064622752,,0,1055700000061977885
9011005011300000,2,55700000064622787,,0,1055700000061977885
9011005011300000,2,55700000064622892,,0,1055700000061977885
9011005011300000,2,55700000064622962,,0,1055700000061977885
9011005011300000,1,55700000064620057,,0,1055700000057594977
9011005011300000,1,55700000064620179,,0,1055700000061977885
9011005011300000,1,55700000064620467,,0,1055700000061977885
9011005011300000,1,55700000064620874,,0,1055700000061977885
9011005011300000,7,55700000064621196,,0,1055700000061977885
9011005011300000,6,55700000064622027,,0,1055700000061977885
9011005011300000,2,55700000064622241,,0,1055700000061977885
9011005011300000,7,55700000064622385,,0,1055700000061977885
9011005011300000,7,55700000064622421,,0,1055700000061977885
9011005011300000,2,55700000064622647,,0,1055700000061977885
9011005011300000,2,55700000064622822,,0,1055700000061977885
9011005011300000,2,55700000064622927,,0,1055700000061977885
9011005011300000,1,55700000064622998,,0,1055700000061977885
9011005011300000,1,55700000064620082,,0,1055700000057594977
9011005011300000,1,55700000064620215,,0,1055700000061977885
9011005011300000,1,55700000064620287,,0,1055700000061977885
9011005011300000,1,55700000064620503,,0,1055700000061977885
9011005011300000,1,55700000064620539,,0,1055700000061977885
9011005011300000,3,55700000064620804,,0,1055700000061977885
9011005011300000,2,55700000064620946,,0,1055700000061977885
9011005011300000,14,55700000064621056,,0,1055700000061977885
9011005011300000,14,55700000064621091,,0,1055700000061977885
9011005011300000,14,55700000064621126,,0,1055700000061977885
9011005011300000,7,55700000064621301,,0,1055700000061977885
9011005011300000,2,55700000064621782,,0,1055700000061977885
9011005011300000,6,55700000064621852,,0,1055700000061977885
9011005011300000,2,55700000064622205,,0,1055700000061977885
9011005011300000,2,55700000064622277,,0,1055700000061977885
9011005011300000,7,55700000064622313,,0,1055700000061977885
9011005011300000,7,55700000064622457,,0,1055700000061977885
9011005011300000,6,55700000064622493,,0,1055700000061977885
9011005011300000,6,55700000064622565,,0,1055700000061977885
9011005011300000,2,55700000064622857,,0,1055700000061977885
9011005011300000,1,55700000064620032,,0,1055700000057594977
9011005011300000,1,55700000064620107,,0,1055700000057594977
9011005011300000,1,55700000064620143,,0,1055700000061977885
9011005011300000,1,55700000064620323,,0,1055700000061977885
9011005011300000,1,55700000064620359,,0,1055700000061977885
9011005011300000,1,55700000064620431,,0,1055700000061977885
9011005011300000,1,55700000064620731,,0,1055700000061977885
9011005011300000,3,55700000064620769,,0,1055700000061977885
9011005011300000,14,55700000064621021,,0,1055700000061977885
9011005011300000,7,55700000064621231,,0,1055700000061977885
9011005011300000,7,55700000064621266,,0,1055700000061977885
9011005011300000,7,55700000064621336,,0,1055700000061977885
9011005011300000,6,55700000064621381,,0,1055700000061977885
9011005011300000,6,55700000064621451,,0,1055700000061977885
9011005011300000,6,55700000064621486,,0,1055700000061977885
9011005011300000,2,55700000064621747,,0,1055700000061977885
9011005011300000,6,55700000064621887,,0,1055700000061977885
9011005011300000,6,55700000064621922,,0,1055700000061977885
9011005011300000,6,55700000064621992,,0,1055700000061977885
9011005011300000,2,55700000064622063,,0,1055700000061977885
9011005011300000,6,55700000064622134,,0,1055700000061977885
9011005011300000,2,55700000064622682,,0,1055700000061977885
9011005011300000,2,55700000064622717,,0,1055700000061977885
9011005011300000,1,55700000065425932,,0,1055700000064944395
9011005011300000,1,55700000065425971,,0,1055700000064944395
9011005011300000,1,55700000065426010,,0,1055700000064944395
9011005011300000,1,55700000065425721,,0,1055700000064944395
9011005011300000,1,55700000065425760,,0,1055700000064944395
9011005011300000,1,55700000065425799,,0,1055700000064944395
9011005011300000,1,55700000065426049,,0,1055700000064944395
9011005011300000,1,55700000065451258,,0,1055700000061977885
9011005011300000,1,55700000065425643,,0,1055700000064944395
9011005011300000,1,55700000065425682,,0,1055700000064944395
9011005011300000,1,55700000065426165,,0,1055700000064944395
9011005011300000,1,55700000065425838,,0,1055700000064944395
9011005011300000,1,55700000065425877,,0,1055700000064944395
9011005011300000,1,55700000065426126,,0,1055700000064944395
9011005012000000,7,55700000062999690,,1,1055700000057665919
9011005012000000,7,55700000062999677,,1,1055700000057665919
9011005012000000,1,55700000063704625,,1,1055700000057665941
9011005012000000,1,55700000063704661,,1,1055700000057665941
9011005012000000,1,55700000063704607,,1,1055700000057665941
9011005012000000,1,55700000063704679,,1,1055700000057665941
9011005012000000,1,55700000063704589,,1,1055700000057665941
9011005012000000,1,55700000063704571,,1,1055700000057665941
9011005012000000,1,55700000063704643,,1,1055700000057665941
9011005012000000,1,55700000063000083,,0,1055700000057665967
9011005012000000,1,55700000063704736,,0,1055700000057665967
9011005012000000,1,55700000063704774,,0,1055700000057665967
9011005012000000,1,55700000063704812,,0,1055700000057665967
9011005012000000,1,55700000063704869,,0,1055700000057665967
9011005012000000,1,55700000063704907,,0,1055700000057665967
9011005012000000,7,55700000063704963,,0,1055700000057665967
9011005012000000,1,55700000063704717,,0,1055700000057665967
9011005012000000,1,55700000063704831,,0,1055700000057665967
9011005012000000,1,55700000063704926,,0,1055700000057665967
9011005012000000,1,55700000063704698,,0,1055700000057665967
9011005012000000,1,55700000063704755,,0,1055700000057665967
9011005012000000,1,55700000063704793,,0,1055700000057665967
9011005012000000,1,55700000063704850,,0,1055700000057665967
9011005012000000,1,55700000063704888,,0,1055700000057665967
9011005012000000,1,55700000063704945,,0,1055700000057665967
9011005012100000,1,55700000064701748,,1,1055700000064701648
9011005012100000,1,55700000064701761,,1,1055700000064701648
9011005012100000,1,55700000064701800,,1,1055700000064701648
9011005012100000,1,55700000064701865,,1,1055700000064701648
9011005012100000,1,55700000064701891,,1,1055700000064701648
9011005012100000,1,55700000064701956,,1,1055700000064701648
9011005012100000,1,55700000064702021,,1,1055700000064701648
9011005012100000,1,55700000064701696,,1,1055700000064701648
9011005012100000,1,55700000064701735,,1,1055700000064701648
9011005012100000,1,55700000064701826,,1,1055700000064701648
9011005012100000,1,55700000064701839,,1,1055700000064701648
9011005012100000,1,55700000064701852,,1,1055700000064701648
9011005012100000,1,55700000064701917,,1,1055700000064701648
9011005012100000,1,55700000064701930,,1,1055700000064701648
9011005012100000,1,55700000064701943,,1,1055700000064701648
9011005012100000,1,55700000064701969,,1,1055700000064701648
9011005012100000,1,55700000064702047,,1,1055700000064701648
9011005012100000,1,55700000064702099,,1,1055700000064701648
9011005012100000,1,55700000064701774,,1,1055700000064701648
9011005012100000,1,55700000064701982,,1,1055700000064701648
9011005012100000,1,55700000064701995,,1,1055700000064701648
9011005012100000,1,55700000064701709,,1,1055700000064701648
9011005012100000,1,55700000064701722,,1,1055700000064701648
9011005012100000,1,55700000064701787,,1,1055700000064701648
9011005012100000,1,55700000064701813,,1,1055700000064701648
9011005012100000,1,55700000064701878,,1,1055700000064701648
9011005012100000,1,55700000064701904,,1,1055700000064701648
9011005012100000,1,55700000064702008,,1,1055700000064701648
9011005012100000,1,55700000064702034,,1,1055700000064701648
9011005012100000,1,55700000064702060,,1,1055700000064701648
9011005012100000,1,55700000064702073,,1,1055700000064701648
9011005012100000,1,55700000064702086,,1,1055700000064701648
9011005012100000,1,55700000064702112,,0,1055700000056921861
9011005012100000,1,55700000064702268,,0,1055700000056921861
9011005012100000,1,55700000064702333,,0,1055700000056921861
9011005012100000,1,55700000064702463,,0,1055700000056921861
9011005012100000,1,55700000064702502,,0,1055700000056921861
9011005012100000,1,55700000064702515,,0,1055700000056921861
9011005012100000,1,55700000064702151,,0,1055700000056921861
9011005012100000,1,55700000064702203,,0,1055700000056921861
9011005012100000,1,55700000064702242,,0,1055700000056921861
9011005012100000,1,55700000064702281,,0,1055700000056921861
9011005012100000,1,55700000064702294,,0,1055700000056921861
9011005012100000,1,55700000064702320,,0,1055700000056921861
9011005012100000,1,55700000064702346,,0,1055700000056921861
9011005012100000,1,55700000064702372,,0,1055700000056921861
9011005012100000,1,55700000064702411,,0,1055700000056921861
9011005012100000,1,55700000064702190,,0,1055700000056921861
9011005012100000,1,55700000064702229,,0,1055700000056921861
9011005012100000,1,55700000064702255,,0,1055700000056921861
9011005012100000,1,55700000064702307,,0,1055700000056921861
9011005012100000,1,55700000064702385,,0,1055700000056921861
9011005012100000,1,55700000064702398,,0,1055700000056921861
9011005012100000,1,55700000064702450,,0,1055700000056921861
9011005012100000,1,55700000064702476,,0,1055700000056921861
9011005012100000,1,55700000064702125,,0,1055700000056921861
9011005012100000,1,55700000064702138,,0,1055700000056921861
9011005012100000,1,55700000064702164,,0,1055700000056921861
9011005012100000,1,55700000064702177,,0,1055700000056921861
9011005012100000,1,55700000064702216,,0,1055700000056921861
9011005012100000,1,55700000064702359,,0,1055700000056921861
9011005012100000,1,55700000064702424,,0,1055700000056921861
9011005012100000,1,55700000064702437,,0,1055700000056921861
9011005012100000,1,55700000064702489,,0,1055700000056921861
9011005012900000,1,55700000062998165,,1,7055700000008042284
9011005012900000,11,55700000062998279,,1,7055700000008042284
9011005012900000,1,55700000062998146,,1,7055700000008042284
9011005012900000,1,55700000062998203,,1,7055700000008042284
9011005012900000,1,55700000062998260,,1,7055700000008042284
9011005012900000,7,55700000062998336,,1,7055700000008042284
9011005012900000,7,55700000062998355,,1,7055700000008042284
9011005012900000,6,55700000062998376,,1,7055700000008042284
9011005012900000,1,55700000062998184,,1,7055700000008042284
9011005012900000,1,55700000062998222,,1,7055700000008042284
9011005012900000,1,55700000062998241,,1,7055700000008042284
9011005012900000,2,55700000062998298,,1,7055700000008042284
9011005012900000,7,55700000062998317,,1,7055700000008042284
9011005012900000,1,55700000062998441,,0,7055700000008042309
9011005012900000,1,55700000062998460,,0,7055700000008042309
9011005012900000,1,55700000062998536,,0,7055700000008042309
9011005012900000,6,55700000062998650,,0,7055700000008042309
9011005012900000,6,55700000062998709,,0,7055700000008042309
9011005012900000,1,55700000062998479,,0,7055700000008042309
9011005012900000,2,55700000062998555,,0,7055700000008042309
9011005012900000,2,55700000062998574,,0,7055700000008042309
9011005012900000,1,55700000062998422,,0,7055700000008042309
9011005012900000,1,55700000062998498,,0,7055700000008042309
9011005012900000,2,55700000062998631,,0,7055700000008042309
9011005012900000,1,55700000062998403,,0,7055700000008042309
9011005012900000,1,55700000062998517,,0,7055700000008042309
9011005012900000,7,55700000062998593,,0,7055700000008042309
9011005012900000,2,55700000062998612,,0,7055700000008042309
9011005012900000,6,55700000062998669,,0,7055700000008042309
9011005012900000,6,55700000062998690,,0,7055700000008042309
9011005014100000,9,55700000064701572,,1,1055700000050274846
9011005014100000,9,55700000064701592,,1,1055700000050274846
9011005018700000,1,55700000062997437,,1,1055700000052216225
9011005018700000,1,55700000062997545,,1,1055700000052216225
9011005018700000,2,55700000062997572,,1,1055700000052216225
9011005018700000,2,55700000062997626,,1,1055700000052216225
9011005018700000,1,55700000062997518,,1,1055700000052216225
9011005018700000,1,55700000062997329,,1,1055700000052216225
9011005018700000,1,55700000062997356,,1,1055700000052216225
9011005018700000,1,55700000062997491,,1,1055700000052216225
9011005018700000,2,55700000062997599,,1,1055700000052216225
9011005018700000,1,55700000062997383,,1,1055700000052216225
9011005018700000,1,55700000062997410,,1,1055700000052216225
9011005018700000,1,55700000062997464,,1,1055700000052216225
9011005018700000,2,55700000062997653,,1,1055700000052216225
9011005018700000,1,55700000062997683,,0,1055700000052216261
9011005018700000,1,55700000062997773,,0,1055700000052216261
9011005018700000,1,55700000062997833,,0,1055700000052216261
9011005018700000,1,55700000062997893,,0,1055700000052216261
9011005018700000,1,55700000062997923,,0,1055700000052216261
9011005018700000,1,55700000062997713,,0,1055700000052216261
9011005018700000,1,55700000062997803,,0,1055700000052216261
9011005018700000,1,55700000062997863,,0,1055700000052216261
9011005018700000,2,55700000062997983,,0,1055700000052216261
9011005018700000,2,55700000062998013,,0,1055700000052216261
9011005018700000,1,55700000062997743,,0,1055700000052216261
9011005018700000,2,55700000062997953,,0,1055700000052216261
9011005018700000,2,55700000062998043,,0,1055700000052216261
9011005018800000,1,55700000063376117,,1,1055700000007429436
9011005018800000,2,55700000063376126,,1,1055700000007429436
9011005019000000,2,55700000063376150,,1,1055700000034617745
9011005019000000,1,55700000063376141,,1,1055700000034617745
9011005019100000,1,55700000065460000,,1,1055700000036708890
9011005019100000,1,55700000065460031,,1,1055700000036708890
9011005019100000,2,55700000065460041,,1,1055700000036708890
9011005019100000,32,55700000065460011,,1,1055700000036708908
9011005019100000,1,55700000065460021,,1,1055700000036708890
9011005020100000,1,55700000063351434,,1,1055700000056300835
9011005020100000,13,55700000064425599,,1,1055700000054772681
9011005020100000,6,55700000064425725,,1,1055700000054772681
9011005020100000,6,55700000064425754,,1,1055700000054772681
9011005020100000,2,55700000064425812,,1,1055700000054772681
9011005020100000,7,55700000064425928,,1,1055700000054772681
9011005020100000,7,55700000064426131,,1,1055700000054772681
9011005020100000,7,55700000064426218,,1,1055700000054772681
9011005020100000,7,55700000064426247,,1,1055700000054772681
9011005020100000,7,55700000064426421,,1,1055700000054772681
9011005020100000,1,55700000064426492,,1,1055700000054772681
9011005020100000,1,55700000064426550,,1,1055700000054772681
9011005020100000,1,55700000064426608,,1,1055700000054772681
9011005020100000,1,55700000064427217,,1,1055700000054772681
9011005020100000,1,55700000064427333,,1,1055700000054772681
9011005020100000,1,55700000064427362,,1,1055700000054772681
9011005020100000,1,55700000064427565,,1,1055700000054772681
9011005020100000,1,55700000064427913,,1,1055700000054772681
9011005020100000,1,55700000064428145,,1,1055700000054772681
9011005020100000,1,55700000064428262,,1,1055700000054772681
9011005020100000,1,55700000064428349,,1,1055700000054772681
9011005020100000,1,55700000064428407,,1,1055700000054772681
9011005020100000,1,55700000064428465,,1,1055700000054772681
9011005020100000,11,55700000064428755,,1,1055700000054772681
9011005020100000,2,55700000064429016,,1,1055700000054772681
9011005020100000,7,55700000064429364,,1,1055700000054772681
9011005020100000,6,55700000064429535,,1,1055700000054772681
9011005020100000,6,55700000064429564,,1,1055700000054772681
9011005020100000,6,55700000064429628,,1,1055700000054772681
9011005020100000,1,55700000064429863,,1,1055700000054772681
9011005020100000,1,55700000064430095,,1,1055700000054772681
9011005020100000,1,55700000064430124,,1,1055700000054772681
9011005020100000,1,55700000064430153,,1,1055700000054772681
9011005020100000,13,55700000064425570,,1,1055700000054772681
9011005020100000,7,55700000064425692,,1,1055700000054772681
9011005020100000,7,55700000064425899,,1,1055700000054772681
9011005020100000,7,55700000064426102,,1,1055700000054772681
9011005020100000,7,55700000064426334,,1,1055700000054772681
9011005020100000,1,55700000064426637,,1,1055700000054772681
9011005020100000,1,55700000064426666,,1,1055700000054772681
9011005020100000,1,55700000064426753,,1,1055700000054772681
9011005020100000,1,55700000064426811,,1,1055700000054772681
9011005020100000,1,55700000064426898,,1,1055700000054772681
9011005020100000,1,55700000064426927,,1,1055700000054772681
9011005020100000,1,55700000064427043,,1,1055700000054772681
9011005020100000,1,55700000064427101,,1,1055700000054772681
9011005020100000,1,55700000064427159,,1,1055700000054772681
9011005020100000,1,55700000064427188,,1,1055700000054772681
9011005020100000,1,55700000064427246,,1,1055700000054772681
9011005020100000,1,55700000064427420,,1,1055700000054772681
9011005020100000,1,55700000064427507,,1,1055700000054772681
9011005020100000,1,55700000064427536,,1,1055700000054772681
9011005020100000,1,55700000064427594,,1,1055700000054772681
9011005020100000,1,55700000064427826,,1,1055700000054772681
9011005020100000,1,55700000064427855,,1,1055700000054772681
9011005020100000,1,55700000064427942,,1,1055700000054772681
9011005020100000,1,55700000064428000,,1,1055700000054772681
9011005020100000,1,55700000064428029,,1,1055700000054772681
9011005020100000,1,55700000064428058,,1,1055700000054772681
9011005020100000,1,55700000064428116,,1,1055700000054772681
9011005020100000,1,55700000064428320,,1,1055700000054772681
9011005020100000,11,55700000064428697,,1,1055700000054772681
9011005020100000,11,55700000064428813,,1,1055700000054772681
9011005020100000,2,55700000064428929,,1,1055700000054772681
9011005020100000,2,55700000064429103,,1,1055700000054772681
9011005020100000,2,55700000064429132,,1,1055700000054772681
9011005020100000,7,55700000064429190,,1,1055700000054772681
9011005020100000,7,55700000064429306,,1,1055700000054772681
9011005020100000,7,55700000064429393,,1,1055700000054772681
9011005020100000,6,55700000064429657,,1,1055700000054772681
9011005020100000,1,55700000064429776,,1,1055700000054772681
9011005020100000,1,55700000064429892,,1,1055700000054772681
9011005020100000,7,55700000064425663,,1,1055700000054772681
9011005020100000,7,55700000064425841,,1,1055700000054772681
9011005020100000,7,55700000064425870,,1,1055700000054772681
9011005020100000,7,55700000064426044,,1,1055700000054772681
9011005020100000,7,55700000064426073,,1,1055700000054772681
9011005020100000,7,55700000064426189,,1,1055700000054772681
9011005020100000,7,55700000064426305,,1,1055700000054772681
9011005020100000,1,55700000064426695,,1,1055700000054772681
9011005020100000,1,55700000064426724,,1,1055700000054772681
9011005020100000,1,55700000064426782,,1,1055700000054772681
9011005020100000,1,55700000064426869,,1,1055700000054772681
9011005020100000,1,55700000064427130,,1,1055700000054772681
9011005020100000,1,55700000064427275,,1,1055700000054772681
9011005020100000,1,55700000064427391,,1,1055700000054772681
9011005020100000,1,55700000064427478,,1,1055700000054772681
9011005020100000,1,55700000064427681,,1,1055700000054772681
9011005020100000,1,55700000064427710,,1,1055700000054772681
9011005020100000,1,55700000064427739,,1,1055700000054772681
9011005020100000,1,55700000064427768,,1,1055700000054772681
9011005020100000,1,55700000064427884,,1,1055700000054772681
9011005020100000,1,55700000064428233,,1,1055700000054772681
9011005020100000,1,55700000064428291,,1,1055700000054772681
9011005020100000,1,55700000064428494,,1,1055700000054772681
9011005020100000,1,55700000064428639,,1,1055700000054772681
9011005020100000,11,55700000064428668,,1,1055700000054772681
9011005020100000,11,55700000064428784,,1,1055700000054772681
9011005020100000,2,55700000064428958,,1,1055700000054772681
9011005020100000,7,55700000064428987,,1,1055700000054772681
9011005020100000,2,55700000064429074,,1,1055700000054772681
9011005020100000,7,55700000064429219,,1,1055700000054772681
9011005020100000,7,55700000064429277,,1,1055700000054772681
9011005020100000,7,55700000064429335,,1,1055700000054772681
9011005020100000,7,55700000064429451,,1,1055700000054772681
9011005020100000,1,55700000064429805,,1,1055700000054772681
9011005020100000,1,55700000064429834,,1,1055700000054772681
9011005020100000,1,55700000064429950,,1,1055700000054772681
9011005020100000,1,55700000064429979,,1,1055700000054772681
9011005020100000,1,55700000064430008,,1,1055700000054772681
9011005020100000,1,55700000064430066,,1,1055700000054772681
9011005020100000,7,55700000064425632,,1,1055700000054772681
9011005020100000,2,55700000064425783,,1,1055700000054772681
9011005020100000,7,55700000064425957,,1,1055700000054772681
9011005020100000,7,55700000064425986,,1,1055700000054772681
9011005020100000,7,55700000064426015,,1,1055700000054772681
9011005020100000,7,55700000064426160,,1,1055700000054772681
9011005020100000,7,55700000064426276,,1,1055700000054772681
9011005020100000,7,55700000064426363,,1,1055700000054772681
9011005020100000,7,55700000064426392,,1,1055700000054772681
9011005020100000,1,55700000064426521,,1,1055700000054772681
9011005020100000,1,55700000064426579,,1,1055700000054772681
9011005020100000,1,55700000064426840,,1,1055700000054772681
9011005020100000,1,55700000064426956,,1,1055700000054772681
9011005020100000,1,55700000064426985,,1,1055700000054772681
9011005020100000,1,55700000064427014,,1,1055700000054772681
9011005020100000,1,55700000064427072,,1,1055700000054772681
9011005020100000,1,55700000064427304,,1,1055700000054772681
9011005020100000,1,55700000064427449,,1,1055700000054772681
9011005020100000,1,55700000064427623,,1,1055700000054772681
9011005020100000,1,55700000064427652,,1,1055700000054772681
9011005020100000,1,55700000064427797,,1,1055700000054772681
9011005020100000,1,55700000064427971,,1,1055700000054772681
9011005020100000,1,55700000064428087,,1,1055700000054772681
9011005020100000,1,55700000064428175,,1,1055700000054772681
9011005020100000,1,55700000064428204,,1,1055700000054772681
9011005020100000,1,55700000064428378,,1,1055700000054772681
9011005020100000,1,55700000064428436,,1,1055700000054772681
9011005020100000,3,55700000064428523,,1,1055700000054772681
9011005020100000,3,55700000064428552,,1,1055700000054772681
9011005020100000,11,55700000064428581,,1,1055700000054772681
9011005020100000,1,55700000064428610,,1,1055700000054772681
9011005020100000,11,55700000064428726,,1,1055700000054772681
9011005020100000,11,55700000064428842,,1,1055700000054772681
9011005020100000,13,55700000064428871,,1,1055700000054772681
9011005020100000,13,55700000064428900,,1,1055700000054772681
9011005020100000,2,55700000064429045,,1,1055700000054772681
9011005020100000,2,55700000064429161,,1,1055700000054772681
9011005020100000,7,55700000064429248,,1,1055700000054772681
9011005020100000,7,55700000064429422,,1,1055700000054772681
9011005020100000,7,55700000064429486,,1,1055700000054772681
9011005020100000,6,55700000064429593,,1,1055700000054772681
9011005020100000,6,55700000064429700,,1,1055700000054772681
9011005020100000,1,55700000064429747,,1,1055700000054772681
9011005020100000,1,55700000064429921,,1,1055700000054772681
9011005020100000,1,55700000064430037,,1,1055700000054772681
9011005020100000,1,55700000064430182,,1,1055700000054772681
9011005020100000,1,55700000065109883,,0,1055700000055575268
9011005020100000,1,55700000065109970,,0,1055700000055575268
9011005020100000,1,55700000065110057,,0,1055700000055575268
9011005020100000,1,55700000065110231,,0,1055700000055575268
9011005020100000,1,55700000065110289,,0,1055700000055575268
9011005020100000,1,55700000065110347,,0,1055700000055575268
9011005020100000,1,55700000065110376,,0,1055700000055575268
9011005020100000,1,55700000065110521,,0,1055700000055575268
9011005020100000,1,55700000065110579,,0,1055700000055575268
9011005020100000,1,55700000065110840,,0,1055700000055575268
9011005020100000,1,55700000065110898,,0,1055700000055575268
9011005020100000,1,55700000065111043,,0,1055700000055575268
9011005020100000,1,55700000065111072,,0,1055700000055575268
9011005020100000,1,55700000065111188,,0,1055700000055575268
9011005020100000,7,55700000065111449,,0,1055700000055575268
9011005020100000,1,55700000065111538,,0,1055700000055575268
9011005020100000,11,55700000065111770,,0,1055700000055575268
9011005020100000,13,55700000065111944,,0,1055700000055575268
9011005020100000,7,55700000065112176,,0,1055700000055575268
9011005020100000,6,55700000065112459,,0,1055700000055575268
9011005020100000,6,55700000065112517,,0,1055700000055575268
9011005020100000,6,55700000065112546,,0,1055700000055575268
9011005020100000,6,55700000065112589,,0,1055700000055575268
9011005020100000,13,55700000065112676,,0,1055700000055575268
9011005020100000,7,55700000065112778,,0,1055700000055575268
9011005020100000,6,55700000065112838,,0,1055700000055575268
9011005020100000,2,55700000065112867,,0,1055700000055575268
9011005020100000,2,55700000065112954,,0,1055700000055575268
9011005020100000,7,55700000065113070,,0,1055700000055575268
9011005020100000,7,55700000065113128,,0,1055700000055575268
9011005020100000,7,55700000065113186,,0,1055700000055575268
9011005020100000,7,55700000065113215,,0,1055700000055575268
9011005020100000,7,55700000065113418,,0,1055700000055575268
9011005020100000,7,55700000065113476,,0,1055700000055575268
9011005020100000,7,55700000065113534,,0,1055700000055575268
9011005020100000,1,55700000065113754,,0,1055700000055575268
9011005020100000,1,55700000065113812,,0,1055700000055575268
9011005020100000,1,55700000065113841,,0,1055700000055575268
9011005020100000,1,55700000065114131,,0,1055700000055575268
9011005020100000,1,55700000065114218,,0,1055700000055575268
9011005020100000,1,55700000065114305,,0,1055700000055575268
9011005020100000,1,55700000065109941,,0,1055700000055575268
9011005020100000,1,55700000065110144,,0,1055700000055575268
9011005020100000,1,55700000065110318,,0,1055700000055575268
9011005020100000,1,55700000065110463,,0,1055700000055575268
9011005020100000,1,55700000065110608,,0,1055700000055575268
9011005020100000,1,55700000065110724,,0,1055700000055575268
9011005020100000,1,55700000065110927,,0,1055700000055575268
9011005020100000,1,55700000065111014,,0,1055700000055575268
9011005020100000,1,55700000065111101,,0,1055700000055575268
9011005020100000,1,55700000065111130,,0,1055700000055575268
9011005020100000,1,55700000065111304,,0,1055700000055575268
9011005020100000,1,55700000065111333,,0,1055700000055575268
9011005020100000,1,55700000065111362,,0,1055700000055575268
9011005020100000,1,55700000065111391,,0,1055700000055575268
9011005020100000,2,55700000065111509,,0,1055700000055575268
9011005020100000,1,55700000065111596,,0,1055700000055575268
9011005020100000,11,55700000065111654,,0,1055700000055575268
9011005020100000,11,55700000065111828,,0,1055700000055575268
9011005020100000,2,55700000065112031,,0,1055700000055575268
9011005020100000,2,55700000065112089,,0,1055700000055575268
9011005020100000,7,55700000065112205,,0,1055700000055575268
9011005020100000,7,55700000065112321,,0,1055700000055575268
9011005020100000,6,55700000065112488,,0,1055700000055575268
9011005020100000,2,55700000065112925,,0,1055700000055575268
9011005020100000,7,55700000065113041,,0,1055700000055575268
9011005020100000,7,55700000065113244,,0,1055700000055575268
9011005020100000,7,55700000065113592,,0,1055700000055575268
9011005020100000,6,55700000065113696,,0,1055700000055575268
9011005020100000,6,55700000065113725,,0,1055700000055575268
9011005020100000,1,55700000065113870,,0,1055700000055575268
9011005020100000,1,55700000065113899,,0,1055700000055575268
9011005020100000,1,55700000065114073,,0,1055700000055575268
9011005020100000,1,55700000065114160,,0,1055700000055575268
9011005020100000,1,55700000065114334,,0,1055700000055575268
9011005020100000,1,55700000065114421,,0,1055700000055575268
9011005020100000,1,55700000065114450,,0,1055700000055575268
9011005020100000,6,55700000065114570,,0,1055700000055575268
9011005020100000,1,55700000065109999,,0,1055700000055575268
9011005020100000,1,55700000065110086,,0,1055700000055575268
9011005020100000,1,55700000065110115,,0,1055700000055575268
9011005020100000,1,55700000065110173,,0,1055700000055575268
9011005020100000,1,55700000065110405,,0,1055700000055575268
9011005020100000,1,55700000065110492,,0,1055700000055575268
9011005020100000,1,55700000065110637,,0,1055700000055575268
9011005020100000,1,55700000065110695,,0,1055700000055575268
9011005020100000,1,55700000065110753,,0,1055700000055575268
9011005020100000,1,55700000065110782,,0,1055700000055575268
9011005020100000,1,55700000065110869,,0,1055700000055575268
9011005020100000,1,55700000065110956,,0,1055700000055575268
9011005020100000,1,55700000065111159,,0,1055700000055575268
9011005020100000,1,55700000065111480,,0,1055700000055575268
9011005020100000,1,55700000065111567,,0,1055700000055575268
9011005020100000,1,55700000065111683,,0,1055700000055575268
9011005020100000,1,55700000065111712,,0,1055700000055575268
9011005020100000,11,55700000065111799,,0,1055700000055575268
9011005020100000,11,55700000065111857,,0,1055700000055575268
9011005020100000,13,55700000065111973,,0,1055700000055575268
9011005020100000,7,55700000065112147,,0,1055700000055575268
9011005020100000,7,55700000065112234,,0,1055700000055575268
9011005020100000,2,55700000065112350,,0,1055700000055575268
9011005020100000,7,55700000065112383,,0,1055700000055575268
9011005020100000,13,55700000065112705,,0,1055700000055575268
9011005020100000,2,55700000065112809,,0,1055700000055575268
9011005020100000,7,55700000065113099,,0,1055700000055575268
9011005020100000,7,55700000065113157,,0,1055700000055575268
9011005020100000,7,55700000065113360,,0,1055700000055575268
9011005020100000,7,55700000065113389,,0,1055700000055575268
9011005020100000,7,55700000065113563,,0,1055700000055575268
9011005020100000,1,55700000065113783,,0,1055700000055575268
9011005020100000,1,55700000065113928,,0,1055700000055575268
9011005020100000,1,55700000065113957,,0,1055700000055575268
9011005020100000,1,55700000065113986,,0,1055700000055575268
9011005020100000,1,55700000065114102,,0,1055700000055575268
9011005020100000,1,55700000065114189,,0,1055700000055575268
9011005020100000,1,55700000065114479,,0,1055700000055575268
9011005020100000,1,55700000065109912,,0,1055700000055575268
9011005020100000,1,55700000065110028,,0,1055700000055575268
9011005020100000,1,55700000065110202,,0,1055700000055575268
9011005020100000,1,55700000065110260,,0,1055700000055575268
9011005020100000,1,55700000065110434,,0,1055700000055575268
9011005020100000,1,55700000065110550,,0,1055700000055575268
9011005020100000,1,55700000065110666,,0,1055700000055575268
9011005020100000,1,55700000065110811,,0,1055700000055575268
9011005020100000,1,55700000065110985,,0,1055700000055575268
9011005020100000,1,55700000065111217,,0,1055700000055575268
9011005020100000,1,55700000065111246,,0,1055700000055575268
9011005020100000,1,55700000065111275,,0,1055700000055575268
9011005020100000,1,55700000065111420,,0,1055700000055575268
9011005020100000,3,55700000065111625,,0,1055700000055575268
9011005020100000,11,55700000065111741,,0,1055700000055575268
9011005020100000,11,55700000065111886,,0,1055700000055575268
9011005020100000,11,55700000065111915,,0,1055700000055575268
9011005020100000,2,55700000065112002,,0,1055700000055575268
9011005020100000,2,55700000065112060,,0,1055700000055575268
9011005020100000,2,55700000065112118,,0,1055700000055575268
9011005020100000,7,55700000065112263,,0,1055700000055575268
9011005020100000,7,55700000065112292,,0,1055700000055575268
9011005020100000,6,55700000065112430,,0,1055700000055575268
9011005020100000,2,55700000065112896,,0,1055700000055575268
9011005020100000,7,55700000065112983,,0,1055700000055575268
9011005020100000,7,55700000065113012,,0,1055700000055575268
9011005020100000,7,55700000065113273,,0,1055700000055575268
9011005020100000,7,55700000065113302,,0,1055700000055575268
9011005020100000,7,55700000065113331,,0,1055700000055575268
9011005020100000,7,55700000065113447,,0,1055700000055575268
9011005020100000,7,55700000065113505,,0,1055700000055575268
9011005020100000,7,55700000065113621,,0,1055700000055575268
9011005020100000,1,55700000065114015,,0,1055700000055575268
9011005020100000,1,55700000065114044,,0,1055700000055575268
9011005020100000,1,55700000065114247,,0,1055700000055575268
9011005020100000,1,55700000065114276,,0,1055700000055575268
9011005020100000,1,55700000065114363,,0,1055700000055575268
9011005020100000,1,55700000065114392,,0,1055700000055575268
9011005020100000,7,55700000065114508,,0,1055700000055575268
9011005020100000,7,55700000065114537,,0,1055700000055575268
9011005020200000,1,55700000064971981,,1,1055700000041603652
9011005020200000,1,55700000064972121,,1,1055700000041603652
9011005020200000,1,55700000064972161,,1,1055700000041603652
9011005020200000,1,55700000064971921,,1,1055700000041603652
9011005020200000,1,55700000064972001,,1,1055700000041603652
9011005020200000,1,55700000064972021,,1,1055700000041603652
9011005020200000,1,55700000064972321,,1,1055700000041603652
9011005020200000,1,55700000064972541,,1,1055700000041603652
9011005020200000,1,55700000064972801,,1,1055700000041603652
9011005020200000,2,55700000064972881,,1,1055700000041603652
9011005020200000,7,55700000064972981,,1,1055700000041603652
9011005020200000,7,55700000064973001,,1,1055700000041603652
9011005020200000,7,55700000064973041,,1,1055700000041603652
9011005020200000,7,55700000064973241,,1,1055700000041603652
9011005020200000,7,55700000064973281,,1,1055700000041603652
9011005020200000,7,55700000064973321,,1,1055700000041603652
9011005020200000,1,55700000064973447,,1,1055700000041603652
9011005020200000,1,55700000064973467,,1,1055700000041603652
9011005020200000,1,55700000064973487,,1,1055700000041603652
9011005020200000,1,55700000064973627,,1,1055700000041603652
9011005020200000,1,55700000064973667,,1,1055700000041603652
9011005020200000,1,55700000064973687,,1,1055700000041603652
9011005020200000,3,55700000064973767,,1,1055700000041603652
9011005020200000,3,55700000064973787,,1,1055700000041603652
9011005020200000,1,55700000064973827,,1,1055700000041603652
9011005020200000,11,55700000064973967,,1,1055700000041603652
9011005020200000,13,55700000064973987,,1,1055700000041603652
9011005020200000,13,55700000064974007,,1,1055700000041603652
9011005020200000,7,55700000064974027,,1,1055700000041603652
9011005020200000,7,55700000064974213,,1,1055700000041603652
9011005020200000,1,55700000064972181,,1,1055700000041603652
9011005020200000,1,55700000064972201,,1,1055700000041603652
9011005020200000,1,55700000064972241,,1,1055700000041603652
9011005020200000,1,55700000064972301,,1,1055700000041603652
9011005020200000,1,55700000064972341,,1,1055700000041603652
9011005020200000,1,55700000064972401,,1,1055700000041603652
9011005020200000,1,55700000064972561,,1,1055700000041603652
9011005020200000,1,55700000064972581,,1,1055700000041603652
9011005020200000,1,55700000064972661,,1,1055700000041603652
9011005020200000,1,55700000064972681,,1,1055700000041603652
9011005020200000,1,55700000064972821,,1,1055700000041603652
9011005020200000,2,55700000064972841,,1,1055700000041603652
9011005020200000,7,55700000064972921,,1,1055700000041603652
9011005020200000,7,55700000064972961,,1,1055700000041603652
9011005020200000,7,55700000064973141,,1,1055700000041603652
9011005020200000,7,55700000064973161,,1,1055700000041603652
9011005020200000,7,55700000064973181,,1,1055700000041603652
9011005020200000,7,55700000064973201,,1,1055700000041603652
9011005020200000,7,55700000064973301,,1,1055700000041603652
9011005020200000,7,55700000064973341,,1,1055700000041603652
9011005020200000,1,55700000064973647,,1,1055700000041603652
9011005020200000,3,55700000064973747,,1,1055700000041603652
9011005020200000,1,55700000064973807,,1,1055700000041603652
9011005020200000,11,55700000064973887,,1,1055700000041603652
9011005020200000,11,55700000064973907,,1,1055700000041603652
9011005020200000,7,55700000064974127,,1,1055700000041603652
9011005020200000,7,55700000064974147,,1,1055700000041603652
9011005020200000,7,55700000064974233,,1,1055700000041603652
9011005020200000,6,55700000064974347,,1,1055700000041603652
9011005020200000,1,55700000064971941,,1,1055700000041603652
9011005020200000,1,55700000064971961,,1,1055700000041603652
9011005020200000,1,55700000064972061,,1,1055700000041603652
9011005020200000,1,55700000064972081,,1,1055700000041603652
9011005020200000,1,55700000064972101,,1,1055700000041603652
9011005020200000,1,55700000064972261,,1,1055700000041603652
9011005020200000,1,55700000064972381,,1,1055700000041603652
9011005020200000,1,55700000064972421,,1,1055700000041603652
9011005020200000,1,55700000064972441,,1,1055700000041603652
9011005020200000,1,55700000064972461,,1,1055700000041603652
9011005020200000,1,55700000064972481,,1,1055700000041603652
9011005020200000,1,55700000064972501,,1,1055700000041603652
9011005020200000,1,55700000064972601,,1,1055700000041603652
9011005020200000,1,55700000064972621,,1,1055700000041603652
9011005020200000,1,55700000064972641,,1,1055700000041603652
9011005020200000,1,55700000064972701,,1,1055700000041603652
9011005020200000,2,55700000064972901,,1,1055700000041603652
9011005020200000,7,55700000064973221,,1,1055700000041603652
9011005020200000,7,55700000064973261,,1,1055700000041603652
9011005020200000,1,55700000064973507,,1,1055700000041603652
9011005020200000,1,55700000064973527,,1,1055700000041603652
9011005020200000,1,55700000064973707,,1,1055700000041603652
9011005020200000,11,55700000064973927,,1,1055700000041603652
9011005020200000,11,55700000064973947,,1,1055700000041603652
9011005020200000,7,55700000064974047,,1,1055700000041603652
9011005020200000,7,55700000064974067,,1,1055700000041603652
9011005020200000,7,55700000064974167,,1,1055700000041603652
9011005020200000,6,55700000064974279,,1,1055700000041603652
9011005020200000,6,55700000064974299,,1,1055700000041603652
9011005020200000,1,55700000064972041,,1,1055700000041603652
9011005020200000,1,55700000064972141,,1,1055700000041603652
9011005020200000,1,55700000064972221,,1,1055700000041603652
9011005020200000,1,55700000064972281,,1,1055700000041603652
9011005020200000,1,55700000064972361,,1,1055700000041603652
9011005020200000,1,55700000064972521,,1,1055700000041603652
9011005020200000,1,55700000064972721,,1,1055700000041603652
9011005020200000,1,55700000064972741,,1,1055700000041603652
9011005020200000,1,55700000064972761,,1,1055700000041603652
9011005020200000,1,55700000064972781,,1,1055700000041603652
9011005020200000,2,55700000064972861,,1,1055700000041603652
9011005020200000,7,55700000064972941,,1,1055700000041603652
9011005020200000,7,55700000064973021,,1,1055700000041603652
9011005020200000,7,55700000064973061,,1,1055700000041603652
9011005020200000,7,55700000064973081,,1,1055700000041603652
9011005020200000,7,55700000064973101,,1,1055700000041603652
9011005020200000,7,55700000064973121,,1,1055700000041603652
9011005020200000,7,55700000064973361,,1,1055700000041603652
9011005020200000,6,55700000064973381,,1,1055700000041603652
9011005020200000,1,55700000064973547,,1,1055700000041603652
9011005020200000,1,55700000064973567,,1,1055700000041603652
9011005020200000,1,55700000064973587,,1,1055700000041603652
9011005020200000,1,55700000064973607,,1,1055700000041603652
9011005020200000,1,55700000064973727,,1,1055700000041603652
9011005020200000,1,55700000064973847,,1,1055700000041603652
9011005020200000,11,55700000064973867,,1,1055700000041603652
9011005020200000,7,55700000064974087,,1,1055700000041603652
9011005020200000,7,55700000064974107,,1,1055700000041603652
9011005020200000,7,55700000064974187,,1,1055700000041603652
9011005020200000,6,55700000064974327,,1,1055700000041603652
9011005020200000,11,55700000065106793,,0,1055700000063678626
9011005020200000,7,55700000065107053,,0,1055700000063678626
9011005020200000,2,55700000065107133,,0,1055700000063678626
9011005020200000,2,55700000065107193,,0,1055700000063678626
9011005020200000,6,55700000065107299,,0,1055700000063678626
9011005020200000,1,55700000065107599,,0,1055700000063678626
9011005020200000,1,55700000065107879,,0,1055700000063678626
9011005020200000,1,55700000065107999,,0,1055700000063678626
9011005020200000,1,55700000065108219,,0,1055700000063678626
9011005020200000,7,55700000065108399,,0,1055700000063678626
9011005020200000,7,55700000065108479,,0,1055700000063678626
9011005020200000,1,55700000065108809,,0,1055700000063678626
9011005020200000,1,55700000065108849,,0,1055700000063678626
9011005020200000,1,55700000065108889,,0,1055700000063678626
9011005020200000,1,55700000065108989,,0,1055700000063678626
9011005020200000,1,55700000065109029,,0,1055700000063678626
9011005020200000,1,55700000065109049,,0,1055700000063678626
9011005020200000,1,55700000065109129,,0,1055700000063678626
9011005020200000,2,55700000065106593,,0,1055700000063678626
9011005020200000,1,55700000065106653,,0,1055700000063678626
9011005020200000,1,55700000065106673,,0,1055700000063678626
9011005020200000,1,55700000065106693,,0,1055700000063678626
9011005020200000,1,55700000065106713,,0,1055700000063678626
9011005020200000,1,55700000065106773,,0,1055700000063678626
9011005020200000,11,55700000065106853,,0,1055700000063678626
9011005020200000,11,55700000065106873,,0,1055700000063678626
9011005020200000,13,55700000065106893,,0,1055700000063678626
9011005020200000,7,55700000065106933,,0,1055700000063678626
9011005020200000,7,55700000065106993,,0,1055700000063678626
9011005020200000,7,55700000065107033,,0,1055700000063678626
9011005020200000,7,55700000065107213,,0,1055700000063678626
9011005020200000,6,55700000065107279,,0,1055700000063678626
9011005020200000,6,55700000065107343,,0,1055700000063678626
9011005020200000,6,55700000065107363,,0,1055700000063678626
9011005020200000,6,55700000065107383,,0,1055700000063678626
9011005020200000,1,55700000065107499,,0,1055700000063678626
9011005020200000,1,55700000065107559,,0,1055700000063678626
9011005020200000,1,55700000065107579,,0,1055700000063678626
9011005020200000,1,55700000065107639,,0,1055700000063678626
9011005020200000,1,55700000065107679,,0,1055700000063678626
9011005020200000,1,55700000065107779,,0,1055700000063678626
9011005020200000,1,55700000065107839,,0,1055700000063678626
9011005020200000,1,55700000065108039,,0,1055700000063678626
9011005020200000,11,55700000065108079,,0,1055700000063678626
9011005020200000,1,55700000065108099,,0,1055700000063678626
9011005020200000,1,55700000065108159,,0,1055700000063678626
9011005020200000,11,55700000065108179,,0,1055700000063678626
9011005020200000,1,55700000065108259,,0,1055700000063678626
9011005020200000,7,55700000065108379,,0,1055700000063678626
9011005020200000,7,55700000065108419,,0,1055700000063678626
9011005020200000,7,55700000065108559,,0,1055700000063678626
9011005020200000,7,55700000065108701,,0,1055700000063678626
9011005020200000,1,55700000065108949,,0,1055700000063678626
9011005020200000,1,55700000065108969,,0,1055700000063678626
9011005020200000,1,55700000065109089,,0,1055700000063678626
9011005020200000,1,55700000065109169,,0,1055700000063678626
9011005020200000,1,55700000065109189,,0,1055700000063678626
9011005020200000,1,55700000065106633,,0,1055700000063678626
9011005020200000,1,55700000065106733,,0,1055700000063678626
9011005020200000,1,55700000065106753,,0,1055700000063678626
9011005020200000,11,55700000065106813,,0,1055700000063678626
9011005020200000,7,55700000065106973,,0,1055700000063678626
9011005020200000,2,55700000065107113,,0,1055700000063678626
9011005020200000,2,55700000065107173,,0,1055700000063678626
9011005020200000,14,55700000065107457,,0,1055700000063678626
9011005020200000,2,55700000065107477,,0,1055700000063678626
9011005020200000,1,55700000065107519,,0,1055700000063678626
9011005020200000,1,55700000065107659,,0,1055700000063678626
9011005020200000,1,55700000065107699,,0,1055700000063678626
9011005020200000,1,55700000065107719,,0,1055700000063678626
9011005020200000,1,55700000065107739,,0,1055700000063678626
9011005020200000,1,55700000065107759,,0,1055700000063678626
9011005020200000,1,55700000065107799,,0,1055700000063678626
9011005020200000,1,55700000065107819,,0,1055700000063678626
9011005020200000,1,55700000065107899,,0,1055700000063678626
9011005020200000,1,55700000065107919,,0,1055700000063678626
9011005020200000,1,55700000065107939,,0,1055700000063678626
9011005020200000,1,55700000065107959,,0,1055700000063678626
9011005020200000,1,55700000065107979,,0,1055700000063678626
9011005020200000,1,55700000065108059,,0,1055700000063678626
9011005020200000,1,55700000065108199,,0,1055700000063678626
9011005020200000,1,55700000065108239,,0,1055700000063678626
9011005020200000,2,55700000065108299,,0,1055700000063678626
9011005020200000,7,55700000065108459,,0,1055700000063678626
9011005020200000,7,55700000065108519,,0,1055700000063678626
9011005020200000,7,55700000065108539,,0,1055700000063678626
9011005020200000,7,55700000065108579,,0,1055700000063678626
9011005020200000,7,55700000065108599,,0,1055700000063678626
9011005020200000,7,55700000065108619,,0,1055700000063678626
9011005020200000,7,55700000065108659,,0,1055700000063678626
9011005020200000,7,55700000065108681,,0,1055700000063678626
9011005020200000,7,55700000065108723,,0,1055700000063678626
9011005020200000,1,55700000065108929,,0,1055700000063678626
9011005020200000,1,55700000065109009,,0,1055700000063678626
9011005020200000,1,55700000065109069,,0,1055700000063678626
9011005020200000,1,55700000065109109,,0,1055700000063678626
9011005020200000,1,55700000065109149,,0,1055700000063678626
9011005020200000,1,55700000065109209,,0,1055700000063678626
9011005020200000,6,55700000065106613,,0,1055700000063678626
9011005020200000,11,55700000065106833,,0,1055700000063678626
9011005020200000,13,55700000065106913,,0,1055700000063678626
9011005020200000,7,55700000065106953,,0,1055700000063678626
9011005020200000,7,55700000065107013,,0,1055700000063678626
9011005020200000,7,55700000065107073,,0,1055700000063678626
9011005020200000,2,55700000065107093,,0,1055700000063678626
9011005020200000,2,55700000065107153,,0,1055700000063678626
9011005020200000,7,55700000065107233,,0,1055700000063678626
9011005020200000,6,55700000065107323,,0,1055700000063678626
9011005020200000,1,55700000065107539,,0,1055700000063678626
9011005020200000,1,55700000065107619,,0,1055700000063678626
9011005020200000,1,55700000065107859,,0,1055700000063678626
9011005020200000,1,55700000065108019,,0,1055700000063678626
9011005020200000,1,55700000065108119,,0,1055700000063678626
9011005020200000,1,55700000065108139,,0,1055700000063678626
9011005020200000,2,55700000065108279,,0,1055700000063678626
9011005020200000,2,55700000065108319,,0,1055700000063678626
9011005020200000,7,55700000065108339,,0,1055700000063678626
9011005020200000,7,55700000065108359,,0,1055700000063678626
9011005020200000,7,55700000065108439,,0,1055700000063678626
9011005020200000,7,55700000065108499,,0,1055700000063678626
9011005020200000,7,55700000065108639,,0,1055700000063678626
9011005020200000,7,55700000065108743,,0,1055700000063678626
9011005020200000,1,55700000065108829,,0,1055700000063678626
9011005020200000,1,55700000065108869,,0,1055700000063678626
9011005020200000,1,55700000065108909,,0,1055700000063678626
9011005020300000,1,55700000063337455,,1,1055700000056429199
9011005020300000,1,55700000063337476,,1,1055700000056429199
9011005020300000,1,55700000063337518,,1,1055700000056429199
9011005020300000,1,55700000063337602,,1,1055700000056429199
9011005020300000,8,55700000063337728,,1,1055700000056429199
9011005020300000,1,55700000063337749,,1,1055700000056429199
9011005020300000,1,55700000063337812,,1,1055700000056429199
9011005020300000,1,55700000063337854,,1,1055700000056429199
9011005020300000,1,55700000063338001,,1,1055700000056429199
9011005020300000,1,55700000063338022,,1,1055700000056429199
9011005020300000,1,55700000063338316,,1,1055700000056429199
9011005020300000,1,55700000063338463,,1,1055700000056429199
9011005020300000,1,55700000063338589,,1,1055700000056429199
9011005020300000,1,55700000063338694,,1,1055700000056429199
9011005020300000,1,55700000063338757,,1,1055700000056429199
9011005020300000,1,55700000063339156,,1,1055700000056429199
9011005020300000,7,55700000063339387,,1,1055700000056429199
9011005020300000,7,55700000063339429,,1,1055700000056429199
9011005020300000,7,55700000063339555,,1,1055700000056429199
9011005020300000,7,55700000063339639,,1,1055700000056429199
9011005020300000,7,55700000063339702,,1,1055700000056429199
9011005020300000,2,55700000063339933,,1,1055700000056429199
9011005020300000,7,55700000063340086,,1,1055700000056429199
9011005020300000,7,55700000063340107,,1,1055700000056429199
9011005020300000,6,55700000063340176,,1,1055700000056429199
9011005020300000,2,55700000063340197,,1,1055700000056429199
9011005020300000,7,55700000063340386,,1,1055700000056429199
9011005020300000,7,55700000063340512,,1,1055700000056429199
9011005020300000,7,55700000063340617,,1,1055700000056429199
9011005020300000,10,55700000063340638,,1,1055700000056429199
9011005020300000,6,55700000063340749,,1,1055700000056429199
9011005020300000,8,55700000063337707,,1,1055700000056429199
9011005020300000,1,55700000063337770,,1,1055700000056429199
9011005020300000,1,55700000063337917,,1,1055700000056429199
9011005020300000,1,55700000063338043,,1,1055700000056429199
9011005020300000,1,55700000063338211,,1,1055700000056429199
9011005020300000,1,55700000063338232,,1,1055700000056429199
9011005020300000,1,55700000063338337,,1,1055700000056429199
9011005020300000,1,55700000063338526,,1,1055700000056429199
9011005020300000,1,55700000063338568,,1,1055700000056429199
9011005020300000,1,55700000063338715,,1,1055700000056429199
9011005020300000,1,55700000063338778,,1,1055700000056429199
9011005020300000,1,55700000063338988,,1,1055700000056429199
9011005020300000,1,55700000063339072,,1,1055700000056429199
9011005020300000,1,55700000063339114,,1,1055700000056429199
9011005020300000,1,55700000063339177,,1,1055700000056429199
9011005020300000,2,55700000063339324,,1,1055700000056429199
9011005020300000,7,55700000063339576,,1,1055700000056429199
9011005020300000,7,55700000063339660,,1,1055700000056429199
9011005020300000,7,55700000063339681,,1,1055700000056429199
9011005020300000,7,55700000063339765,,1,1055700000056429199
9011005020300000,7,55700000063339807,,1,1055700000056429199
9011005020300000,7,55700000063339849,,1,1055700000056429199
9011005020300000,2,55700000063339912,,1,1055700000056429199
9011005020300000,1,55700000063340044,,1,1055700000056429199
9011005020300000,6,55700000063340155,,1,1055700000056429199
9011005020300000,2,55700000063340302,,1,1055700000056429199
9011005020300000,7,55700000063340407,,1,1055700000056429199
9011005020300000,7,55700000063340533,,1,1055700000056429199
9011005020300000,7,55700000063340554,,1,1055700000056429199
9011005020300000,6,55700000063340791,,1,1055700000056429199
9011005020300000,6,55700000063340812,,1,1055700000056429199
9011005020300000,1,55700000063677471,,1,1055700000056429199
9011005020300000,1,55700000063677672,,1,1055700000056429199
9011005020300000,1,55700000063337434,,1,1055700000056429199
9011005020300000,1,55700000063337560,,1,1055700000056429199
9011005020300000,1,55700000063337959,,1,1055700000056429199
9011005020300000,1,55700000063338064,,1,1055700000056429199
9011005020300000,1,55700000063338106,,1,1055700000056429199
9011005020300000,1,55700000063338169,,1,1055700000056429199
9011005020300000,1,55700000063338190,,1,1055700000056429199
9011005020300000,1,55700000063338295,,1,1055700000056429199
9011005020300000,1,55700000063338358,,1,1055700000056429199
9011005020300000,1,55700000063338400,,1,1055700000056429199
9011005020300000,1,55700000063338421,,1,1055700000056429199
9011005020300000,1,55700000063338442,,1,1055700000056429199
9011005020300000,1,55700000063338484,,1,1055700000056429199
9011005020300000,1,55700000063338547,,1,1055700000056429199
9011005020300000,1,55700000063338631,,1,1055700000056429199
9011005020300000,1,55700000063338673,,1,1055700000056429199
9011005020300000,1,55700000063338736,,1,1055700000056429199
9011005020300000,1,55700000063338841,,1,1055700000056429199
9011005020300000,1,55700000063338904,,1,1055700000056429199
9011005020300000,1,55700000063338925,,1,1055700000056429199
9011005020300000,1,55700000063338946,,1,1055700000056429199
9011005020300000,1,55700000063339009,,1,1055700000056429199
9011005020300000,1,55700000063339030,,1,1055700000056429199
9011005020300000,1,55700000063339135,,1,1055700000056429199
9011005020300000,1,55700000063339219,,1,1055700000056429199
9011005020300000,1,55700000063337497,,1,1055700000056429199
9011005020300000,1,55700000063337539,,1,1055700000056429199
9011005020300000,1,55700000063337581,,1,1055700000056429199
9011005020300000,1,55700000063337644,,1,1055700000056429199
9011005020300000,8,55700000063337665,,1,1055700000056429199
9011005020300000,8,55700000063337686,,1,1055700000056429199
9011005020300000,1,55700000063337791,,1,1055700000056429199
9011005020300000,1,55700000063337833,,1,1055700000056429199
9011005020300000,1,55700000063337875,,1,1055700000056429199
9011005020300000,1,55700000063337896,,1,1055700000056429199
9011005020300000,1,55700000063337938,,1,1055700000056429199
9011005020300000,1,55700000063337980,,1,1055700000056429199
9011005020300000,1,55700000063338085,,1,1055700000056429199
9011005020300000,1,55700000063338127,,1,1055700000056429199
9011005020300000,1,55700000063338148,,1,1055700000056429199
9011005020300000,1,55700000063338253,,1,1055700000056429199
9011005020300000,1,55700000063338274,,1,1055700000056429199
9011005020300000,1,55700000063338379,,1,1055700000056429199
9011005020300000,1,55700000063338505,,1,1055700000056429199
9011005020300000,1,55700000063338610,,1,1055700000056429199
9011005020300000,1,55700000063338652,,1,1055700000056429199
9011005020300000,1,55700000063339240,,1,1055700000056429199
9011005020300000,1,55700000063339303,,1,1055700000056429199
9011005020300000,7,55700000063339366,,1,1055700000056429199
9011005020300000,7,55700000063339471,,1,1055700000056429199
9011005020300000,7,55700000063339513,,1,1055700000056429199
9011005020300000,7,55700000063339534,,1,1055700000056429199
9011005020300000,7,55700000063339723,,1,1055700000056429199
9011005020300000,7,55700000063339828,,1,1055700000056429199
9011005020300000,2,55700000063339891,,1,1055700000056429199
9011005020300000,1,55700000063340002,,1,1055700000056429199
9011005020300000,1,55700000063340023,,1,1055700000056429199
9011005020300000,1,55700000063340065,,1,1055700000056429199
9011005020300000,2,55700000063340218,,1,1055700000056429199
9011005020300000,7,55700000063340323,,1,1055700000056429199
9011005020300000,7,55700000063340365,,1,1055700000056429199
9011005020300000,7,55700000063340428,,1,1055700000056429199
9011005020300000,7,55700000063340470,,1,1055700000056429199
9011005020300000,7,55700000063340575,,1,1055700000056429199
9011005020300000,7,55700000063340596,,1,1055700000056429199
9011005020300000,10,55700000063340659,,1,1055700000056429199
9011005020300000,10,55700000063340680,,1,1055700000056429199
9011005020300000,6,55700000063340707,,1,1055700000056429199
9011005020300000,1,55700000063338799,,1,1055700000056429199
9011005020300000,1,55700000063338820,,1,1055700000056429199
9011005020300000,1,55700000063338862,,1,1055700000056429199
9011005020300000,1,55700000063338883,,1,1055700000056429199
9011005020300000,1,55700000063338967,,1,1055700000056429199
9011005020300000,1,55700000063339093,,1,1055700000056429199
9011005020300000,1,55700000063339198,,1,1055700000056429199
9011005020300000,1,55700000063339261,,1,1055700000056429199
9011005020300000,1,55700000063339282,,1,1055700000056429199
9011005020300000,2,55700000063339345,,1,1055700000056429199
9011005020300000,7,55700000063339408,,1,1055700000056429199
9011005020300000,7,55700000063339450,,1,1055700000056429199
9011005020300000,7,55700000063339492,,1,1055700000056429199
9011005020300000,7,55700000063339597,,1,1055700000056429199
9011005020300000,7,55700000063339618,,1,1055700000056429199
9011005020300000,7,55700000063339744,,1,1055700000056429199
9011005020300000,7,55700000063339786,,1,1055700000056429199
9011005020300000,2,55700000063339870,,1,1055700000056429199
9011005020300000,7,55700000063340128,,1,1055700000056429199
9011005020300000,7,55700000063340239,,1,1055700000056429199
9011005020300000,2,55700000063340260,,1,1055700000056429199
9011005020300000,7,55700000063340281,,1,1055700000056429199
9011005020300000,7,55700000063340344,,1,1055700000056429199
9011005020300000,7,55700000063340449,,1,1055700000056429199
9011005020300000,7,55700000063340491,,1,1055700000056429199
9011005020300000,6,55700000063340728,,1,1055700000056429199
9011005020300000,6,55700000063340770,,1,1055700000056429199
9011005020300000,2,55700000063340933,,0,1055700000056429229
9011005020300000,2,55700000063341005,,0,1055700000056429229
9011005020300000,2,55700000063341125,,0,1055700000056429229
9011005020300000,2,55700000063341149,,0,1055700000056429229
9011005020300000,7,55700000063341317,,0,1055700000056429229
9011005020300000,7,55700000063341365,,0,1055700000056429229
9011005020300000,6,55700000063341445,,0,1055700000056429229
9011005020300000,6,55700000063341517,,0,1055700000056429229
9011005020300000,6,55700000063341781,,0,1055700000056429229
9011005020300000,6,55700000063341805,,0,1055700000056429229
9011005020300000,1,55700000063341877,,0,1055700000056429229
9011005020300000,1,55700000063341949,,0,1055700000056429229
9011005020300000,1,55700000063342021,,0,1055700000056429229
9011005020300000,1,55700000063342165,,0,1055700000056429229
9011005020300000,1,55700000063342189,,0,1055700000056429229
9011005020300000,1,55700000063342381,,0,1055700000056429229
9011005020300000,1,55700000063342429,,0,1055700000056429229
9011005020300000,1,55700000063342453,,0,1055700000056429229
9011005020300000,1,55700000063342717,,0,1055700000056429229
9011005020300000,1,55700000063342741,,0,1055700000056429229
9011005020300000,1,55700000063342789,,0,1055700000056429229
9011005020300000,1,55700000063342813,,0,1055700000056429229
9011005020300000,1,55700000063342957,,0,1055700000056429229
9011005020300000,2,55700000063343173,,0,1055700000056429229
9011005020300000,2,55700000063343197,,0,1055700000056429229
9011005020300000,2,55700000063340861,,0,1055700000056429229
9011005020300000,2,55700000063340909,,0,1055700000056429229
9011005020300000,2,55700000063340981,,0,1055700000056429229
9011005020300000,2,55700000063341197,,0,1055700000056429229
9011005020300000,2,55700000063341221,,0,1055700000056429229
9011005020300000,7,55700000063341341,,0,1055700000056429229
9011005020300000,7,55700000063341389,,0,1055700000056429229
9011005020300000,6,55700000063341469,,0,1055700000056429229
9011005020300000,6,55700000063341493,,0,1055700000056429229
9011005020300000,6,55700000063341541,,0,1055700000056429229
9011005020300000,6,55700000063341709,,0,1055700000056429229
9011005020300000,6,55700000063341733,,0,1055700000056429229
9011005020300000,6,55700000063341757,,0,1055700000056429229
9011005020300000,6,55700000063341829,,0,1055700000056429229
9011005020300000,1,55700000063341901,,0,1055700000056429229
9011005020300000,1,55700000063341925,,0,1055700000056429229
9011005020300000,1,55700000063341973,,0,1055700000056429229
9011005020300000,1,55700000063342045,,0,1055700000056429229
9011005020300000,1,55700000063342093,,0,1055700000056429229
9011005020300000,1,55700000063342117,,0,1055700000056429229
9011005020300000,1,55700000063342237,,0,1055700000056429229
9011005020300000,1,55700000063342285,,0,1055700000056429229
9011005020300000,11,55700000063342405,,0,1055700000056429229
9011005020300000,1,55700000063342501,,0,1055700000056429229
9011005020300000,1,55700000063342525,,0,1055700000056429229
9011005020300000,11,55700000063342549,,0,1055700000056429229
9011005020300000,1,55700000063342597,,0,1055700000056429229
9011005020300000,1,55700000063342645,,0,1055700000056429229
9011005020300000,1,55700000063342669,,0,1055700000056429229
9011005020300000,1,55700000063342933,,0,1055700000056429229
9011005020300000,1,55700000063343029,,0,1055700000056429229
9011005020300000,1,55700000063343053,,0,1055700000056429229
9011005020300000,1,55700000063343101,,0,1055700000056429229
9011005020300000,1,55700000063343125,,0,1055700000056429229
9011005020300000,7,55700000063343319,,0,1055700000056429229
9011005020300000,7,55700000063343371,,0,1055700000056429229
9011005020300000,7,55700000063343577,,0,1055700000056429229
9011005020300000,7,55700000063343673,,0,1055700000056429229
9011005020300000,6,55700000063343825,,0,1055700000056429229
9011005020300000,1,55700000063343849,,0,1055700000056429229
9011005020300000,1,55700000063343945,,0,1055700000056429229
9011005020300000,1,55700000063343969,,0,1055700000056429229
9011005020300000,1,55700000063344113,,0,1055700000056429229
9011005020300000,1,55700000063344161,,0,1055700000056429229
9011005020300000,1,55700000063344257,,0,1055700000056429229
9011005020300000,1,55700000063344521,,0,1055700000056429229
9011005020300000,1,55700000063344545,,0,1055700000056429229
9011005020300000,8,55700000063344641,,0,1055700000056429229
9011005020300000,6,55700000063344689,,0,1055700000056429229
9011005020300000,1,55700000063344713,,0,1055700000056429229
9011005020300000,1,55700000063344761,,0,1055700000056429229
9011005020300000,1,55700000063344785,,0,1055700000056429229
9011005020300000,1,55700000063344881,,0,1055700000056429229
9011005020300000,7,55700000063343221,,0,1055700000056429229
9011005020300000,2,55700000063343245,,0,1055700000056429229
9011005020300000,7,55700000063343269,,0,1055700000056429229
9011005020300000,7,55700000063343293,,0,1055700000056429229
9011005020300000,7,55700000063343475,,0,1055700000056429229
9011005020300000,7,55700000063343501,,0,1055700000056429229
9011005020300000,1,55700000063343873,,0,1055700000056429229
9011005020300000,1,55700000063344089,,0,1055700000056429229
9011005020300000,1,55700000063344137,,0,1055700000056429229
9011005020300000,1,55700000063344377,,0,1055700000056429229
9011005020300000,1,55700000063344473,,0,1055700000056429229
9011005020300000,1,55700000063344497,,0,1055700000056429229
9011005020300000,1,55700000063344569,,0,1055700000056429229
9011005020300000,1,55700000063344593,,0,1055700000056429229
9011005020300000,1,55700000063344737,,0,1055700000056429229
9011005020300000,5,55700000063677932,,0,1055700000056429229
9011005020300000,5,55700000063677877,,0,1055700000056429229
9011005020300000,2,55700000063340885,,0,1055700000056429229
9011005020300000,2,55700000063341029,,0,1055700000056429229
9011005020300000,2,55700000063341077,,0,1055700000056429229
9011005020300000,2,55700000063341173,,0,1055700000056429229
9011005020300000,2,55700000063341245,,0,1055700000056429229
9011005020300000,2,55700000063341269,,0,1055700000056429229
9011005020300000,2,55700000063341293,,0,1055700000056429229
9011005020300000,6,55700000063341421,,0,1055700000056429229
9011005020300000,6,55700000063341565,,0,1055700000056429229
9011005020300000,6,55700000063341589,,0,1055700000056429229
9011005020300000,6,55700000063341613,,0,1055700000056429229
9011005020300000,6,55700000063341637,,0,1055700000056429229
9011005020300000,6,55700000063341661,,0,1055700000056429229
9011005020300000,11,55700000063342261,,0,1055700000056429229
9011005020300000,1,55700000063342309,,0,1055700000056429229
9011005020300000,11,55700000063342837,,0,1055700000056429229
9011005020300000,1,55700000063342861,,0,1055700000056429229
9011005020300000,11,55700000063342909,,0,1055700000056429229
9011005020300000,1,55700000063343005,,0,1055700000056429229
9011005020300000,1,55700000063343077,,0,1055700000056429229
9011005020300000,1,55700000063343149,,0,1055700000056429229
9011005020300000,7,55700000063343423,,0,1055700000056429229
9011005020300000,7,55700000063343527,,0,1055700000056429229
9011005020300000,7,55700000063343553,,0,1055700000056429229
9011005020300000,2,55700000063343721,,0,1055700000056429229
9011005020300000,2,55700000063343745,,0,1055700000056429229
9011005020300000,2,55700000063340957,,0,1055700000056429229
9011005020300000,2,55700000063341053,,0,1055700000056429229
9011005020300000,2,55700000063341101,,0,1055700000056429229
9011005020300000,6,55700000063341685,,0,1055700000056429229
9011005020300000,1,55700000063341853,,0,1055700000056429229
9011005020300000,1,55700000063341997,,0,1055700000056429229
9011005020300000,1,55700000063342069,,0,1055700000056429229
9011005020300000,1,55700000063342141,,0,1055700000056429229
9011005020300000,1,55700000063342213,,0,1055700000056429229
9011005020300000,11,55700000063342333,,0,1055700000056429229
9011005020300000,1,55700000063342357,,0,1055700000056429229
9011005020300000,11,55700000063342477,,0,1055700000056429229
9011005020300000,1,55700000063342573,,0,1055700000056429229
9011005020300000,11,55700000063342621,,0,1055700000056429229
9011005020300000,11,55700000063342693,,0,1055700000056429229
9011005020300000,11,55700000063342765,,0,1055700000056429229
9011005020300000,1,55700000063342885,,0,1055700000056429229
9011005020300000,1,55700000063342981,,0,1055700000056429229
9011005020300000,7,55700000063343345,,0,1055700000056429229
9011005020300000,7,55700000063343397,,0,1055700000056429229
9011005020300000,7,55700000063343449,,0,1055700000056429229
9011005020300000,1,55700000063343897,,0,1055700000056429229
9011005020300000,1,55700000063343993,,0,1055700000056429229
9011005020300000,1,55700000063344017,,0,1055700000056429229
9011005020300000,1,55700000063344041,,0,1055700000056429229
9011005020300000,1,55700000063344233,,0,1055700000056429229
9011005020300000,1,55700000063344305,,0,1055700000056429229
9011005020300000,1,55700000063344353,,0,1055700000056429229
9011005020300000,1,55700000063344425,,0,1055700000056429229
9011005020300000,1,55700000063344449,,0,1055700000056429229
9011005020300000,1,55700000063344617,,0,1055700000056429229
9011005020300000,1,55700000063344809,,0,1055700000056429229
9011005020300000,7,55700000063343601,,0,1055700000056429229
9011005020300000,7,55700000063343625,,0,1055700000056429229
9011005020300000,7,55700000063343649,,0,1055700000056429229
9011005020300000,2,55700000063343697,,0,1055700000056429229
9011005020300000,1,55700000063343921,,0,1055700000056429229
9011005020300000,1,55700000063344065,,0,1055700000056429229
9011005020300000,1,55700000063344185,,0,1055700000056429229
9011005020300000,1,55700000063344209,,0,1055700000056429229
9011005020300000,1,55700000063344281,,0,1055700000056429229
9011005020300000,1,55700000063344329,,0,1055700000056429229
9011005020300000,1,55700000063344401,,0,1055700000056429229
9011005020300000,8,55700000063344665,,0,1055700000056429229
9011005020300000,1,55700000063344833,,0,1055700000056429229
9011005020300000,1,55700000063344857,,0,1055700000056429229
9011005020300000,5,55700000063677987,,0,1055700000056429229
9011005020400000,1,55700000064968204,,1,1055700000055340135
9011005020400000,1,55700000064968300,,1,1055700000055340135
9011005020400000,1,55700000064968444,,1,1055700000055340135
9011005020400000,1,55700000064968468,,1,1055700000055340135
9011005020400000,1,55700000064968516,,1,1055700000055340135
9011005020400000,1,55700000064968540,,1,1055700000055340135
9011005020400000,1,55700000064968636,,1,1055700000055340135
9011005020400000,1,55700000064968660,,1,1055700000055340135
9011005020400000,1,55700000064969020,,1,1055700000055340135
9011005020400000,2,55700000064969140,,1,1055700000055340135
9011005020400000,7,55700000064969188,,1,1055700000055340135
9011005020400000,7,55700000064969428,,1,1055700000055340135
9011005020400000,7,55700000064969452,,1,1055700000055340135
9011005020400000,7,55700000064969572,,1,1055700000055340135
9011005020400000,7,55700000064969644,,1,1055700000055340135
9011005020400000,1,55700000064969928,,1,1055700000055340135
9011005020400000,1,55700000064970000,,1,1055700000055340135
9011005020400000,1,55700000064970048,,1,1055700000055340135
9011005020400000,1,55700000064970072,,1,1055700000055340135
9011005020400000,1,55700000064970096,,1,1055700000055340135
9011005020400000,1,55700000064970120,,1,1055700000055340135
9011005020400000,1,55700000064970144,,1,1055700000055340135
9011005020400000,1,55700000064970264,,1,1055700000055340135
9011005020400000,1,55700000064970336,,1,1055700000055340135
9011005020400000,11,55700000064970432,,1,1055700000055340135
9011005020400000,11,55700000064970480,,1,1055700000055340135
9011005020400000,7,55700000064970768,,1,1055700000055340135
9011005020400000,2,55700000064970816,,1,1055700000055340135
9011005020400000,7,55700000064970844,,1,1055700000055340135
9011005020400000,1,55700000064971018,,1,1055700000055340135
9011005020400000,1,55700000064968132,,1,1055700000055340135
9011005020400000,1,55700000064968252,,1,1055700000055340135
9011005020400000,1,55700000064968372,,1,1055700000055340135
9011005020400000,1,55700000064968396,,1,1055700000055340135
9011005020400000,1,55700000064968420,,1,1055700000055340135
9011005020400000,1,55700000064968612,,1,1055700000055340135
9011005020400000,1,55700000064968732,,1,1055700000055340135
9011005020400000,1,55700000064968756,,1,1055700000055340135
9011005020400000,1,55700000064968780,,1,1055700000055340135
9011005020400000,1,55700000064968804,,1,1055700000055340135
9011005020400000,1,55700000064968852,,1,1055700000055340135
9011005020400000,1,55700000064968876,,1,1055700000055340135
9011005020400000,1,55700000064968900,,1,1055700000055340135
9011005020400000,2,55700000064969068,,1,1055700000055340135
9011005020400000,7,55700000064969164,,1,1055700000055340135
9011005020400000,7,55700000064969284,,1,1055700000055340135
9011005020400000,7,55700000064969332,,1,1055700000055340135
9011005020400000,7,55700000064969356,,1,1055700000055340135
9011005020400000,7,55700000064969380,,1,1055700000055340135
9011005020400000,7,55700000064969476,,1,1055700000055340135
9011005020400000,7,55700000064969500,,1,1055700000055340135
9011005020400000,7,55700000064969596,,1,1055700000055340135
9011005020400000,1,55700000064969736,,1,1055700000055340135
9011005020400000,1,55700000064969760,,1,1055700000055340135
9011005020400000,1,55700000064969784,,1,1055700000055340135
9011005020400000,1,55700000064969856,,1,1055700000055340135
9011005020400000,1,55700000064970216,,1,1055700000055340135
9011005020400000,11,55700000064970312,,1,1055700000055340135
9011005020400000,11,55700000064970384,,1,1055700000055340135
9011005020400000,11,55700000064970456,,1,1055700000055340135
9011005020400000,11,55700000064970528,,1,1055700000055340135
9011005020400000,7,55700000064970624,,1,1055700000055340135
9011005020400000,6,55700000064970920,,1,1055700000055340135
9011005020400000,6,55700000064970976,,1,1055700000055340135
9011005020400000,1,55700000064968180,,1,1055700000055340135
9011005020400000,1,55700000064968276,,1,1055700000055340135
9011005020400000,1,55700000064968324,,1,1055700000055340135
9011005020400000,1,55700000064968348,,1,1055700000055340135
9011005020400000,1,55700000064968564,,1,1055700000055340135
9011005020400000,1,55700000064968972,,1,1055700000055340135
9011005020400000,1,55700000064968996,,1,1055700000055340135
9011005020400000,1,55700000064969044,,1,1055700000055340135
9011005020400000,2,55700000064969116,,1,1055700000055340135
9011005020400000,7,55700000064969212,,1,1055700000055340135
9011005020400000,7,55700000064969260,,1,1055700000055340135
9011005020400000,1,55700000064969904,,1,1055700000055340135
9011005020400000,1,55700000064969976,,1,1055700000055340135
9011005020400000,1,55700000064970024,,1,1055700000055340135
9011005020400000,1,55700000064970168,,1,1055700000055340135
9011005020400000,1,55700000064970240,,1,1055700000055340135
9011005020400000,3,55700000064970288,,1,1055700000055340135
9011005020400000,1,55700000064970360,,1,1055700000055340135
9011005020400000,11,55700000064970408,,1,1055700000055340135
9011005020400000,11,55700000064970504,,1,1055700000055340135
9011005020400000,13,55700000064970600,,1,1055700000055340135
9011005020400000,7,55700000064970720,,1,1055700000055340135
9011005020400000,6,55700000064970896,,1,1055700000055340135
9011005020400000,6,55700000064968082,,1,1055700000055340135
9011005020400000,7,55700000064968106,,1,1055700000055340135
9011005020400000,1,55700000064968156,,1,1055700000055340135
9011005020400000,1,55700000064968228,,1,1055700000055340135
9011005020400000,1,55700000064968492,,1,1055700000055340135
9011005020400000,1,55700000064968588,,1,1055700000055340135
9011005020400000,1,55700000064968684,,1,1055700000055340135
9011005020400000,1,55700000064968708,,1,1055700000055340135
9011005020400000,1,55700000064968828,,1,1055700000055340135
9011005020400000,1,55700000064968924,,1,1055700000055340135
9011005020400000,1,55700000064968948,,1,1055700000055340135
9011005020400000,2,55700000064969092,,1,1055700000055340135
9011005020400000,7,55700000064969236,,1,1055700000055340135
9011005020400000,7,55700000064969308,,1,1055700000055340135
9011005020400000,7,55700000064969404,,1,1055700000055340135
9011005020400000,7,55700000064969524,,1,1055700000055340135
9011005020400000,7,55700000064969548,,1,1055700000055340135
9011005020400000,7,55700000064969620,,1,1055700000055340135
9011005020400000,7,55700000064969668,,1,1055700000055340135
9011005020400000,1,55700000064969808,,1,1055700000055340135
9011005020400000,1,55700000064969832,,1,1055700000055340135
9011005020400000,1,55700000064969880,,1,1055700000055340135
9011005020400000,1,55700000064969952,,1,1055700000055340135
9011005020400000,2,55700000064970192,,1,1055700000055340135
9011005020400000,13,55700000064970552,,1,1055700000055340135
9011005020400000,13,55700000064970576,,1,1055700000055340135
9011005020400000,7,55700000064970648,,1,1055700000055340135
9011005020400000,7,55700000064970672,,1,1055700000055340135
9011005020400000,7,55700000064970696,,1,1055700000055340135
9011005020400000,7,55700000064970744,,1,1055700000055340135
9011005020400000,7,55700000064970792,,1,1055700000055340135
9011005020400000,6,55700000064970944,,1,1055700000055340135
9011005020400000,1,55700000065102523,,0,1055700000063670551
9011005020400000,1,55700000065102547,,0,1055700000063670551
9011005020400000,1,55700000065102667,,0,1055700000063670551
9011005020400000,1,55700000065102763,,0,1055700000063670551
9011005020400000,1,55700000065102883,,0,1055700000063670551
9011005020400000,1,55700000065103003,,0,1055700000063670551
9011005020400000,1,55700000065103051,,0,1055700000063670551
9011005020400000,1,55700000065103075,,0,1055700000063670551
9011005020400000,2,55700000065103363,,0,1055700000063670551
9011005020400000,7,55700000065103387,,0,1055700000063670551
9011005020400000,7,55700000065103411,,0,1055700000063670551
9011005020400000,7,55700000065103459,,0,1055700000063670551
9011005020400000,7,55700000065103579,,0,1055700000063670551
9011005020400000,7,55700000065103627,,0,1055700000063670551
9011005020400000,7,55700000065103869,,0,1055700000063670551
9011005020400000,1,55700000065104037,,0,1055700000063670551
9011005020400000,1,55700000065104085,,0,1055700000063670551
9011005020400000,1,55700000065104229,,0,1055700000063670551
9011005020400000,14,55700000065104421,,0,1055700000063670551
9011005020400000,1,55700000065104445,,0,1055700000063670551
9011005020400000,11,55700000065104493,,0,1055700000063670551
9011005020400000,11,55700000065104565,,0,1055700000063670551
9011005020400000,11,55700000065104685,,0,1055700000063670551
9011005020400000,7,55700000065104783,,0,1055700000063670551
9011005020400000,2,55700000065104879,,0,1055700000063670551
9011005020400000,7,55700000065104903,,0,1055700000063670551
9011005020400000,2,55700000065105023,,0,1055700000063670551
9011005020400000,2,55700000065105047,,0,1055700000063670551
9011005020400000,1,55700000065105399,,0,1055700000063670551
9011005020400000,1,55700000065105423,,0,1055700000063670551
9011005020400000,1,55700000065105447,,0,1055700000063670551
9011005020400000,1,55700000065102499,,0,1055700000063670551
9011005020400000,1,55700000065102907,,0,1055700000063670551
9011005020400000,1,55700000065102931,,0,1055700000063670551
9011005020400000,1,55700000065102979,,0,1055700000063670551
9011005020400000,1,55700000065103027,,0,1055700000063670551
9011005020400000,1,55700000065103123,,0,1055700000063670551
9011005020400000,1,55700000065103147,,0,1055700000063670551
9011005020400000,1,55700000065103195,,0,1055700000063670551
9011005020400000,11,55700000065103219,,0,1055700000063670551
9011005020400000,7,55700000065103651,,0,1055700000063670551
9011005020400000,7,55700000065103723,,0,1055700000063670551
9011005020400000,7,55700000065103773,,0,1055700000063670551
9011005020400000,7,55700000065103821,,0,1055700000063670551
9011005020400000,1,55700000065103989,,0,1055700000063670551
9011005020400000,1,55700000065104013,,0,1055700000063670551
9011005020400000,1,55700000065104253,,0,1055700000063670551
9011005020400000,1,55700000065104301,,0,1055700000063670551
9011005020400000,1,55700000065104397,,0,1055700000063670551
9011005020400000,1,55700000065104541,,0,1055700000063670551
9011005020400000,11,55700000065104637,,0,1055700000063670551
9011005020400000,13,55700000065104733,,0,1055700000063670551
9011005020400000,2,55700000065104855,,0,1055700000063670551
9011005020400000,2,55700000065104951,,0,1055700000063670551
9011005020400000,2,55700000065104975,,0,1055700000063670551
9011005020400000,7,55700000065105073,,0,1055700000063670551
9011005020400000,6,55700000065105147,,0,1055700000063670551
9011005020400000,6,55700000065105195,,0,1055700000063670551
9011005020400000,1,55700000065105375,,0,1055700000063670551
9011005020400000,1,55700000065102379,,0,1055700000063670551
9011005020400000,1,55700000065102427,,0,1055700000063670551
9011005020400000,1,55700000065102451,,0,1055700000063670551
9011005020400000,1,55700000065102475,,0,1055700000063670551
9011005020400000,1,55700000065102595,,0,1055700000063670551
9011005020400000,1,55700000065102643,,0,1055700000063670551
9011005020400000,1,55700000065102715,,0,1055700000063670551
9011005020400000,1,55700000065102787,,0,1055700000063670551
9011005020400000,1,55700000065103171,,0,1055700000063670551
9011005020400000,1,55700000065103243,,0,1055700000063670551
9011005020400000,1,55700000065103267,,0,1055700000063670551
9011005020400000,1,55700000065103291,,0,1055700000063670551
9011005020400000,2,55700000065103315,,0,1055700000063670551
9011005020400000,2,55700000065103339,,0,1055700000063670551
9011005020400000,7,55700000065103483,,0,1055700000063670551
9011005020400000,7,55700000065103507,,0,1055700000063670551
9011005020400000,7,55700000065103603,,0,1055700000063670551
9011005020400000,7,55700000065103699,,0,1055700000063670551
9011005020400000,7,55700000065103797,,0,1055700000063670551
9011005020400000,7,55700000065103845,,0,1055700000063670551
9011005020400000,7,55700000065103917,,0,1055700000063670551
9011005020400000,1,55700000065104061,,0,1055700000063670551
9011005020400000,1,55700000065104157,,0,1055700000063670551
9011005020400000,1,55700000065104181,,0,1055700000063670551
9011005020400000,11,55700000065104349,,0,1055700000063670551
9011005020400000,1,55700000065104469,,0,1055700000063670551
9011005020400000,11,55700000065104589,,0,1055700000063670551
9011005020400000,11,55700000065104613,,0,1055700000063670551
9011005020400000,13,55700000065104709,,0,1055700000063670551
9011005020400000,7,55700000065104759,,0,1055700000063670551
9011005020400000,7,55700000065104807,,0,1055700000063670551
9011005020400000,2,55700000065104927,,0,1055700000063670551
9011005020400000,2,55700000065104999,,0,1055700000063670551
9011005020400000,6,55700000065105171,,0,1055700000063670551
9011005020400000,6,55700000065105221,,0,1055700000063670551
9011005020400000,1,55700000065105351,,0,1055700000063670551
9011005020400000,1,55700000065102355,,0,1055700000063670551
9011005020400000,1,55700000065102403,,0,1055700000063670551
9011005020400000,1,55700000065102571,,0,1055700000063670551
9011005020400000,1,55700000065102619,,0,1055700000063670551
9011005020400000,1,55700000065102691,,0,1055700000063670551
9011005020400000,1,55700000065102739,,0,1055700000063670551
9011005020400000,1,55700000065102811,,0,1055700000063670551
9011005020400000,1,55700000065102835,,0,1055700000063670551
9011005020400000,1,55700000065102859,,0,1055700000063670551
9011005020400000,1,55700000065102955,,0,1055700000063670551
9011005020400000,1,55700000065103099,,0,1055700000063670551
9011005020400000,7,55700000065103435,,0,1055700000063670551
9011005020400000,7,55700000065103531,,0,1055700000063670551
9011005020400000,7,55700000065103555,,0,1055700000063670551
9011005020400000,7,55700000065103675,,0,1055700000063670551
9011005020400000,7,55700000065103747,,0,1055700000063670551
9011005020400000,7,55700000065103893,,0,1055700000063670551
9011005020400000,1,55700000065104109,,0,1055700000063670551
9011005020400000,1,55700000065104133,,0,1055700000063670551
9011005020400000,1,55700000065104205,,0,1055700000063670551
9011005020400000,1,55700000065104277,,0,1055700000063670551
9011005020400000,1,55700000065104325,,0,1055700000063670551
9011005020400000,1,55700000065104373,,0,1055700000063670551
9011005020400000,1,55700000065104517,,0,1055700000063670551
9011005020400000,11,55700000065104661,,0,1055700000063670551
9011005020400000,7,55700000065104831,,0,1055700000063670551
9011005020400000,6,55700000065105123,,0,1055700000063670551
9011005020400000,6,55700000065105245,,0,1055700000063670551
9011005020400000,6,55700000065105271,,0,1055700000063670551
9011005020500000,1,55700000064401541,,1,1055700000054761063
9011005020500000,1,55700000064401575,,1,1055700000054761063
9011005020500000,1,55700000064401643,,1,1055700000054761063
9011005020500000,2,55700000064401881,,1,1055700000054761063
9011005020500000,7,55700000064402153,,1,1055700000054761063
9011005020500000,7,55700000064402255,,1,1055700000054761063
9011005020500000,7,55700000064402357,,1,1055700000054761063
9011005020500000,7,55700000064402459,,1,1055700000054761063
9011005020500000,7,55700000064402493,,1,1055700000054761063
9011005020500000,7,55700000064402561,,1,1055700000054761063
9011005020500000,7,55700000064402799,,1,1055700000054761063
9011005020500000,7,55700000064402833,,1,1055700000054761063
9011005020500000,7,55700000064402867,,1,1055700000054761063
9011005020500000,1,55700000064403405,,1,1055700000054761063
9011005020500000,1,55700000064403439,,1,1055700000054761063
9011005020500000,1,55700000064403745,,1,1055700000054761063
9011005020500000,1,55700000064403915,,1,1055700000054761063
9011005020500000,1,55700000064404017,,1,1055700000054761063
9011005020500000,1,55700000064404051,,1,1055700000054761063
9011005020500000,1,55700000064404119,,1,1055700000054761063
9011005020500000,1,55700000064404323,,1,1055700000054761063
9011005020500000,1,55700000064404459,,1,1055700000054761063
9011005020500000,1,55700000064404595,,1,1055700000054761063
9011005020500000,1,55700000064404663,,1,1055700000054761063
9011005020500000,1,55700000064404799,,1,1055700000054761063
9011005020500000,1,55700000064404935,,1,1055700000054761063
9011005020500000,1,55700000064405105,,1,1055700000054761063
9011005020500000,7,55700000064405377,,1,1055700000054761063
9011005020500000,11,55700000064405413,,1,1055700000054761063
9011005020500000,13,55700000064405447,,1,1055700000054761063
9011005020500000,7,55700000064405583,,1,1055700000054761063
9011005020500000,7,55700000064405617,,1,1055700000054761063
9011005020500000,7,55700000064405651,,1,1055700000054761063
9011005020500000,7,55700000064405821,,1,1055700000054761063
9011005020500000,2,55700000064405923,,1,1055700000054761063
9011005020500000,7,55700000064405991,,1,1055700000054761063
9011005020500000,7,55700000064406025,,1,1055700000054761063
9011005020500000,7,55700000064406161,,1,1055700000054761063
9011005020500000,1,55700000064406375,,1,1055700000054761063
9011005020500000,1,55700000064406409,,1,1055700000054761063
9011005020500000,1,55700000064406579,,1,1055700000054761063
9011005020500000,1,55700000064406613,,1,1055700000054761063
9011005020500000,1,55700000064406715,,1,1055700000054761063
9011005020500000,7,55700000064401505,,1,1055700000054761063
9011005020500000,1,55700000064401609,,1,1055700000054761063
9011005020500000,1,55700000064401711,,1,1055700000054761063
9011005020500000,1,55700000064401847,,1,1055700000054761063
9011005020500000,2,55700000064401915,,1,1055700000054761063
9011005020500000,2,55700000064401949,,1,1055700000054761063
9011005020500000,7,55700000064402187,,1,1055700000054761063
9011005020500000,7,55700000064402289,,1,1055700000054761063
9011005020500000,7,55700000064402425,,1,1055700000054761063
9011005020500000,7,55700000064402629,,1,1055700000054761063
9011005020500000,7,55700000064402969,,1,1055700000054761063
9011005020500000,1,55700000064403201,,1,1055700000054761063
9011005020500000,1,55700000064403337,,1,1055700000054761063
9011005020500000,1,55700000064403371,,1,1055700000054761063
9011005020500000,1,55700000064403677,,1,1055700000054761063
9011005020500000,1,55700000064403813,,1,1055700000054761063
9011005020500000,1,55700000064403847,,1,1055700000054761063
9011005020500000,1,55700000064403881,,1,1055700000054761063
9011005020500000,1,55700000064404085,,1,1055700000054761063
9011005020500000,1,55700000064404221,,1,1055700000054761063
9011005020500000,1,55700000064404289,,1,1055700000054761063
9011005020500000,1,55700000064404391,,1,1055700000054761063
9011005020500000,1,55700000064404493,,1,1055700000054761063
9011005020500000,1,55700000064404527,,1,1055700000054761063
9011005020500000,1,55700000064404833,,1,1055700000054761063
9011005020500000,1,55700000064404867,,1,1055700000054761063
9011005020500000,1,55700000064405003,,1,1055700000054761063
9011005020500000,1,55700000064405139,,1,1055700000054761063
9011005020500000,1,55700000064405241,,1,1055700000054761063
9011005020500000,1,55700000064405309,,1,1055700000054761063
9011005020500000,13,55700000064405549,,1,1055700000054761063
9011005020500000,7,55700000064405685,,1,1055700000054761063
9011005020500000,7,55700000064405719,,1,1055700000054761063
9011005020500000,7,55700000064405787,,1,1055700000054761063
9011005020500000,2,55700000064405889,,1,1055700000054761063
9011005020500000,7,55700000064406127,,1,1055700000054761063
9011005020500000,6,55700000064406247,,1,1055700000054761063
9011005020500000,6,55700000064406291,,1,1055700000054761063
9011005020500000,1,55700000064406477,,1,1055700000054761063
9011005020500000,1,55700000064406511,,1,1055700000054761063
9011005020500000,1,55700000064406545,,1,1055700000054761063
9011005020500000,1,55700000064406647,,1,1055700000054761063
9011005020500000,1,55700000064406783,,1,1055700000054761063
9011005020500000,1,55700000064401677,,1,1055700000054761063
9011005020500000,1,55700000064401745,,1,1055700000054761063
9011005020500000,1,55700000064401779,,1,1055700000054761063
9011005020500000,2,55700000064401983,,1,1055700000054761063
9011005020500000,7,55700000064402017,,1,1055700000054761063
9011005020500000,7,55700000064402085,,1,1055700000054761063
9011005020500000,7,55700000064402221,,1,1055700000054761063
9011005020500000,7,55700000064402323,,1,1055700000054761063
9011005020500000,7,55700000064402527,,1,1055700000054761063
9011005020500000,7,55700000064402595,,1,1055700000054761063
9011005020500000,7,55700000064402663,,1,1055700000054761063
9011005020500000,7,55700000064402697,,1,1055700000054761063
9011005020500000,7,55700000064403037,,1,1055700000054761063
9011005020500000,1,55700000064403133,,1,1055700000054761063
9011005020500000,1,55700000064403167,,1,1055700000054761063
9011005020500000,1,55700000064403473,,1,1055700000054761063
9011005020500000,1,55700000064403507,,1,1055700000054761063
9011005020500000,1,55700000064403643,,1,1055700000054761063
9011005020500000,1,55700000064404153,,1,1055700000054761063
9011005020500000,1,55700000064404255,,1,1055700000054761063
9011005020500000,1,55700000064404561,,1,1055700000054761063
9011005020500000,1,55700000064404901,,1,1055700000054761063
9011005020500000,1,55700000064404969,,1,1055700000054761063
9011005020500000,1,55700000064405037,,1,1055700000054761063
9011005020500000,1,55700000064405173,,1,1055700000054761063
9011005020500000,1,55700000064405275,,1,1055700000054761063
9011005020500000,2,55700000064405343,,1,1055700000054761063
9011005020500000,13,55700000064405481,,1,1055700000054761063
9011005020500000,7,55700000064405855,,1,1055700000054761063
9011005020500000,7,55700000064405957,,1,1055700000054761063
9011005020500000,7,55700000064406093,,1,1055700000054761063
9011005020500000,1,55700000064406443,,1,1055700000054761063
9011005020500000,1,55700000064406681,,1,1055700000054761063
9011005020500000,1,55700000064401813,,1,1055700000054761063
9011005020500000,7,55700000064402051,,1,1055700000054761063
9011005020500000,7,55700000064402119,,1,1055700000054761063
9011005020500000,7,55700000064402391,,1,1055700000054761063
9011005020500000,7,55700000064402731,,1,1055700000054761063
9011005020500000,7,55700000064402765,,1,1055700000054761063
9011005020500000,7,55700000064402901,,1,1055700000054761063
9011005020500000,7,55700000064402935,,1,1055700000054761063
9011005020500000,7,55700000064403003,,1,1055700000054761063
9011005020500000,1,55700000064403235,,1,1055700000054761063
9011005020500000,1,55700000064403269,,1,1055700000054761063
9011005020500000,1,55700000064403303,,1,1055700000054761063
9011005020500000,1,55700000064403541,,1,1055700000054761063
9011005020500000,1,55700000064403575,,1,1055700000054761063
9011005020500000,1,55700000064403609,,1,1055700000054761063
9011005020500000,1,55700000064403711,,1,1055700000054761063
9011005020500000,1,55700000064403779,,1,1055700000054761063
9011005020500000,1,55700000064403949,,1,1055700000054761063
9011005020500000,1,55700000064403983,,1,1055700000054761063
9011005020500000,1,55700000064404187,,1,1055700000054761063
9011005020500000,1,55700000064404357,,1,1055700000054761063
9011005020500000,1,55700000064404425,,1,1055700000054761063
9011005020500000,1,55700000064404629,,1,1055700000054761063
9011005020500000,1,55700000064404697,,1,1055700000054761063
9011005020500000,1,55700000064404731,,1,1055700000054761063
9011005020500000,1,55700000064404765,,1,1055700000054761063
9011005020500000,1,55700000064405071,,1,1055700000054761063
9011005020500000,1,55700000064405207,,1,1055700000054761063
9011005020500000,13,55700000064405515,,1,1055700000054761063
9011005020500000,7,55700000064405753,,1,1055700000054761063
9011005020500000,7,55700000064406059,,1,1055700000054761063
9011005020500000,6,55700000064406213,,1,1055700000054761063
9011005020500000,1,55700000064406341,,1,1055700000054761063
9011005020500000,1,55700000064406749,,1,1055700000054761063
9011005020500000,1,55700000064406817,,1,1055700000054761063
9011005020500000,1,55700000064406851,,1,1055700000054761063
9011005020500000,1,55700000064406885,,1,1055700000054761063
9011005020500000,1,55700000064686402,,1,1055700000054761063
9011005020500000,1,55700000065096762,,0,1055700000056411617
9011005020500000,1,55700000065097112,,0,1055700000056411617
9011005020500000,1,55700000065097322,,0,1055700000056411617
9011005020500000,1,55700000065097532,,0,1055700000056411617
9011005020500000,1,55700000065097707,,0,1055700000056411617
9011005020500000,1,55700000065098197,,0,1055700000056411617
9011005020500000,7,55700000065099147,,0,1055700000056411617
9011005020500000,2,55700000065099254,,0,1055700000056411617
9011005020500000,2,55700000065099324,,0,1055700000056411617
9011005020500000,2,55700000065099394,,0,1055700000056411617
9011005020500000,7,55700000065099464,,0,1055700000056411617
9011005020500000,7,55700000065099534,,0,1055700000056411617
9011005020500000,7,55700000065099569,,0,1055700000056411617
9011005020500000,7,55700000065099639,,0,1055700000056411617
9011005020500000,7,55700000065099884,,0,1055700000056411617
9011005020500000,7,55700000065099919,,0,1055700000056411617
9011005020500000,7,55700000065099989,,0,1055700000056411617
9011005020500000,7,55700000065100024,,0,1055700000056411617
9011005020500000,7,55700000065100094,,0,1055700000056411617
9011005020500000,2,55700000065100272,,0,1055700000056411617
9011005020500000,2,55700000065100307,,0,1055700000056411617
9011005020500000,7,55700000065100377,,0,1055700000056411617
9011005020500000,6,55700000065100416,,0,1055700000056411617
9011005020500000,7,55700000065100597,,0,1055700000056411617
9011005020500000,7,55700000065100632,,0,1055700000056411617
9011005020500000,1,55700000065100743,,0,1055700000056411617
9011005020500000,1,55700000065100883,,0,1055700000056411617
9011005020500000,1,55700000065100918,,0,1055700000056411617
9011005020500000,1,55700000065101023,,0,1055700000056411617
9011005020500000,1,55700000065101163,,0,1055700000056411617
9011005020500000,2,55700000065101618,,0,1055700000056411617
9011005020500000,2,55700000065101653,,0,1055700000056411617
9011005020500000,6,55700000065101793,,0,1055700000056411617
9011005020500000,1,55700000065096237,,0,1055700000056411617
9011005020500000,1,55700000065096377,,0,1055700000056411617
9011005020500000,1,55700000065096447,,0,1055700000056411617
9011005020500000,1,55700000065096482,,0,1055700000056411617
9011005020500000,1,55700000065096552,,0,1055700000056411617
9011005020500000,1,55700000065096622,,0,1055700000056411617
9011005020500000,1,55700000065096727,,0,1055700000056411617
9011005020500000,1,55700000065096902,,0,1055700000056411617
9011005020500000,1,55700000065097462,,0,1055700000056411617
9011005020500000,1,55700000065097497,,0,1055700000056411617
9011005020500000,1,55700000065097567,,0,1055700000056411617
9011005020500000,1,55700000065097847,,0,1055700000056411617
9011005020500000,1,55700000065098092,,0,1055700000056411617
9011005020500000,1,55700000065098302,,0,1055700000056411617
9011005020500000,3,55700000065098337,,0,1055700000056411617
9011005020500000,1,55700000065098407,,0,1055700000056411617
9011005020500000,11,55700000065098477,,0,1055700000056411617
9011005020500000,11,55700000065098547,,0,1055700000056411617
9011005020500000,11,55700000065098582,,0,1055700000056411617
9011005020500000,13,55700000065098722,,0,1055700000056411617
9011005020500000,13,55700000065098757,,0,1055700000056411617
9011005020500000,7,55700000065098995,,0,1055700000056411617
9011005020500000,7,55700000065099065,,0,1055700000056411617
9011005020500000,7,55700000065099110,,0,1055700000056411617
9011005020500000,6,55700000065099219,,0,1055700000056411617
9011005020500000,7,55700000065099499,,0,1055700000056411617
9011005020500000,7,55700000065099709,,0,1055700000056411617
9011005020500000,7,55700000065099779,,0,1055700000056411617
9011005020500000,7,55700000065100202,,0,1055700000056411617
9011005020500000,6,55700000065100562,,0,1055700000056411617
9011005020500000,1,55700000065100708,,0,1055700000056411617
9011005020500000,1,55700000065100813,,0,1055700000056411617
9011005020500000,1,55700000065101058,,0,1055700000056411617
9011005020500000,1,55700000065101128,,0,1055700000056411617
9011005020500000,1,55700000065096342,,0,1055700000056411617
9011005020500000,1,55700000065096412,,0,1055700000056411617
9011005020500000,1,55700000065096587,,0,1055700000056411617
9011005020500000,1,55700000065096657,,0,1055700000056411617
9011005020500000,1,55700000065096867,,0,1055700000056411617
9011005020500000,1,55700000065096937,,0,1055700000056411617
9011005020500000,1,55700000065097147,,0,1055700000056411617
9011005020500000,1,55700000065097182,,0,1055700000056411617
9011005020500000,1,55700000065097287,,0,1055700000056411617
9011005020500000,1,55700000065097357,,0,1055700000056411617
9011005020500000,1,55700000065097392,,0,1055700000056411617
9011005020500000,1,55700000065097672,,0,1055700000056411617
9011005020500000,1,55700000065101303,,0,1055700000056411617
9011005020500000,1,55700000065101513,,0,1055700000056411617
9011005020500000,6,55700000065101723,,0,1055700000056411617
9011005020500000,1,55700000065097917,,0,1055700000056411617
9011005020500000,1,55700000065097952,,0,1055700000056411617
9011005020500000,1,55700000065097987,,0,1055700000056411617
9011005020500000,1,55700000065098127,,0,1055700000056411617
9011005020500000,1,55700000065098162,,0,1055700000056411617
9011005020500000,1,55700000065098232,,0,1055700000056411617
9011005020500000,1,55700000065098267,,0,1055700000056411617
9011005020500000,1,55700000065098442,,0,1055700000056411617
9011005020500000,11,55700000065098512,,0,1055700000056411617
9011005020500000,7,55700000065098796,,0,1055700000056411617
9011005020500000,7,55700000065098925,,0,1055700000056411617
9011005020500000,7,55700000065099030,,0,1055700000056411617
9011005020500000,2,55700000065099184,,0,1055700000056411617
9011005020500000,2,55700000065099429,,0,1055700000056411617
9011005020500000,7,55700000065099604,,0,1055700000056411617
9011005020500000,7,55700000065099674,,0,1055700000056411617
9011005020500000,7,55700000065099954,,0,1055700000056411617
9011005020500000,1,55700000065100778,,0,1055700000056411617
9011005020500000,1,55700000065100953,,0,1055700000056411617
9011005020500000,1,55700000065100988,,0,1055700000056411617
9011005020500000,1,55700000065101093,,0,1055700000056411617
9011005020500000,1,55700000065101198,,0,1055700000056411617
9011005020500000,1,55700000065101338,,0,1055700000056411617
9011005020500000,1,55700000065101443,,0,1055700000056411617
9011005020500000,1,55700000065101478,,0,1055700000056411617
9011005020500000,1,55700000065101548,,0,1055700000056411617
9011005020500000,6,55700000065101688,,0,1055700000056411617
9011005020500000,1,55700000065096202,,0,1055700000056411617
9011005020500000,1,55700000065096272,,0,1055700000056411617
9011005020500000,1,55700000065096307,,0,1055700000056411617
9011005020500000,1,55700000065096517,,0,1055700000056411617
9011005020500000,1,55700000065096692,,0,1055700000056411617
9011005020500000,1,55700000065096797,,0,1055700000056411617
9011005020500000,1,55700000065096832,,0,1055700000056411617
9011005020500000,1,55700000065096972,,0,1055700000056411617
9011005020500000,1,55700000065097007,,0,1055700000056411617
9011005020500000,1,55700000065097042,,0,1055700000056411617
9011005020500000,1,55700000065097077,,0,1055700000056411617
9011005020500000,1,55700000065097217,,0,1055700000056411617
9011005020500000,1,55700000065097252,,0,1055700000056411617
9011005020500000,1,55700000065097427,,0,1055700000056411617
9011005020500000,1,55700000065097602,,0,1055700000056411617
9011005020500000,1,55700000065097637,,0,1055700000056411617
9011005020500000,1,55700000065097742,,0,1055700000056411617
9011005020500000,1,55700000065097777,,0,1055700000056411617
9011005020500000,1,55700000065097812,,0,1055700000056411617
9011005020500000,1,55700000065097882,,0,1055700000056411617
9011005020500000,1,55700000065098022,,0,1055700000056411617
9011005020500000,1,55700000065098057,,0,1055700000056411617
9011005020500000,11,55700000065098372,,0,1055700000056411617
9011005020500000,11,55700000065098617,,0,1055700000056411617
9011005020500000,11,55700000065098652,,0,1055700000056411617
9011005020500000,13,55700000065098687,,0,1055700000056411617
9011005020500000,7,55700000065098960,,0,1055700000056411617
9011005020500000,6,55700000065099289,,0,1055700000056411617
9011005020500000,2,55700000065099359,,0,1055700000056411617
9011005020500000,7,55700000065099744,,0,1055700000056411617
9011005020500000,7,55700000065099814,,0,1055700000056411617
9011005020500000,7,55700000065099849,,0,1055700000056411617
9011005020500000,7,55700000065100059,,0,1055700000056411617
9011005020500000,7,55700000065100167,,0,1055700000056411617
9011005020500000,2,55700000065100237,,0,1055700000056411617
9011005020500000,7,55700000065100342,,0,1055700000056411617
9011005020500000,6,55700000065100451,,0,1055700000056411617
9011005020500000,7,55700000065100490,,0,1055700000056411617
9011005020500000,2,55700000065100527,,0,1055700000056411617
9011005020500000,7,55700000065100667,,0,1055700000056411617
9011005020500000,1,55700000065100848,,0,1055700000056411617
9011005020500000,1,55700000065101233,,0,1055700000056411617
9011005020500000,1,55700000065101268,,0,1055700000056411617
9011005020500000,1,55700000065101373,,0,1055700000056411617
9011005020500000,1,55700000065101408,,0,1055700000056411617
9011005020500000,2,55700000065101583,,0,1055700000056411617
9011005020500000,6,55700000065101758,,0,1055700000056411617
9011005020600000,1,55700000063663292,,1,1055700000063663205
9011005020600000,1,55700000063663338,,1,1055700000063663205
9011005020600000,1,55700000063663384,,1,1055700000063663205
9011005020600000,1,55700000063663574,,1,1055700000063663205
9011005020600000,1,55700000063663620,,1,1055700000063663205
9011005020600000,1,55700000063663758,,1,1055700000063663205
9011005020600000,1,55700000063663827,,1,1055700000063663205
9011005020600000,1,55700000063663873,,1,1055700000063663205
9011005020600000,1,55700000063663942,,1,1055700000063663205
9011005020600000,1,55700000063664034,,1,1055700000063663205
9011005020600000,1,55700000063664103,,1,1055700000063663205
9011005020600000,1,55700000063664218,,1,1055700000063663205
9011005020600000,1,55700000063664310,,1,1055700000063663205
9011005020600000,7,55700000063664563,,1,1055700000063663205
9011005020600000,7,55700000063664655,,1,1055700000063663205
9011005020600000,7,55700000063664701,,1,1055700000063663205
9011005020600000,7,55700000063664770,,1,1055700000063663205
9011005020600000,7,55700000063664885,,1,1055700000063663205
9011005020600000,7,55700000063664908,,1,1055700000063663205
9011005020600000,7,55700000063664954,,1,1055700000063663205
9011005020600000,2,55700000063665069,,1,1055700000063663205
9011005020600000,1,55700000063665165,,1,1055700000063663205
9011005020600000,1,55700000063665211,,1,1055700000063663205
9011005020600000,1,55700000063665556,,1,1055700000063663205
9011005020600000,1,55700000063665579,,1,1055700000063663205
9011005020600000,11,55700000063665648,,1,1055700000063663205
9011005020600000,7,55700000063665924,,1,1055700000063663205
9011005020600000,2,55700000063665970,,1,1055700000063663205
9011005020600000,7,55700000063665993,,1,1055700000063663205
9011005020600000,6,55700000063666046,,1,1055700000063663205
9011005020600000,1,55700000063663482,,1,1055700000063663205
9011005020600000,1,55700000063663666,,1,1055700000063663205
9011005020600000,1,55700000063663735,,1,1055700000063663205
9011005020600000,1,55700000063663804,,1,1055700000063663205
9011005020600000,1,55700000063663896,,1,1055700000063663205
9011005020600000,1,55700000063663965,,1,1055700000063663205
9011005020600000,1,55700000063663988,,1,1055700000063663205
9011005020600000,1,55700000063664057,,1,1055700000063663205
9011005020600000,1,55700000063664172,,1,1055700000063663205
9011005020600000,1,55700000063664195,,1,1055700000063663205
9011005020600000,2,55700000063664402,,1,1055700000063663205
9011005020600000,2,55700000063664471,,1,1055700000063663205
9011005020600000,7,55700000063664540,,1,1055700000063663205
9011005020600000,7,55700000063664609,,1,1055700000063663205
9011005020600000,7,55700000063664747,,1,1055700000063663205
9011005020600000,7,55700000063664793,,1,1055700000063663205
9011005020600000,7,55700000063665000,,1,1055700000063663205
9011005020600000,1,55700000063665188,,1,1055700000063663205
9011005020600000,1,55700000063665280,,1,1055700000063663205
9011005020600000,1,55700000063665326,,1,1055700000063663205
9011005020600000,1,55700000063665349,,1,1055700000063663205
9011005020600000,1,55700000063665464,,1,1055700000063663205
9011005020600000,1,55700000063665510,,1,1055700000063663205
9011005020600000,14,55700000063665533,,1,1055700000063663205
9011005020600000,11,55700000063665602,,1,1055700000063663205
9011005020600000,11,55700000063665625,,1,1055700000063663205
9011005020600000,33,55700000063665763,,1,1055700000063663205
9011005020600000,13,55700000063665809,,1,1055700000063663205
9011005020600000,13,55700000063665832,,1,1055700000063663205
9011005020600000,7,55700000063665878,,1,1055700000063663205
9011005020600000,7,55700000063665901,,1,1055700000063663205
9011005020600000,2,55700000063665947,,1,1055700000063663205
9011005020600000,1,55700000063663315,,1,1055700000063663205
9011005020600000,1,55700000063663361,,1,1055700000063663205
9011005020600000,7,55700000063663453,,1,1055700000063663205
9011005020600000,1,55700000063663551,,1,1055700000063663205
9011005020600000,1,55700000063663597,,1,1055700000063663205
9011005020600000,1,55700000063663781,,1,1055700000063663205
9011005020600000,1,55700000063663919,,1,1055700000063663205
9011005020600000,1,55700000063664011,,1,1055700000063663205
9011005020600000,1,55700000063664287,,1,1055700000063663205
9011005020600000,1,55700000063664333,,1,1055700000063663205
9011005020600000,1,55700000063664356,,1,1055700000063663205
9011005020600000,1,55700000063664379,,1,1055700000063663205
9011005020600000,7,55700000063664517,,1,1055700000063663205
9011005020600000,7,55700000063664586,,1,1055700000063663205
9011005020600000,7,55700000063664632,,1,1055700000063663205
9011005020600000,7,55700000063664862,,1,1055700000063663205
9011005020600000,7,55700000063664931,,1,1055700000063663205
9011005020600000,7,55700000063663407,,1,1055700000063663205
9011005020600000,7,55700000063665023,,1,1055700000063663205
9011005020600000,7,55700000063665046,,1,1055700000063663205
9011005020600000,1,55700000063665372,,1,1055700000063663205
9011005020600000,1,55700000063665395,,1,1055700000063663205
9011005020600000,11,55700000063665717,,1,1055700000063663205
9011005020600000,7,55700000063665855,,1,1055700000063663205
9011005020600000,7,55700000063663430,,1,1055700000063663205
9011005020600000,1,55700000063663505,,1,1055700000063663205
9011005020600000,1,55700000063663528,,1,1055700000063663205
9011005020600000,1,55700000063663643,,1,1055700000063663205
9011005020600000,1,55700000063663689,,1,1055700000063663205
9011005020600000,1,55700000063663712,,1,1055700000063663205
9011005020600000,1,55700000063663850,,1,1055700000063663205
9011005020600000,1,55700000063664080,,1,1055700000063663205
9011005020600000,1,55700000063664126,,1,1055700000063663205
9011005020600000,1,55700000063664149,,1,1055700000063663205
9011005020600000,1,55700000063664241,,1,1055700000063663205
9011005020600000,1,55700000063664264,,1,1055700000063663205
9011005020600000,2,55700000063664425,,1,1055700000063663205
9011005020600000,2,55700000063664448,,1,1055700000063663205
9011005020600000,7,55700000063664494,,1,1055700000063663205
9011005020600000,7,55700000063664678,,1,1055700000063663205
9011005020600000,7,55700000063664724,,1,1055700000063663205
9011005020600000,7,55700000063664816,,1,1055700000063663205
9011005020600000,7,55700000063664839,,1,1055700000063663205
9011005020600000,7,55700000063664977,,1,1055700000063663205
9011005020600000,6,55700000063665092,,1,1055700000063663205
9011005020600000,1,55700000063665234,,1,1055700000063663205
9011005020600000,1,55700000063665257,,1,1055700000063663205
9011005020600000,1,55700000063665303,,1,1055700000063663205
9011005020600000,1,55700000063665418,,1,1055700000063663205
9011005020600000,1,55700000063665441,,1,1055700000063663205
9011005020600000,1,55700000063665487,,1,1055700000063663205
9011005020600000,11,55700000063665671,,1,1055700000063663205
9011005020600000,11,55700000063665694,,1,1055700000063663205
9011005020600000,11,55700000063665740,,1,1055700000063663205
9011005020600000,13,55700000063665786,,1,1055700000063663205
9011005020600000,6,55700000063666069,,1,1055700000063663205
9011005020600000,1,55700000063666334,,0,1055700000063663237
9011005020600000,1,55700000063666664,,0,1055700000063663237
9011005020600000,1,55700000063666917,,0,1055700000063663237
9011005020600000,2,55700000063666940,,0,1055700000063663237
9011005020600000,2,55700000063666986,,0,1055700000063663237
9011005020600000,1,55700000063667147,,0,1055700000063663237
9011005020600000,1,55700000063667216,,0,1055700000063663237
9011005020600000,11,55700000063667262,,0,1055700000063663237
9011005020600000,1,55700000063667308,,0,1055700000063663237
9011005020600000,1,55700000063667630,,0,1055700000063663237
9011005020600000,11,55700000063667676,,0,1055700000063663237
9011005020600000,1,55700000063667745,,0,1055700000063663237
9011005020600000,1,55700000063667791,,0,1055700000063663237
9011005020600000,14,55700000063667814,,0,1055700000063663237
9011005020600000,11,55700000063667952,,0,1055700000063663237
9011005020600000,11,55700000063667975,,0,1055700000063663237
9011005020600000,13,55700000063668067,,0,1055700000063663237
9011005020600000,13,55700000063668113,,0,1055700000063663237
9011005020600000,7,55700000063668230,,0,1055700000063663237
9011005020600000,7,55700000063668349,,0,1055700000063663237
9011005020600000,7,55700000063668397,,0,1055700000063663237
9011005020600000,7,55700000063668466,,0,1055700000063663237
9011005020600000,7,55700000063668652,,0,1055700000063663237
9011005020600000,2,55700000063668675,,0,1055700000063663237
9011005020600000,2,55700000063668744,,0,1055700000063663237
9011005020600000,6,55700000063668856,,0,1055700000063663237
9011005020600000,1,55700000063669159,,0,1055700000063663237
9011005020600000,1,55700000063669182,,0,1055700000063663237
9011005020600000,1,55700000063666242,,0,1055700000063663237
9011005020600000,7,55700000063666357,,0,1055700000063663237
9011005020600000,6,55700000063666457,,0,1055700000063663237
9011005020600000,1,55700000063666526,,0,1055700000063663237
9011005020600000,1,55700000063666710,,0,1055700000063663237
9011005020600000,1,55700000063666825,,0,1055700000063663237
9011005020600000,1,55700000063666871,,0,1055700000063663237
9011005020600000,1,55700000063666894,,0,1055700000063663237
9011005020600000,2,55700000063666963,,0,1055700000063663237
9011005020600000,1,55700000063667101,,0,1055700000063663237
9011005020600000,1,55700000063667124,,0,1055700000063663237
9011005020600000,1,55700000063667193,,0,1055700000063663237
9011005020600000,1,55700000063667400,,0,1055700000063663237
9011005020600000,1,55700000063667446,,0,1055700000063663237
9011005020600000,1,55700000063667584,,0,1055700000063663237
9011005020600000,11,55700000063667906,,0,1055700000063663237
9011005020600000,11,55700000063667929,,0,1055700000063663237
9011005020600000,11,55700000063667998,,0,1055700000063663237
9011005020600000,11,55700000063668044,,0,1055700000063663237
9011005020600000,7,55700000063668420,,0,1055700000063663237
9011005020600000,7,55700000063668443,,0,1055700000063663237
9011005020600000,7,55700000063668535,,0,1055700000063663237
9011005020600000,6,55700000063668902,,0,1055700000063663237
9011005020600000,6,55700000063668998,,0,1055700000063663237
9011005020600000,1,55700000063666311,,0,1055700000063663237
9011005020600000,6,55700000063666480,,0,1055700000063663237
9011005020600000,1,55700000063666503,,0,1055700000063663237
9011005020600000,1,55700000063666595,,0,1055700000063663237
9011005020600000,1,55700000063666618,,0,1055700000063663237
9011005020600000,1,55700000063666641,,0,1055700000063663237
9011005020600000,1,55700000063666687,,0,1055700000063663237
9011005020600000,1,55700000063666756,,0,1055700000063663237
9011005020600000,1,55700000063666779,,0,1055700000063663237
9011005020600000,1,55700000063666802,,0,1055700000063663237
9011005020600000,1,55700000063666848,,0,1055700000063663237
9011005020600000,1,55700000063667032,,0,1055700000063663237
9011005020600000,11,55700000063667078,,0,1055700000063663237
9011005020600000,11,55700000063667170,,0,1055700000063663237
9011005020600000,11,55700000063667354,,0,1055700000063663237
9011005020600000,1,55700000063667377,,0,1055700000063663237
9011005020600000,1,55700000063667469,,0,1055700000063663237
9011005020600000,1,55700000063667515,,0,1055700000063663237
9011005020600000,1,55700000063667538,,0,1055700000063663237
9011005020600000,1,55700000063667561,,0,1055700000063663237
9011005020600000,1,55700000063667653,,0,1055700000063663237
9011005020600000,1,55700000063667699,,0,1055700000063663237
9011005020600000,1,55700000063667722,,0,1055700000063663237
9011005020600000,1,55700000063667837,,0,1055700000063663237
9011005020600000,1,55700000063667860,,0,1055700000063663237
9011005020600000,13,55700000063668090,,0,1055700000063663237
9011005020600000,2,55700000063668205,,0,1055700000063663237
9011005020600000,7,55700000063668253,,0,1055700000063663237
9011005020600000,7,55700000063668278,,0,1055700000063663237
9011005020600000,7,55700000063668489,,0,1055700000063663237
9011005020600000,7,55700000063668512,,0,1055700000063663237
9011005020600000,7,55700000063668558,,0,1055700000063663237
9011005020600000,7,55700000063668629,,0,1055700000063663237
9011005020600000,6,55700000063668833,,0,1055700000063663237
9011005020600000,6,55700000063668879,,0,1055700000063663237
9011005020600000,6,55700000063668973,,0,1055700000063663237
9011005020600000,1,55700000063669136,,0,1055700000063663237
9011005020600000,1,55700000063669205,,0,1055700000063663237
9011005020600000,1,55700000063666265,,0,1055700000063663237
9011005020600000,1,55700000063666288,,0,1055700000063663237
9011005020600000,7,55700000063666380,,0,1055700000063663237
9011005020600000,7,55700000063666403,,0,1055700000063663237
9011005020600000,7,55700000063666426,,0,1055700000063663237
9011005020600000,1,55700000063666549,,0,1055700000063663237
9011005020600000,1,55700000063666572,,0,1055700000063663237
9011005020600000,1,55700000063666733,,0,1055700000063663237
9011005020600000,1,55700000063667009,,0,1055700000063663237
9011005020600000,1,55700000063667055,,0,1055700000063663237
9011005020600000,1,55700000063667239,,0,1055700000063663237
9011005020600000,1,55700000063667285,,0,1055700000063663237
9011005020600000,1,55700000063667331,,0,1055700000063663237
9011005020600000,1,55700000063667423,,0,1055700000063663237
9011005020600000,1,55700000063667492,,0,1055700000063663237
9011005020600000,1,55700000063667607,,0,1055700000063663237
9011005020600000,1,55700000063667768,,0,1055700000063663237
9011005020600000,14,55700000063667883,,0,1055700000063663237
9011005020600000,11,55700000063668021,,0,1055700000063663237
9011005020600000,2,55700000063668136,,0,1055700000063663237
9011005020600000,2,55700000063668159,,0,1055700000063663237
9011005020600000,2,55700000063668182,,0,1055700000063663237
9011005020600000,7,55700000063668301,,0,1055700000063663237
9011005020600000,7,55700000063668326,,0,1055700000063663237
9011005020600000,7,55700000063668374,,0,1055700000063663237
9011005020600000,7,55700000063668581,,0,1055700000063663237
9011005020600000,7,55700000063668604,,0,1055700000063663237
9011005020600000,2,55700000063668698,,0,1055700000063663237
9011005020600000,2,55700000063668721,,0,1055700000063663237
9011005020600000,2,55700000063668767,,0,1055700000063663237
9011005020600000,2,55700000063668790,,0,1055700000063663237
9011005020600000,1,55700000063669228,,0,1055700000063663237
9011005021000000,1,55700000063306145,,1,1055700000056398903
9011005021000000,1,55700000063306253,,1,1055700000056398824
9011005021000000,1,55700000063306453,,1,1055700000056398874
9011005021000000,1,55700000063306489,,1,1055700000056398824
9011005021000000,1,55700000063306597,,1,1055700000056398824
9011005021000000,1,55700000063306741,,1,1055700000056398824
9011005021000000,1,55700000063306885,,1,1055700000056398824
9011005021000000,1,55700000063306921,,1,1055700000056398824
9011005021000000,1,55700000063306993,,1,1055700000056398824
9011005021000000,1,55700000063307173,,1,1055700000056398824
9011005021000000,1,55700000063307317,,1,1055700000056398824
9011005021000000,1,55700000063307401,,1,1055700000056398824
9011005021000000,1,55700000063307509,,1,1055700000056398824
9011005021000000,1,55700000063307689,,1,1055700000056398824
9011005021000000,7,55700000063307905,,1,1055700000056398824
9011005021000000,7,55700000063308013,,1,1055700000056398824
9011005021000000,2,55700000063308157,,1,1055700000056398824
9011005021000000,7,55700000063308193,,1,1055700000056398824
9011005021000000,10,55700000063308373,,1,1055700000056398824
9011005021000000,10,55700000063308409,,1,1055700000056398824
9011005021000000,1,55700000063308469,,1,1055700000056398824
9011005021000000,1,55700000063308541,,1,1055700000056398824
9011005021000000,2,55700000063308613,,1,1055700000056398824
9011005021000000,7,55700000063308757,,1,1055700000056398824
9011005021000000,7,55700000063308829,,1,1055700000056398824
9011005021000000,1,55700000063306121,,1,1055700000056398903
9011005021000000,8,55700000063306397,,1,1055700000056398824
9011005021000000,1,55700000063306633,,1,1055700000056398824
9011005021000000,1,55700000063306669,,1,1055700000056398824
9011005021000000,1,55700000063306777,,1,1055700000056398824
9011005021000000,1,55700000063307473,,1,1055700000056398824
9011005021000000,1,55700000063307581,,1,1055700000056398824
9011005021000000,1,55700000063307617,,1,1055700000056398824
9011005021000000,1,55700000063307761,,1,1055700000056398824
9011005021000000,1,55700000063307797,,1,1055700000056398824
9011005021000000,7,55700000063307941,,1,1055700000056398824
9011005021000000,7,55700000063308049,,1,1055700000056398824
9011005021000000,7,55700000063308229,,1,1055700000056398824
9011005021000000,7,55700000063308265,,1,1055700000056398824
9011005021000000,1,55700000063308505,,1,1055700000056398824
9011005021000000,7,55700000063308685,,1,1055700000056398824
9011005021000000,7,55700000063308793,,1,1055700000056398824
9011005021000000,7,55700000063308937,,1,1055700000056398824
9011005021000000,7,55700000063309081,,1,1055700000056398824
9011005021000000,7,55700000063309117,,1,1055700000056398824
9011005021000000,7,55700000063309153,,1,1055700000056398824
9011005021000000,1,55700000063306289,,1,1055700000056398824
9011005021000000,1,55700000063306525,,1,1055700000056398824
9011005021000000,1,55700000063306561,,1,1055700000056398824
9011005021000000,1,55700000063306813,,1,1055700000056398824
9011005021000000,1,55700000063306849,,1,1055700000056398824
9011005021000000,1,55700000063306957,,1,1055700000056398824
9011005021000000,1,55700000063307245,,1,1055700000056398824
9011005021000000,1,55700000063307281,,1,1055700000056398824
9011005021000000,1,55700000063307365,,1,1055700000056398903
9011005021000000,1,55700000063307437,,1,1055700000056398824
9011005021000000,1,55700000063307545,,1,1055700000056398824
9011005021000000,7,55700000063307869,,1,1055700000056398824
9011005021000000,7,55700000063307977,,1,1055700000056398824
9011005021000000,2,55700000063308085,,1,1055700000056398824
9011005021000000,10,55700000063308337,,1,1055700000056398824
9011005021000000,1,55700000063308577,,1,1055700000056398824
9011005021000000,7,55700000063308649,,1,1055700000056398824
9011005021000000,7,55700000063308721,,1,1055700000056398824
9011005021000000,7,55700000063308901,,1,1055700000056398824
9011005021000000,7,55700000063308973,,1,1055700000056398824
9011005021000000,7,55700000063309009,,1,1055700000056398824
9011005021000000,7,55700000063309045,,1,1055700000056398824
9011005021000000,7,55700000063309189,,1,1055700000056398824
9011005021000000,1,55700000063306181,,1,1055700000056398824
9011005021000000,1,55700000063306217,,1,1055700000056398824
9011005021000000,8,55700000063306361,,1,1055700000056398824
9011005021000000,8,55700000063306433,,1,1055700000056398824
9011005021000000,1,55700000063306705,,1,1055700000056398824
9011005021000000,1,55700000063307029,,1,1055700000056398824
9011005021000000,1,55700000063307065,,1,1055700000056398824
9011005021000000,1,55700000063307101,,1,1055700000056398824
9011005021000000,1,55700000063307137,,1,1055700000056398824
9011005021000000,1,55700000063307209,,1,1055700000056398824
9011005021000000,1,55700000063307341,,1,1055700000056398903
9011005021000000,1,55700000063307653,,1,1055700000056398824
9011005021000000,1,55700000063307725,,1,1055700000056398824
9011005021000000,7,55700000063307833,,1,1055700000056398824
9011005021000000,7,55700000063308121,,1,1055700000056398824
9011005021000000,7,55700000063308301,,1,1055700000056398824
9011005021000000,7,55700000063308865,,1,1055700000056398824
9011005021000000,1,55700000063662749,,1,1055700000056398824
9011005021000000,1,55700000063309970,,0,1055700000056398940
9011005021000000,1,55700000063309748,,0,1055700000056398940
9011005021000000,1,55700000063309934,,0,1055700000056398940
9011005021000000,1,55700000063309784,,0,1055700000056398940
9011005021000000,1,55700000063309856,,0,1055700000056398940
9011005021000000,1,55700000063309877,,0,1055700000056398994
9011005021000000,1,55700000063309898,,0,1055700000056398994
9011005021000000,1,55700000063309676,,0,1055700000056399024
9011005021000000,1,55700000063309820,,0,1055700000056398940
9011005021000000,1,55700000065092828,,0,1055700000056398940
9011005021000000,1,55700000065093008,,0,1055700000056398940
9011005021000000,11,55700000065093405,,0,1055700000056398940
9011005021000000,13,55700000065093477,,0,1055700000056398940
9011005021000000,13,55700000065093513,,0,1055700000056398940
9011005021000000,7,55700000065093729,,0,1055700000056398940
9011005021000000,7,55700000065093765,,0,1055700000056398940
9011005021000000,7,55700000065093837,,0,1055700000056398940
9011005021000000,7,55700000065094125,,0,1055700000056398940
9011005021000000,7,55700000065094233,,0,1055700000056398940
9011005021000000,7,55700000065094305,,0,1055700000056398940
9011005021000000,7,55700000065094341,,0,1055700000056398940
9011005021000000,7,55700000065094485,,0,1055700000056398940
9011005021000000,1,55700000065094935,,0,1055700000056398940
9011005021000000,1,55700000065094971,,0,1055700000056398940
9011005021000000,1,55700000065092792,,0,1055700000056398940
9011005021000000,1,55700000065092900,,0,1055700000056398940
9011005021000000,1,55700000065092936,,0,1055700000056398940
9011005021000000,1,55700000065093116,,0,1055700000056398940
9011005021000000,1,55700000065093225,,0,1055700000056398940
9011005021000000,1,55700000065093333,,0,1055700000056398940
9011005021000000,7,55700000065093657,,0,1055700000056398940
9011005021000000,7,55700000065094161,,0,1055700000056398940
9011005021000000,7,55700000065094197,,0,1055700000056398940
9011005021000000,2,55700000065094377,,0,1055700000056398940
9011005021000000,2,55700000065094449,,0,1055700000056398940
9011005021000000,7,55700000065094525,,0,1055700000056398940
9011005021000000,1,55700000065094683,,0,1055700000056398940
9011005021000000,1,55700000065094791,,0,1055700000056398940
9011005021000000,1,55700000065094899,,0,1055700000056398940
9011005021000000,1,55700000065095187,,0,1055700000056398940
9011005021000000,1,55700000065095223,,0,1055700000056398940
9011005021000000,1,55700000065092720,,0,1055700000056398940
9011005021000000,1,55700000065093044,,0,1055700000056398940
9011005021000000,1,55700000065093080,,0,1055700000056398940
9011005021000000,1,55700000065093261,,0,1055700000056398940
9011005021000000,1,55700000065093297,,0,1055700000056398940
9011005021000000,11,55700000065093369,,0,1055700000056398940
9011005021000000,7,55700000065093585,,0,1055700000056398940
9011005021000000,7,55700000065093621,,0,1055700000056398940
9011005021000000,2,55700000065093693,,0,1055700000056398940
9011005021000000,7,55700000065093801,,0,1055700000056398940
9011005021000000,7,55700000065093909,,0,1055700000056398940
9011005021000000,7,55700000065094053,,0,1055700000056398940
9011005021000000,7,55700000065094269,,0,1055700000056398940
9011005021000000,1,55700000065094827,,0,1055700000056398940
9011005021000000,1,55700000065094863,,0,1055700000056398940
9011005021000000,1,55700000065095115,,0,1055700000056398940
9011005021000000,1,55700000065095259,,0,1055700000056398940
9011005021000000,1,55700000065092642,,0,1055700000056398940
9011005021000000,1,55700000065092684,,0,1055700000056398940
9011005021000000,1,55700000065092756,,0,1055700000056398940
9011005021000000,1,55700000065092864,,0,1055700000056398940
9011005021000000,1,55700000065092972,,0,1055700000056398940
9011005021000000,1,55700000065093153,,0,1055700000056398940
9011005021000000,1,55700000065093189,,0,1055700000056398940
9011005021000000,13,55700000065093441,,0,1055700000056398940
9011005021000000,7,55700000065093549,,0,1055700000056398940
9011005021000000,7,55700000065093873,,0,1055700000056398940
9011005021000000,7,55700000065093945,,0,1055700000056398940
9011005021000000,7,55700000065093981,,0,1055700000056398940
9011005021000000,7,55700000065094017,,0,1055700000056398940
9011005021000000,7,55700000065094089,,0,1055700000056398940
9011005021000000,7,55700000065094413,,0,1055700000056398940
9011005021000000,1,55700000065094719,,0,1055700000056398940
9011005021000000,1,55700000065094755,,0,1055700000056398940
9011005021000000,1,55700000065095007,,0,1055700000056398940
9011005021000000,1,55700000065095043,,0,1055700000056398940
9011005021000000,1,55700000065095079,,0,1055700000056398940
9011005021000000,1,55700000065095151,,0,1055700000056398940
9011005021100000,1,55700000063301102,,1,1055700000054747236
9011005021100000,1,55700000063301122,,1,1055700000054747236
9011005021100000,1,55700000063301142,,1,1055700000054747236
9011005021100000,1,55700000063301222,,1,1055700000054747236
9011005021100000,1,55700000063301282,,1,1055700000054747236
9011005021100000,1,55700000063301322,,1,1055700000054747236
9011005021100000,1,55700000063301342,,1,1055700000054747236
9011005021100000,11,55700000063301422,,1,1055700000054747236
9011005021100000,7,55700000063301462,,1,1055700000054747236
9011005021100000,7,55700000063301742,,1,1055700000054747236
9011005021100000,7,55700000063301762,,1,1055700000054747236
9011005021100000,6,55700000063301842,,1,1055700000054747236
9011005021100000,6,55700000063301902,,1,1055700000054747236
9011005021100000,1,55700000063302068,,1,1055700000054747236
9011005021100000,1,55700000063302088,,1,1055700000054747236
9011005021100000,1,55700000063302128,,1,1055700000054747236
9011005021100000,1,55700000063302148,,1,1055700000054747236
9011005021100000,1,55700000063302168,,1,1055700000054747236
9011005021100000,3,55700000063302288,,1,1055700000054747236
9011005021100000,3,55700000063302328,,1,1055700000054747236
9011005021100000,3,55700000063302348,,1,1055700000054747236
9011005021100000,3,55700000063302388,,1,1055700000054747236
9011005021100000,3,55700000063302428,,1,1055700000054747236
9011005021100000,1,55700000063302548,,1,1055700000054747236
9011005021100000,1,55700000063302568,,1,1055700000054747236
9011005021100000,1,55700000063302588,,1,1055700000054747236
9011005021100000,3,55700000063302628,,1,1055700000054747236
9011005021100000,1,55700000063302688,,1,1055700000054747236
9011005021100000,1,55700000063302708,,1,1055700000054747236
9011005021100000,2,55700000063302874,,1,1055700000054747236
9011005021100000,6,55700000063302976,,1,1055700000054747236
9011005021100000,6,55700000063303016,,1,1055700000054747236
9011005021100000,6,55700000063303116,,1,1055700000054747236
9011005021100000,1,55700000063301182,,1,1055700000054747236
9011005021100000,11,55700000063301362,,1,1055700000054747236
9011005021100000,11,55700000063301442,,1,1055700000054747236
9011005021100000,2,55700000063301502,,1,1055700000054747236
9011005021100000,7,55700000063301522,,1,1055700000054747236
9011005021100000,7,55700000063301562,,1,1055700000054747236
9011005021100000,2,55700000063301582,,1,1055700000054747236
9011005021100000,2,55700000063301602,,1,1055700000054747236
9011005021100000,2,55700000063301622,,1,1055700000054747236
9011005021100000,7,55700000063301702,,1,1055700000054747236
9011005021100000,6,55700000063301862,,1,1055700000054747236
9011005021100000,6,55700000063301882,,1,1055700000054747236
9011005021100000,6,55700000063301942,,1,1055700000054747236
9011005021100000,1,55700000063302008,,1,1055700000054747236
9011005021100000,1,55700000063302028,,1,1055700000054747236
9011005021100000,1,55700000063302108,,1,1055700000054747236
9011005021100000,1,55700000063302188,,1,1055700000054747236
9011005021100000,3,55700000063302248,,1,1055700000054747236
9011005021100000,1,55700000063302508,,1,1055700000054747236
9011005021100000,2,55700000063302814,,1,1055700000054747236
9011005021100000,6,55700000063303136,,1,1055700000054747236
9011005021100000,1,55700000063301082,,1,1055700000054747236
9011005021100000,1,55700000063301242,,1,1055700000054747236
9011005021100000,1,55700000063301162,,1,1055700000054747236
9011005021100000,1,55700000063301202,,1,1055700000054747236
9011005021100000,1,55700000063301262,,1,1055700000054747236
9011005021100000,1,55700000063301302,,1,1055700000054747236
9011005021100000,11,55700000063301382,,1,1055700000054747236
9011005021100000,11,55700000063301482,,1,1055700000054747236
9011005021100000,7,55700000063301782,,1,1055700000054747236
9011005021100000,6,55700000063301922,,1,1055700000054747236
9011005021100000,1,55700000063302048,,1,1055700000054747236
9011005021100000,1,55700000063302208,,1,1055700000054747236
9011005021100000,3,55700000063302268,,1,1055700000054747236
9011005021100000,3,55700000063302308,,1,1055700000054747236
9011005021100000,3,55700000063302368,,1,1055700000054747236
9011005021100000,1,55700000063302488,,1,1055700000054747236
9011005021100000,1,55700000063302528,,1,1055700000054747236
9011005021100000,1,55700000063302608,,1,1055700000054747236
9011005021100000,1,55700000063302748,,1,1055700000054747236
9011005021100000,2,55700000063302794,,1,1055700000054747236
9011005021100000,2,55700000063302834,,1,1055700000054747236
9011005021100000,2,55700000063302916,,1,1055700000054747236
9011005021100000,6,55700000063302936,,1,1055700000054747236
9011005021100000,6,55700000063303036,,1,1055700000054747236
9011005021100000,6,55700000063303056,,1,1055700000054747236
9011005021100000,11,55700000063301402,,1,1055700000054747236
9011005021100000,7,55700000063301542,,1,1055700000054747236
9011005021100000,2,55700000063301642,,1,1055700000054747236
9011005021100000,2,55700000063301662,,1,1055700000054747236
9011005021100000,2,55700000063301682,,1,1055700000054747236
9011005021100000,7,55700000063301722,,1,1055700000054747236
9011005021100000,7,55700000063301802,,1,1055700000054747236
9011005021100000,1,55700000063301988,,1,1055700000054747236
9011005021100000,3,55700000063302228,,1,1055700000054747236
9011005021100000,3,55700000063302408,,1,1055700000054747236
9011005021100000,3,55700000063302448,,1,1055700000054747236
9011005021100000,3,55700000063302468,,1,1055700000054747236
9011005021100000,1,55700000063302648,,1,1055700000054747236
9011005021100000,1,55700000063302668,,1,1055700000054747236
9011005021100000,1,55700000063302728,,1,1055700000054747236
9011005021100000,2,55700000063302854,,1,1055700000054747236
9011005021100000,2,55700000063302896,,1,1055700000054747236
9011005021100000,6,55700000063302956,,1,1055700000054747236
9011005021100000,6,55700000063302996,,1,1055700000054747236
9011005021100000,6,55700000063303076,,1,1055700000054747236
9011005021100000,6,55700000063303096,,1,1055700000054747236
9011005021100000,6,55700000063303156,,1,1055700000054747236
9011005021100000,1,55700000063662433,,1,1055700000054747236
9011005021100000,1,55700000063303176,,0,1055700000054747270
9011005021100000,1,55700000063303296,,0,1055700000054747270
9011005021100000,1,55700000063303416,,0,1055700000054747270
9011005021100000,1,55700000063303436,,0,1055700000054747270
9011005021100000,1,55700000063303576,,0,1055700000054747270
9011005021100000,1,55700000063303636,,0,1055700000054747270
9011005021100000,1,55700000063303716,,0,1055700000054747270
9011005021100000,1,55700000063303796,,0,1055700000054747270
9011005021100000,1,55700000063303876,,0,1055700000054747270
9011005021100000,1,55700000063303916,,0,1055700000054747270
9011005021100000,1,55700000063304036,,0,1055700000054747270
9011005021100000,1,55700000063304056,,0,1055700000054747270
9011005021100000,11,55700000063304196,,0,1055700000054747270
9011005021100000,11,55700000063304216,,0,1055700000054747270
9011005021100000,11,55700000063304256,,0,1055700000054747270
9011005021100000,2,55700000063304396,,0,1055700000054747270
9011005021100000,2,55700000063304496,,0,1055700000054747270
9011005021100000,2,55700000063304616,,0,1055700000054747270
9011005021100000,2,55700000063304656,,0,1055700000054747270
9011005021100000,2,55700000063304716,,0,1055700000054747270
9011005021100000,2,55700000063304756,,0,1055700000054747270
9011005021100000,2,55700000063304796,,0,1055700000054747270
9011005021100000,2,55700000063304816,,0,1055700000054747270
9011005021100000,2,55700000063304856,,0,1055700000054747270
9011005021100000,7,55700000063304916,,0,1055700000054747270
9011005021100000,6,55700000063305154,,0,1055700000054747270
9011005021100000,6,55700000063305194,,0,1055700000054747270
9011005021100000,6,55700000063305274,,0,1055700000054747270
9011005021100000,6,55700000063305354,,0,1055700000054747270
9011005021100000,1,55700000063303236,,0,1055700000054747270
9011005021100000,1,55700000063303276,,0,1055700000054747270
9011005021100000,1,55700000063303456,,0,1055700000054747270
9011005021100000,1,55700000063303516,,0,1055700000054747270
9011005021100000,1,55700000063303556,,0,1055700000054747270
9011005021100000,1,55700000063303696,,0,1055700000054747270
9011005021100000,1,55700000063303776,,0,1055700000054747270
9011005021100000,1,55700000063303816,,0,1055700000054747270
9011005021100000,1,55700000063303836,,0,1055700000054747270
9011005021100000,1,55700000063304096,,0,1055700000054747270
9011005021100000,1,55700000063304116,,0,1055700000054747270
9011005021100000,11,55700000063304156,,0,1055700000054747270
9011005021100000,11,55700000063304276,,0,1055700000054747270
9011005021100000,2,55700000063304516,,0,1055700000054747270
9011005021100000,2,55700000063304576,,0,1055700000054747270
9011005021100000,2,55700000063304596,,0,1055700000054747270
9011005021100000,2,55700000063304836,,0,1055700000054747270
9011005021100000,2,55700000063304876,,0,1055700000054747270
9011005021100000,2,55700000063304896,,0,1055700000054747270
9011005021100000,7,55700000063304976,,0,1055700000054747270
9011005021100000,7,55700000063305036,,0,1055700000054747270
9011005021100000,6,55700000063305074,,0,1055700000054747270
9011005021100000,6,55700000063305094,,0,1055700000054747270
9011005021100000,6,55700000063305214,,0,1055700000054747270
9011005021100000,6,55700000063305234,,0,1055700000054747270
9011005021100000,6,55700000063305254,,0,1055700000054747270
9011005021100000,6,55700000063305294,,0,1055700000054747270
9011005021100000,6,55700000063305374,,0,1055700000054747270
9011005021100000,1,55700000063305502,,0,1055700000054747270
9011005021100000,1,55700000063305562,,0,1055700000054747270
9011005021100000,1,55700000063305582,,0,1055700000054747270
9011005021100000,1,55700000063303216,,0,1055700000054747270
9011005021100000,1,55700000063303256,,0,1055700000054747270
9011005021100000,1,55700000063303536,,0,1055700000054747270
9011005021100000,1,55700000063303596,,0,1055700000054747270
9011005021100000,1,55700000063303736,,0,1055700000054747270
9011005021100000,1,55700000063303756,,0,1055700000054747270
9011005021100000,1,55700000063303936,,0,1055700000054747270
9011005021100000,1,55700000063303996,,0,1055700000054747270
9011005021100000,1,55700000063304016,,0,1055700000054747270
9011005021100000,11,55700000063304176,,0,1055700000054747270
9011005021100000,2,55700000063304296,,0,1055700000054747270
9011005021100000,7,55700000063304316,,0,1055700000054747270
9011005021100000,2,55700000063304356,,0,1055700000054747270
9011005021100000,2,55700000063304376,,0,1055700000054747270
9011005021100000,2,55700000063304416,,0,1055700000054747270
9011005021100000,2,55700000063304436,,0,1055700000054747270
9011005021100000,2,55700000063304456,,0,1055700000054747270
9011005021100000,2,55700000063304736,,0,1055700000054747270
9011005021100000,7,55700000063304956,,0,1055700000054747270
9011005021100000,7,55700000063304996,,0,1055700000054747270
9011005021100000,6,55700000063305114,,0,1055700000054747270
9011005021100000,6,55700000063305134,,0,1055700000054747270
9011005021100000,6,55700000063305414,,0,1055700000054747270
9011005021100000,1,55700000063305482,,0,1055700000054747270
9011005021100000,1,55700000063305522,,0,1055700000054747270
9011005021100000,1,55700000063303196,,0,1055700000054747270
9011005021100000,1,55700000063303316,,0,1055700000054747270
9011005021100000,1,55700000063303336,,0,1055700000054747270
9011005021100000,1,55700000063303356,,0,1055700000054747270
9011005021100000,1,55700000063303376,,0,1055700000054747270
9011005021100000,1,55700000063303396,,0,1055700000054747270
9011005021100000,1,55700000063303476,,0,1055700000054747270
9011005021100000,1,55700000063303496,,0,1055700000054747270
9011005021100000,1,55700000063303616,,0,1055700000054747270
9011005021100000,1,55700000063303656,,0,1055700000054747270
9011005021100000,1,55700000063303676,,0,1055700000054747270
9011005021100000,1,55700000063303856,,0,1055700000054747270
9011005021100000,1,55700000063303896,,0,1055700000054747270
9011005021100000,1,55700000063303956,,0,1055700000054747270
9011005021100000,1,55700000063303976,,0,1055700000054747270
9011005021100000,1,55700000063304076,,0,1055700000054747270
9011005021100000,1,55700000063304136,,0,1055700000054747270
9011005021100000,11,55700000063304236,,0,1055700000054747270
9011005021100000,7,55700000063304336,,0,1055700000054747270
9011005021100000,2,55700000063304476,,0,1055700000054747270
9011005021100000,2,55700000063304536,,0,1055700000054747270
9011005021100000,2,55700000063304556,,0,1055700000054747270
9011005021100000,2,55700000063304636,,0,1055700000054747270
9011005021100000,2,55700000063304676,,0,1055700000054747270
9011005021100000,2,55700000063304696,,0,1055700000054747270
9011005021100000,2,55700000063304776,,0,1055700000054747270
9011005021100000,7,55700000063304936,,0,1055700000054747270
9011005021100000,7,55700000063305016,,0,1055700000054747270
9011005021100000,6,55700000063305174,,0,1055700000054747270
9011005021100000,6,55700000063305314,,0,1055700000054747270
9011005021100000,6,55700000063305334,,0,1055700000054747270
9011005021100000,6,55700000063305394,,0,1055700000054747270
9011005021100000,6,55700000063305434,,0,1055700000054747270
9011005021100000,1,55700000063305542,,0,1055700000054747270
9011005021200000,1,55700000065089174,,1,1055700000055333607
9011005021200000,1,55700000065089198,,1,1055700000055333607
9011005021200000,1,55700000065089366,,1,1055700000055333607
9011005021200000,1,55700000065089486,,1,1055700000055333607
9011005021200000,7,55700000065089702,,1,1055700000055333607
9011005021200000,7,55700000065089798,,1,1055700000055333607
9011005021200000,7,55700000065089846,,1,1055700000055333607
9011005021200000,1,55700000065090066,,1,1055700000055333607
9011005021200000,1,55700000065090258,,1,1055700000055333607
9011005021200000,1,55700000065090402,,1,1055700000055333607
9011005021200000,1,55700000065089126,,1,1055700000055333607
9011005021200000,1,55700000065089246,,1,1055700000055333607
9011005021200000,1,55700000065089510,,1,1055700000055333607
9011005021200000,1,55700000065089534,,1,1055700000055333607
9011005021200000,2,55700000065089582,,1,1055700000055333607
9011005021200000,7,55700000065089606,,1,1055700000055333607
9011005021200000,7,55700000065089654,,1,1055700000055333607
9011005021200000,7,55700000065089678,,1,1055700000055333607
9011005021200000,7,55700000065089870,,1,1055700000055333607
9011005021200000,7,55700000065089894,,1,1055700000055333607
9011005021200000,1,55700000065090138,,1,1055700000055333607
9011005021200000,1,55700000065090162,,1,1055700000055333607
9011005021200000,1,55700000065090210,,1,1055700000055333607
9011005021200000,1,55700000065090282,,1,1055700000055333607
9011005021200000,1,55700000065090378,,1,1055700000055333607
9011005021200000,1,55700000065090426,,1,1055700000055333607
9011005021200000,1,55700000065090498,,1,1055700000055333607
9011005021200000,1,55700000065090522,,1,1055700000055333607
9011005021200000,1,55700000065089150,,1,1055700000055333607
9011005021200000,1,55700000065089222,,1,1055700000055333607
9011005021200000,1,55700000065089318,,1,1055700000055333607
9011005021200000,1,55700000065089390,,1,1055700000055333607
9011005021200000,1,55700000065089438,,1,1055700000055333607
9011005021200000,2,55700000065089558,,1,1055700000055333607
9011005021200000,7,55700000065089630,,1,1055700000055333607
9011005021200000,7,55700000065089726,,1,1055700000055333607
9011005021200000,7,55700000065089918,,1,1055700000055333607
9011005021200000,1,55700000065090042,,1,1055700000055333607
9011005021200000,1,55700000065090114,,1,1055700000055333607
9011005021200000,1,55700000065090306,,1,1055700000055333607
9011005021200000,1,55700000065090546,,1,1055700000055333607
9011005021200000,1,55700000065089270,,1,1055700000055333607
9011005021200000,1,55700000065089294,,1,1055700000055333607
9011005021200000,1,55700000065089342,,1,1055700000055333607
9011005021200000,1,55700000065089414,,1,1055700000055333607
9011005021200000,1,55700000065089462,,1,1055700000055333607
9011005021200000,7,55700000065089750,,1,1055700000055333607
9011005021200000,7,55700000065089774,,1,1055700000055333607
9011005021200000,7,55700000065089822,,1,1055700000055333607
9011005021200000,1,55700000065089970,,1,1055700000055333607
9011005021200000,1,55700000065089994,,1,1055700000055333607
9011005021200000,1,55700000065090018,,1,1055700000055333607
9011005021200000,1,55700000065090090,,1,1055700000055333607
9011005021200000,1,55700000065090186,,1,1055700000055333607
9011005021200000,1,55700000065090234,,1,1055700000055333607
9011005021200000,1,55700000065090330,,1,1055700000055333607
9011005021200000,1,55700000065090354,,1,1055700000055333607
9011005021200000,1,55700000065090450,,1,1055700000055333607
9011005021200000,1,55700000065090474,,1,1055700000055333607
9011005021200000,1,55700000065090570,,1,1055700000055333607
9011005021200000,7,55700000065090738,,0,1055700000055333645
9011005021200000,7,55700000065090786,,0,1055700000055333645
9011005021200000,7,55700000065090834,,0,1055700000055333645
9011005021200000,7,55700000065090882,,0,1055700000055333645
9011005021200000,1,55700000065091270,,0,1055700000055333645
9011005021200000,1,55700000065091294,,0,1055700000055333645
9011005021200000,1,55700000065091366,,0,1055700000055333645
9011005021200000,1,55700000065091486,,0,1055700000055333645
9011005021200000,2,55700000065090618,,0,1055700000055333645
9011005021200000,7,55700000065090666,,0,1055700000055333645
9011005021200000,7,55700000065090690,,0,1055700000055333645
9011005021200000,7,55700000065090714,,0,1055700000055333645
9011005021200000,7,55700000065090906,,0,1055700000055333645
9011005021200000,7,55700000065090954,,0,1055700000055333645
9011005021200000,1,55700000065091198,,0,1055700000055333645
9011005021200000,1,55700000065091222,,0,1055700000055333645
9011005021200000,1,55700000065091390,,0,1055700000055333645
9011005021200000,1,55700000065091510,,0,1055700000055333645
9011005021200000,1,55700000065091582,,0,1055700000055333645
9011005021200000,1,55700000065091606,,0,1055700000055333645
9011005021200000,1,55700000065091702,,0,1055700000055333645
9011005021200000,1,55700000065091726,,0,1055700000055333645
9011005021200000,1,55700000065091750,,0,1055700000055333645
9011005021200000,1,55700000065091822,,0,1055700000055333645
9011005021200000,7,55700000065090642,,0,1055700000055333645
9011005021200000,7,55700000065090930,,0,1055700000055333645
9011005021200000,1,55700000065091006,,0,1055700000055333645
9011005021200000,1,55700000065091078,,0,1055700000055333645
9011005021200000,1,55700000065091102,,0,1055700000055333645
9011005021200000,1,55700000065091150,,0,1055700000055333645
9011005021200000,1,55700000065091174,,0,1055700000055333645
9011005021200000,1,55700000065091246,,0,1055700000055333645
9011005021200000,1,55700000065091462,,0,1055700000055333645
9011005021200000,1,55700000065091630,,0,1055700000055333645
9011005021200000,1,55700000065091654,,0,1055700000055333645
9011005021200000,1,55700000065091942,,0,1055700000055333645
9011005021200000,2,55700000065090594,,0,1055700000055333645
9011005021200000,7,55700000065090762,,0,1055700000055333645
9011005021200000,7,55700000065090810,,0,1055700000055333645
9011005021200000,7,55700000065090858,,0,1055700000055333645
9011005021200000,1,55700000065091030,,0,1055700000055333645
9011005021200000,1,55700000065091054,,0,1055700000055333645
9011005021200000,1,55700000065091126,,0,1055700000055333645
9011005021200000,1,55700000065091318,,0,1055700000055333645
9011005021200000,1,55700000065091342,,0,1055700000055333645
9011005021200000,1,55700000065091414,,0,1055700000055333645
9011005021200000,1,55700000065091438,,0,1055700000055333645
9011005021200000,1,55700000065091534,,0,1055700000055333645
9011005021200000,1,55700000065091558,,0,1055700000055333645
9011005021200000,1,55700000065091678,,0,1055700000055333645
9011005021200000,1,55700000065091774,,0,1055700000055333645
9011005021200000,1,55700000065091798,,0,1055700000055333645
9011005021200000,1,55700000065091846,,0,1055700000055333645
9011005021200000,1,55700000065091870,,0,1055700000055333645
9011005021200000,1,55700000065091894,,0,1055700000055333645
9011005021200000,1,55700000065091918,,0,1055700000055333645
9011005021200000,1,55700000065091966,,0,1055700000055333645
9011005021200000,1,55700000065091990,,0,1055700000055333645
9011005021300000,2,55700000065085284,,1,1055700000064676159
9011005021300000,1,55700000065085377,,1,1055700000064676159
9011005021300000,1,55700000065085439,,1,1055700000064676159
9011005021300000,1,55700000065085501,,1,1055700000064676159
9011005021300000,2,55700000065085811,,1,1055700000064676159
9011005021300000,7,55700000065085935,,1,1055700000064676159
9011005021300000,2,55700000065086183,,1,1055700000064676159
9011005021300000,2,55700000065086276,,1,1055700000064676159
9011005021300000,6,55700000065086499,,1,1055700000064676159
9011005021300000,6,55700000065086565,,1,1055700000064676159
9011005021300000,6,55700000065086598,,1,1055700000064676159
9011005021300000,1,55700000065086722,,1,1055700000064676159
9011005021300000,1,55700000065086877,,1,1055700000064676159
9011005021300000,1,55700000065086939,,1,1055700000064676159
9011005021300000,1,55700000065087063,,1,1055700000064676159
9011005021300000,1,55700000065087094,,1,1055700000064676159
9011005021300000,1,55700000065087218,,1,1055700000064676159
9011005021300000,1,55700000065087280,,1,1055700000064676159
9011005021300000,1,55700000065087404,,1,1055700000064676159
9011005021300000,1,55700000065087621,,1,1055700000064676159
9011005021300000,11,55700000065087683,,1,1055700000064676159
9011005021300000,11,55700000065087838,,1,1055700000064676159
9011005021300000,7,55700000065088086,,1,1055700000064676159
9011005021300000,2,55700000065088210,,1,1055700000064676159
9011005021300000,7,55700000065088241,,1,1055700000064676159
9011005021300000,7,55700000065088274,,1,1055700000064676159
9011005021300000,6,55700000065088457,,1,1055700000064676159
9011005021300000,7,55700000065088550,,1,1055700000064676159
9011005021300000,2,55700000065085036,,1,1055700000064676159
9011005021300000,6,55700000065085067,,1,1055700000064676159
9011005021300000,2,55700000065085098,,1,1055700000064676159
9011005021300000,1,55700000065085160,,1,1055700000064676159
9011005021300000,1,55700000065085532,,1,1055700000064676159
9011005021300000,2,55700000065085718,,1,1055700000064676159
9011005021300000,2,55700000065085780,,1,1055700000064676159
9011005021300000,2,55700000065085904,,1,1055700000064676159
9011005021300000,7,55700000065086028,,1,1055700000064676159
9011005021300000,2,55700000065086059,,1,1055700000064676159
9011005021300000,2,55700000065086090,,1,1055700000064676159
9011005021300000,2,55700000065086245,,1,1055700000064676159
9011005021300000,2,55700000065086338,,1,1055700000064676159
9011005021300000,6,55700000065086433,,1,1055700000064676159
9011005021300000,6,55700000065086466,,1,1055700000064676159
9011005021300000,1,55700000065086753,,1,1055700000064676159
9011005021300000,1,55700000065086784,,1,1055700000064676159
9011005021300000,1,55700000065086846,,1,1055700000064676159
9011005021300000,1,55700000065086908,,1,1055700000064676159
9011005021300000,1,55700000065087032,,1,1055700000064676159
9011005021300000,1,55700000065087125,,1,1055700000064676159
9011005021300000,1,55700000065087187,,1,1055700000064676159
9011005021300000,1,55700000065087311,,1,1055700000064676159
9011005021300000,1,55700000065087373,,1,1055700000064676159
9011005021300000,1,55700000065087497,,1,1055700000064676159
9011005021300000,1,55700000065087528,,1,1055700000064676159
9011005021300000,1,55700000065087714,,1,1055700000064676159
9011005021300000,11,55700000065087869,,1,1055700000064676159
9011005021300000,13,55700000065088024,,1,1055700000064676159
9011005021300000,1,55700000065085222,,1,1055700000064676159
9011005021300000,2,55700000065085253,,1,1055700000064676159
9011005021300000,1,55700000065085408,,1,1055700000064676159
9011005021300000,1,55700000065085563,,1,1055700000064676159
9011005021300000,1,55700000065085594,,1,1055700000064676159
9011005021300000,2,55700000065085966,,1,1055700000064676159
9011005021300000,6,55700000065086400,,1,1055700000064676159
9011005021300000,6,55700000065086532,,1,1055700000064676159
9011005021300000,1,55700000065086629,,1,1055700000064676159
9011005021300000,1,55700000065086660,,1,1055700000064676159
9011005021300000,1,55700000065086691,,1,1055700000064676159
9011005021300000,1,55700000065086815,,1,1055700000064676159
9011005021300000,1,55700000065086970,,1,1055700000064676159
9011005021300000,1,55700000065087249,,1,1055700000064676159
9011005021300000,1,55700000065087342,,1,1055700000064676159
9011005021300000,1,55700000065087745,,1,1055700000064676159
9011005021300000,11,55700000065087776,,1,1055700000064676159
9011005021300000,11,55700000065087900,,1,1055700000064676159
9011005021300000,11,55700000065087962,,1,1055700000064676159
9011005021300000,13,55700000065088055,,1,1055700000064676159
9011005021300000,7,55700000065088117,,1,1055700000064676159
9011005021300000,7,55700000065088148,,1,1055700000064676159
9011005021300000,2,55700000065088179,,1,1055700000064676159
9011005021300000,6,55700000065088364,,1,1055700000064676159
9011005021300000,6,55700000065088395,,1,1055700000064676159
9011005021300000,5,55700000065084955,,1,1055700000064676159
9011005021300000,1,55700000065085129,,1,1055700000064676159
9011005021300000,1,55700000065085191,,1,1055700000064676159
9011005021300000,6,55700000065085315,,1,1055700000064676159
9011005021300000,1,55700000065085346,,1,1055700000064676159
9011005021300000,1,55700000065085470,,1,1055700000064676159
9011005021300000,1,55700000065085625,,1,1055700000064676159
9011005021300000,1,55700000065085656,,1,1055700000064676159
9011005021300000,2,55700000065085687,,1,1055700000064676159
9011005021300000,2,55700000065085749,,1,1055700000064676159
9011005021300000,7,55700000065085842,,1,1055700000064676159
9011005021300000,2,55700000065085873,,1,1055700000064676159
9011005021300000,2,55700000065085997,,1,1055700000064676159
9011005021300000,7,55700000065086121,,1,1055700000064676159
9011005021300000,2,55700000065086152,,1,1055700000064676159
9011005021300000,7,55700000065086214,,1,1055700000064676159
9011005021300000,7,55700000065086307,,1,1055700000064676159
9011005021300000,2,55700000065086369,,1,1055700000064676159
9011005021300000,1,55700000065087001,,1,1055700000064676159
9011005021300000,1,55700000065087156,,1,1055700000064676159
9011005021300000,1,55700000065087435,,1,1055700000064676159
9011005021300000,1,55700000065087466,,1,1055700000064676159
9011005021300000,1,55700000065087559,,1,1055700000064676159
9011005021300000,11,55700000065087590,,1,1055700000064676159
9011005021300000,1,55700000065087652,,1,1055700000064676159
9011005021300000,11,55700000065087807,,1,1055700000064676159
9011005021300000,11,55700000065087931,,1,1055700000064676159
9011005021300000,4,55700000065087993,,1,1055700000064676159
9011005021300000,7,55700000065088307,,1,1055700000064676159
9011005021300000,6,55700000065088426,,1,1055700000064676159
9011005021300000,1,55700000065358195,,1,1055700000064676159
9011005021300000,1,55700000065013891,,0,1055700000064676204
9011005021300000,1,55700000065013923,,0,1055700000064676204
9011005021300000,1,55700000065014019,,0,1055700000064676204
9011005021300000,1,55700000065014051,,0,1055700000064676204
9011005021300000,1,55700000065014115,,0,1055700000064676204
9011005021300000,1,55700000065014243,,0,1055700000064676204
9011005021300000,1,55700000065014339,,0,1055700000064676204
9011005021300000,1,55700000065014403,,0,1055700000064676204
9011005021300000,1,55700000065014499,,0,1055700000064676204
9011005021300000,1,55700000065014531,,0,1055700000064676204
9011005021300000,1,55700000065014563,,0,1055700000064676204
9011005021300000,1,55700000065014659,,0,1055700000064676204
9011005021300000,1,55700000065014755,,0,1055700000064676204
9011005021300000,1,55700000065014787,,0,1055700000064676204
9011005021300000,1,55700000065014883,,0,1055700000064676204
9011005021300000,1,55700000065014915,,0,1055700000064676204
9011005021300000,1,55700000065014947,,0,1055700000064676204
9011005021300000,1,55700000065015043,,0,1055700000064676204
9011005021300000,1,55700000065015171,,0,1055700000064676204
9011005021300000,7,55700000065015363,,0,1055700000064676204
9011005021300000,2,55700000065015555,,0,1055700000064676204
9011005021300000,6,55700000065015689,,0,1055700000064676204
9011005021300000,6,55700000065015721,,0,1055700000064676204
9011005021300000,1,55700000065015849,,0,1055700000064676204
9011005021300000,2,55700000065016201,,0,1055700000064676204
9011005021300000,2,55700000065016361,,0,1055700000064676204
9011005021300000,2,55700000065016393,,0,1055700000064676204
9011005021300000,2,55700000065016425,,0,1055700000064676204
9011005021300000,2,55700000065016585,,0,1055700000064676204
9011005021300000,2,55700000065016713,,0,1055700000064676204
9011005021300000,2,55700000065016745,,0,1055700000064676204
9011005021300000,6,55700000065016777,,0,1055700000064676204
9011005021300000,6,55700000065016841,,0,1055700000064676204
9011005021300000,6,55700000065016969,,0,1055700000064676204
9011005021300000,2,55700000065017257,,0,1055700000064676204
9011005021300000,6,55700000065017673,,0,1055700000064676204
9011005021300000,1,55700000065017867,,0,1055700000064676204
9011005021300000,1,55700000065018027,,0,1055700000064676204
9011005021300000,6,55700000065018219,,0,1055700000064676204
9011005021300000,6,55700000065018315,,0,1055700000064676204
9011005021300000,1,55700000065013827,,0,1055700000064676204
9011005021300000,1,55700000065013859,,0,1055700000064676204
9011005021300000,1,55700000065013987,,0,1055700000064676204
9011005021300000,1,55700000065014307,,0,1055700000064676204
9011005021300000,1,55700000065014435,,0,1055700000064676204
9011005021300000,1,55700000065014723,,0,1055700000064676204
9011005021300000,1,55700000065014819,,0,1055700000064676204
9011005021300000,1,55700000065014851,,0,1055700000064676204
9011005021300000,1,55700000065014979,,0,1055700000064676204
9011005021300000,1,55700000065015011,,0,1055700000064676204
9011005021300000,1,55700000065015107,,0,1055700000064676204
9011005021300000,7,55700000065015331,,0,1055700000064676204
9011005021300000,2,55700000065015491,,0,1055700000064676204
9011005021300000,1,55700000065015785,,0,1055700000064676204
9011005021300000,1,55700000065015881,,0,1055700000064676204
9011005021300000,1,55700000065015945,,0,1055700000064676204
9011005021300000,2,55700000065016169,,0,1055700000064676204
9011005021300000,6,55700000065016265,,0,1055700000064676204
9011005021300000,2,55700000065016489,,0,1055700000064676204
9011005021300000,2,55700000065016617,,0,1055700000064676204
9011005021300000,6,55700000065017001,,0,1055700000064676204
9011005021300000,6,55700000065017033,,0,1055700000064676204
9011005021300000,2,55700000065017065,,0,1055700000064676204
9011005021300000,2,55700000065017129,,0,1055700000064676204
9011005021300000,2,55700000065017225,,0,1055700000064676204
9011005021300000,2,55700000065017289,,0,1055700000064676204
9011005021300000,2,55700000065017449,,0,1055700000064676204
9011005021300000,2,55700000065017481,,0,1055700000064676204
9011005021300000,2,55700000065017513,,0,1055700000064676204
9011005021300000,2,55700000065017545,,0,1055700000064676204
9011005021300000,2,55700000065017577,,0,1055700000064676204
9011005021300000,6,55700000065017737,,0,1055700000064676204
9011005021300000,6,55700000065018187,,0,1055700000064676204
9011005021300000,6,55700000065018251,,0,1055700000064676204
9011005021300000,6,55700000065018283,,0,1055700000064676204
9011005021300000,5,55700000065018423,,0,1055700000064676204
9011005021300000,1,55700000065013763,,0,1055700000064676204
9011005021300000,1,55700000065014179,,0,1055700000064676204
9011005021300000,1,55700000065014467,,0,1055700000064676204
9011005021300000,1,55700000065014691,,0,1055700000064676204
9011005021300000,1,55700000065015075,,0,1055700000064676204
9011005021300000,1,55700000065015139,,0,1055700000064676204
9011005021300000,8,55700000065015235,,0,1055700000064676204
9011005021300000,1,55700000065015753,,0,1055700000064676204
9011005021300000,1,55700000065015913,,0,1055700000064676204
9011005021300000,2,55700000065016009,,0,1055700000064676204
9011005021300000,2,55700000065016073,,0,1055700000064676204
9011005021300000,2,55700000065016105,,0,1055700000064676204
9011005021300000,6,55700000065016329,,0,1055700000064676204
9011005021300000,2,55700000065016457,,0,1055700000064676204
9011005021300000,2,55700000065016681,,0,1055700000064676204
9011005021300000,6,55700000065016809,,0,1055700000064676204
9011005021300000,6,55700000065016905,,0,1055700000064676204
9011005021300000,6,55700000065016937,,0,1055700000064676204
9011005021300000,2,55700000065017353,,0,1055700000064676204
9011005021300000,2,55700000065017417,,0,1055700000064676204
9011005021300000,2,55700000065017609,,0,1055700000064676204
9011005021300000,6,55700000065017769,,0,1055700000064676204
9011005021300000,1,55700000065017835,,0,1055700000064676204
9011005021300000,1,55700000065017899,,0,1055700000064676204
9011005021300000,1,55700000065018059,,0,1055700000064676204
9011005021300000,6,55700000065018091,,0,1055700000064676204
9011005021300000,6,55700000065018155,,0,1055700000064676204
9011005021300000,6,55700000065018347,,0,1055700000064676204
9011005021300000,5,55700000065018467,,0,1055700000064676204
9011005021300000,1,55700000065013795,,0,1055700000064676204
9011005021300000,1,55700000065013955,,0,1055700000064676204
9011005021300000,1,55700000065014083,,0,1055700000064676204
9011005021300000,1,55700000065014147,,0,1055700000064676204
9011005021300000,1,55700000065014211,,0,1055700000064676204
9011005021300000,1,55700000065014275,,0,1055700000064676204
9011005021300000,1,55700000065014371,,0,1055700000064676204
9011005021300000,1,55700000065014595,,0,1055700000064676204
9011005021300000,1,55700000065014627,,0,1055700000064676204
9011005021300000,1,55700000065015203,,0,1055700000064676204
9011005021300000,8,55700000065015267,,0,1055700000064676204
9011005021300000,8,55700000065015299,,0,1055700000064676204
9011005021300000,7,55700000065015395,,0,1055700000064676204
9011005021300000,2,55700000065015427,,0,1055700000064676204
9011005021300000,2,55700000065015459,,0,1055700000064676204
9011005021300000,2,55700000065015523,,0,1055700000064676204
9011005021300000,6,55700000065015593,,0,1055700000064676204
9011005021300000,6,55700000065015625,,0,1055700000064676204
9011005021300000,6,55700000065015657,,0,1055700000064676204
9011005021300000,1,55700000065015817,,0,1055700000064676204
9011005021300000,2,55700000065015977,,0,1055700000064676204
9011005021300000,2,55700000065016041,,0,1055700000064676204
9011005021300000,2,55700000065016137,,0,1055700000064676204
9011005021300000,2,55700000065016233,,0,1055700000064676204
9011005021300000,6,55700000065016297,,0,1055700000064676204
9011005021300000,2,55700000065016521,,0,1055700000064676204
9011005021300000,2,55700000065016553,,0,1055700000064676204
9011005021300000,2,55700000065016649,,0,1055700000064676204
9011005021300000,6,55700000065016873,,0,1055700000064676204
9011005021300000,6,55700000065017097,,0,1055700000064676204
9011005021300000,2,55700000065017161,,0,1055700000064676204
9011005021300000,2,55700000065017193,,0,1055700000064676204
9011005021300000,2,55700000065017321,,0,1055700000064676204
9011005021300000,2,55700000065017385,,0,1055700000064676204
9011005021300000,6,55700000065017641,,0,1055700000064676204
9011005021300000,6,55700000065017705,,0,1055700000064676204
9011005021300000,7,55700000065017801,,0,1055700000064676204
9011005021300000,1,55700000065017931,,0,1055700000064676204
9011005021300000,1,55700000065017963,,0,1055700000064676204
9011005021300000,1,55700000065017995,,0,1055700000064676204
9011005021300000,6,55700000065018123,,0,1055700000064676204
9011005021300000,5,55700000065018379,,0,1055700000064676204
9011005021400000,7,55700000065022227,,1,1055700000057577218
9011005021400000,7,55700000065022262,,1,1055700000057577218
9011005021400000,7,55700000065022367,,1,1055700000057577218
9011005021400000,1,55700000065022564,,1,1055700000057577218
9011005021400000,1,55700000065022634,,1,1055700000057577218
9011005021400000,1,55700000065022669,,1,1055700000057577218
9011005021400000,7,55700000065022844,,1,1055700000057577218
9011005021400000,1,55700000065022986,,1,1055700000057577218
9011005021400000,7,55700000065023301,,1,1055700000057577218
9011005021400000,1,55700000065023550,,1,1055700000057577218
9011005021400000,1,55700000065023585,,1,1055700000057577218
9011005021400000,1,55700000065023655,,1,1055700000057577218
9011005021400000,1,55700000065023690,,1,1055700000057577218
9011005021400000,1,55700000065023795,,1,1055700000057577218
9011005021400000,7,55700000065024285,,1,1055700000057577218
9011005021400000,6,55700000065024585,,1,1055700000057577218
9011005021400000,6,55700000065024661,,1,1055700000057577218
9011005021400000,6,55700000065024696,,1,1055700000057577218
9011005021400000,7,55700000065022013,,1,1055700000057577218
9011005021400000,7,55700000065022122,,1,1055700000057577218
9011005021400000,7,55700000065022157,,1,1055700000057577218
9011005021400000,7,55700000065022402,,1,1055700000057577218
9011005021400000,1,55700000065022739,,1,1055700000057577218
9011005021400000,1,55700000065022774,,1,1055700000057577218
9011005021400000,1,55700000065022881,,1,1055700000057577218
9011005021400000,1,55700000065022951,,1,1055700000057577218
9011005021400000,1,55700000065023021,,1,1055700000057577218
9011005021400000,1,55700000065023091,,1,1055700000057577218
9011005021400000,7,55700000065023336,,1,1055700000057577218
9011005021400000,1,55700000065023620,,1,1055700000057577218
9011005021400000,1,55700000065023760,,1,1055700000057577218
9011005021400000,1,55700000065023830,,1,1055700000057577218
9011005021400000,1,55700000065023865,,1,1055700000057577218
9011005021400000,1,55700000065023900,,1,1055700000057577218
9011005021400000,11,55700000065024180,,1,1055700000057577218
9011005021400000,7,55700000065024390,,1,1055700000057577218
9011005021400000,7,55700000065024425,,1,1055700000057577218
9011005021400000,7,55700000065024499,,1,1055700000057577218
9011005021400000,7,55700000065021978,,1,1055700000057577218
9011005021400000,2,55700000065022052,,1,1055700000057577218
9011005021400000,7,55700000065022297,,1,1055700000057577218
9011005021400000,7,55700000065022332,,1,1055700000057577218
9011005021400000,7,55700000065022437,,1,1055700000057577218
9011005021400000,1,55700000065022494,,1,1055700000057577218
9011005021400000,1,55700000065022704,,1,1055700000057577218
9011005021400000,1,55700000065023056,,1,1055700000057577218
9011005021400000,1,55700000065023126,,1,1055700000057577218
9011005021400000,2,55700000065023266,,1,1055700000057577218
9011005021400000,1,55700000065023410,,1,1055700000057577218
9011005021400000,1,55700000065023515,,1,1055700000057577218
9011005021400000,1,55700000065024040,,1,1055700000057577218
9011005021400000,11,55700000065024075,,1,1055700000057577218
9011005021400000,11,55700000065024145,,1,1055700000057577218
9011005021400000,11,55700000065024250,,1,1055700000057577218
9011005021400000,7,55700000065024355,,1,1055700000057577218
9011005021400000,6,55700000065024550,,1,1055700000057577218
9011005021400000,1,55700000065024747,,1,1055700000057577218
9011005021400000,7,55700000065022087,,1,1055700000057577218
9011005021400000,7,55700000065022192,,1,1055700000057577218
9011005021400000,1,55700000065022529,,1,1055700000057577218
9011005021400000,1,55700000065022599,,1,1055700000057577218
9011005021400000,1,55700000065022809,,1,1055700000057577218
9011005021400000,1,55700000065022916,,1,1055700000057577218
9011005021400000,1,55700000065023161,,1,1055700000057577218
9011005021400000,2,55700000065023196,,1,1055700000057577218
9011005021400000,2,55700000065023231,,1,1055700000057577218
9011005021400000,6,55700000065023375,,1,1055700000057577218
9011005021400000,1,55700000065023445,,1,1055700000057577218
9011005021400000,1,55700000065023480,,1,1055700000057577218
9011005021400000,1,55700000065023725,,1,1055700000057577218
9011005021400000,3,55700000065023935,,1,1055700000057577218
9011005021400000,3,55700000065023970,,1,1055700000057577218
9011005021400000,1,55700000065024005,,1,1055700000057577218
9011005021400000,11,55700000065024110,,1,1055700000057577218
9011005021400000,11,55700000065024215,,1,1055700000057577218
9011005021400000,7,55700000065024320,,1,1055700000057577218
9011005021400000,7,55700000065024464,,1,1055700000057577218
9011005021400000,6,55700000065024620,,1,1055700000057577218
9011005021400000,1,55700000063285842,,0,1055700000057577324
9011005021400000,1,55700000065081782,,0,1055700000057577275
9011005021400000,1,55700000065082071,,0,1055700000057577275
9011005021400000,1,55700000065082107,,0,1055700000057577275
9011005021400000,1,55700000065082215,,0,1055700000057577275
9011005021400000,1,55700000065082431,,0,1055700000057577275
9011005021400000,1,55700000065082467,,0,1055700000057577275
9011005021400000,1,55700000065082647,,0,1055700000057577275
9011005021400000,1,55700000065082827,,0,1055700000057577275
9011005021400000,14,55700000065082899,,0,1055700000057577275
9011005021400000,14,55700000065082935,,0,1055700000057577275
9011005021400000,11,55700000065083043,,0,1055700000057577275
9011005021400000,11,55700000065083079,,0,1055700000057577275
9011005021400000,7,55700000065083259,,0,1055700000057577275
9011005021400000,7,55700000065083295,,0,1055700000057577275
9011005021400000,2,55700000065083475,,0,1055700000057577275
9011005021400000,7,55700000065083521,,0,1055700000057577275
9011005021400000,6,55700000065083705,,0,1055700000057577275
9011005021400000,2,55700000065083881,,0,1055700000057577275
9011005021400000,7,55700000065083989,,0,1055700000057577275
9011005021400000,7,55700000065084133,,0,1055700000057577275
9011005021400000,1,55700000065084373,,0,1055700000057577275
9011005021400000,1,55700000065084553,,0,1055700000057577275
9011005021400000,1,55700000065081891,,0,1055700000057577275
9011005021400000,1,55700000065081999,,0,1055700000057577275
9011005021400000,1,55700000065082035,,0,1055700000057577275
9011005021400000,1,55700000065082179,,0,1055700000057577275
9011005021400000,1,55700000065082395,,0,1055700000057577275
9011005021400000,1,55700000065082539,,0,1055700000057577275
9011005021400000,2,55700000065082719,,0,1055700000057577275
9011005021400000,6,55700000065083561,,0,1055700000057577275
9011005021400000,2,55700000065083845,,0,1055700000057577275
9011005021400000,7,55700000065084061,,0,1055700000057577275
9011005021400000,7,55700000065084097,,0,1055700000057577275
9011005021400000,1,55700000065084445,,0,1055700000057577275
9011005021400000,1,55700000065084517,,0,1055700000057577275
9011005021400000,1,55700000065084625,,0,1055700000057577275
9011005021400000,1,55700000065084661,,0,1055700000057577275
9011005021400000,1,55700000065081818,,0,1055700000057577275
9011005021400000,1,55700000065081854,,0,1055700000057577275
9011005021400000,1,55700000065081927,,0,1055700000057577275
9011005021400000,1,55700000065081963,,0,1055700000057577275
9011005021400000,1,55700000065082143,,0,1055700000057577275
9011005021400000,1,55700000065082251,,0,1055700000057577275
9011005021400000,1,55700000065082287,,0,1055700000057577275
9011005021400000,1,55700000065082359,,0,1055700000057577275
9011005021400000,1,55700000065082503,,0,1055700000057577275
9011005021400000,1,55700000065082683,,0,1055700000057577275
9011005021400000,2,55700000065082755,,0,1055700000057577275
9011005021400000,11,55700000065082971,,0,1055700000057577275
9011005021400000,11,55700000065083007,,0,1055700000057577275
9011005021400000,1,55700000065083151,,0,1055700000057577275
9011005021400000,11,55700000065083187,,0,1055700000057577275
9011005021400000,7,55700000065083223,,0,1055700000057577275
9011005021400000,7,55700000065083331,,0,1055700000057577275
9011005021400000,7,55700000065083367,,0,1055700000057577275
9011005021400000,7,55700000065083403,,0,1055700000057577275
9011005021400000,2,55700000065083439,,0,1055700000057577275
9011005021400000,6,55700000065083597,,0,1055700000057577275
9011005021400000,6,55700000065083633,,0,1055700000057577275
9011005021400000,7,55700000065083769,,0,1055700000057577275
9011005021400000,7,55700000065083805,,0,1055700000057577275
9011005021400000,7,55700000065083917,,0,1055700000057577275
9011005021400000,7,55700000065084025,,0,1055700000057577275
9011005021400000,7,55700000065084313,,0,1055700000057577275
9011005021400000,1,55700000065084409,,0,1055700000057577275
9011005021400000,1,55700000065082323,,0,1055700000057577275
9011005021400000,1,55700000065082575,,0,1055700000057577275
9011005021400000,1,55700000065082611,,0,1055700000057577275
9011005021400000,2,55700000065082791,,0,1055700000057577275
9011005021400000,1,55700000065082863,,0,1055700000057577275
9011005021400000,11,55700000065083115,,0,1055700000057577275
9011005021400000,6,55700000065083669,,0,1055700000057577275
9011005021400000,7,55700000065083953,,0,1055700000057577275
9011005021400000,7,55700000065084169,,0,1055700000057577275
9011005021400000,7,55700000065084205,,0,1055700000057577275
9011005021400000,7,55700000065084241,,0,1055700000057577275
9011005021400000,7,55700000065084277,,0,1055700000057577275
9011005021400000,1,55700000065084481,,0,1055700000057577275
9011005021400000,1,55700000065084589,,0,1055700000057577275
9011005021500000,1,55700000063278644,,1,1055700000054732525
9011005021500000,1,55700000063278864,,1,1055700000054732525
9011005021500000,1,55700000063278888,,1,1055700000054732525
9011005021500000,1,55700000063278984,,1,1055700000054732525
9011005021500000,6,55700000063279104,,1,1055700000054732525
9011005021500000,1,55700000063279224,,1,1055700000054732525
9011005021500000,2,55700000063279416,,1,1055700000054732525
9011005021500000,7,55700000063279536,,1,1055700000054732525
9011005021500000,7,55700000063279560,,1,1055700000054732525
9011005021500000,7,55700000063279608,,1,1055700000054732525
9011005021500000,7,55700000063279656,,1,1055700000054732525
9011005021500000,1,55700000063279700,,1,1055700000054732525
9011005021500000,1,55700000063279748,,1,1055700000054732525
9011005021500000,1,55700000063279796,,1,1055700000054732525
9011005021500000,1,55700000063279820,,1,1055700000054732525
9011005021500000,3,55700000063279966,,1,1055700000054732525
9011005021500000,11,55700000063280062,,1,1055700000054732525
9011005021500000,7,55700000063280158,,1,1055700000054732525
9011005021500000,2,55700000063280230,,1,1055700000054732525
9011005021500000,2,55700000063280278,,1,1055700000054732525
9011005021500000,6,55700000063280536,,1,1055700000054732525
9011005021500000,7,55700000063278716,,1,1055700000054732525
9011005021500000,6,55700000063278768,,1,1055700000054732525
9011005021500000,6,55700000063278792,,1,1055700000054732525
9011005021500000,1,55700000063279056,,1,1055700000054732525
9011005021500000,1,55700000063279200,,1,1055700000054732525
9011005021500000,1,55700000063279296,,1,1055700000054732525
9011005021500000,1,55700000063279368,,1,1055700000054732525
9011005021500000,1,55700000063279392,,1,1055700000054732525
9011005021500000,7,55700000063279464,,1,1055700000054732525
9011005021500000,1,55700000063279772,,1,1055700000054732525
9011005021500000,1,55700000063279844,,1,1055700000054732525
9011005021500000,1,55700000063279892,,1,1055700000054732525
9011005021500000,7,55700000063279916,,1,1055700000054732525
9011005021500000,11,55700000063280038,,1,1055700000054732525
9011005021500000,2,55700000063280254,,1,1055700000054732525
9011005021500000,7,55700000063280302,,1,1055700000054732525
9011005021500000,7,55700000063280374,,1,1055700000054732525
9011005021500000,6,55700000063280486,,1,1055700000054732525
9011005021500000,1,55700000063652579,,1,1055700000054732525
9011005021500000,1,55700000063278668,,1,1055700000054732525
9011005021500000,1,55700000063278692,,1,1055700000054732525
9011005021500000,7,55700000063278740,,1,1055700000054732525
9011005021500000,1,55700000063278816,,1,1055700000054732525
9011005021500000,1,55700000063278912,,1,1055700000054732525
9011005021500000,1,55700000063278960,,1,1055700000054732525
9011005021500000,1,55700000063279032,,1,1055700000054732525
9011005021500000,1,55700000063279248,,1,1055700000054732525
9011005021500000,1,55700000063279272,,1,1055700000054732525
9011005021500000,1,55700000063279344,,1,1055700000054732525
9011005021500000,7,55700000063279440,,1,1055700000054732525
9011005021500000,7,55700000063279488,,1,1055700000054732525
9011005021500000,7,55700000063279512,,1,1055700000054732525
9011005021500000,7,55700000063279584,,1,1055700000054732525
9011005021500000,7,55700000063279632,,1,1055700000054732525
9011005021500000,1,55700000063280014,,1,1055700000054732525
9011005021500000,7,55700000063280326,,1,1055700000054732525
9011005021500000,7,55700000063280350,,1,1055700000054732525
9011005021500000,7,55700000063280402,,1,1055700000054732525
9011005021500000,7,55700000063280426,,1,1055700000054732525
9011005021500000,6,55700000063280462,,1,1055700000054732525
9011005021500000,6,55700000063280510,,1,1055700000054732525
9011005021500000,6,55700000063280568,,1,1055700000054732525
9011005021500000,1,55700000063278840,,1,1055700000054732525
9011005021500000,1,55700000063278936,,1,1055700000054732525
9011005021500000,1,55700000063279008,,1,1055700000054732525
9011005021500000,2,55700000063279080,,1,1055700000054732525
9011005021500000,1,55700000063279128,,1,1055700000054732525
9011005021500000,1,55700000063279152,,1,1055700000054732525
9011005021500000,1,55700000063279176,,1,1055700000054732525
9011005021500000,1,55700000063279724,,1,1055700000054732525
9011005021500000,1,55700000063279868,,1,1055700000054732525
9011005021500000,11,55700000063279942,,1,1055700000054732525
9011005021500000,1,55700000063279990,,1,1055700000054732525
9011005021500000,11,55700000063280086,,1,1055700000054732525
9011005021500000,11,55700000063280110,,1,1055700000054732525
9011005021500000,11,55700000063280134,,1,1055700000054732525
9011005021500000,2,55700000063280182,,1,1055700000054732525
9011005021500000,2,55700000063280206,,1,1055700000054732525
9011005021500000,1,55700000063652518,,1,1055700000054732525
9011005021500000,14,55700000063280632,,0,1055700000054732563
9011005021500000,11,55700000063280752,,0,1055700000054732563
9011005021500000,11,55700000063280800,,0,1055700000054732563
9011005021500000,7,55700000063280944,,0,1055700000054732563
9011005021500000,7,55700000063280968,,0,1055700000054732563
9011005021500000,2,55700000063280992,,0,1055700000054732563
9011005021500000,2,55700000063281016,,0,1055700000054732563
9011005021500000,1,55700000063281320,,0,1055700000054732563
9011005021500000,1,55700000063281440,,0,1055700000054732563
9011005021500000,1,55700000063281488,,0,1055700000054732563
9011005021500000,1,55700000063281512,,0,1055700000054732563
9011005021500000,1,55700000063281560,,0,1055700000054732563
9011005021500000,1,55700000063281656,,0,1055700000054732563
9011005021500000,7,55700000063281800,,0,1055700000054732563
9011005021500000,7,55700000063281872,,0,1055700000054732563
9011005021500000,7,55700000063282016,,0,1055700000054732563
9011005021500000,7,55700000063282040,,0,1055700000054732563
9011005021500000,1,55700000063282184,,0,1055700000054732563
9011005021500000,1,55700000063282232,,0,1055700000054732563
9011005021500000,1,55700000063282304,,0,1055700000054732563
9011005021500000,1,55700000063282328,,0,1055700000054732563
9011005021500000,1,55700000063280608,,0,1055700000054732563
9011005021500000,11,55700000063280728,,0,1055700000054732563
9011005021500000,1,55700000063281104,,0,1055700000054732563
9011005021500000,1,55700000063281152,,0,1055700000054732563
9011005021500000,1,55700000063281272,,0,1055700000054732563
9011005021500000,1,55700000063281296,,0,1055700000054732563
9011005021500000,1,55700000063281344,,0,1055700000054732563
9011005021500000,1,55700000063281368,,0,1055700000054732563
9011005021500000,1,55700000063281608,,0,1055700000054732563
9011005021500000,7,55700000063281776,,0,1055700000054732563
9011005021500000,7,55700000063281848,,0,1055700000054732563
9011005021500000,6,55700000063282088,,0,1055700000054732563
9011005021500000,1,55700000063282280,,0,1055700000054732563
9011005021500000,2,55700000063282428,,0,1055700000054732563
9011005021500000,2,55700000063282452,,0,1055700000054732563
9011005021500000,6,55700000063282502,,0,1055700000054732563
9011005021500000,6,55700000063282550,,0,1055700000054732563
9011005021500000,11,55700000063280680,,0,1055700000054732563
9011005021500000,11,55700000063280704,,0,1055700000054732563
9011005021500000,11,55700000063280776,,0,1055700000054732563
9011005021500000,6,55700000063281054,,0,1055700000054732563
9011005021500000,1,55700000063281128,,0,1055700000054732563
9011005021500000,1,55700000063281176,,0,1055700000054732563
9011005021500000,1,55700000063281224,,0,1055700000054732563
9011005021500000,1,55700000063281248,,0,1055700000054732563
9011005021500000,1,55700000063281392,,0,1055700000054732563
9011005021500000,1,55700000063281416,,0,1055700000054732563
9011005021500000,1,55700000063281464,,0,1055700000054732563
9011005021500000,1,55700000063281536,,0,1055700000054732563
9011005021500000,1,55700000063281632,,0,1055700000054732563
9011005021500000,1,55700000063281680,,0,1055700000054732563
9011005021500000,2,55700000063281728,,0,1055700000054732563
9011005021500000,7,55700000063281896,,0,1055700000054732563
9011005021500000,7,55700000063281920,,0,1055700000054732563
9011005021500000,7,55700000063281944,,0,1055700000054732563
9011005021500000,1,55700000063282112,,0,1055700000054732563
9011005021500000,1,55700000063282136,,0,1055700000054732563
9011005021500000,1,55700000063282208,,0,1055700000054732563
9011005021500000,7,55700000063282352,,0,1055700000054732563
9011005021500000,14,55700000063280656,,0,1055700000054732563
9011005021500000,11,55700000063280824,,0,1055700000054732563
9011005021500000,2,55700000063280848,,0,1055700000054732563
9011005021500000,2,55700000063280872,,0,1055700000054732563
9011005021500000,7,55700000063280896,,0,1055700000054732563
9011005021500000,7,55700000063280920,,0,1055700000054732563
9011005021500000,1,55700000063281200,,0,1055700000054732563
9011005021500000,1,55700000063281584,,0,1055700000054732563
9011005021500000,1,55700000063281704,,0,1055700000054732563
9011005021500000,2,55700000063281752,,0,1055700000054732563
9011005021500000,7,55700000063281824,,0,1055700000054732563
9011005021500000,7,55700000063281968,,0,1055700000054732563
9011005021500000,7,55700000063281992,,0,1055700000054732563
9011005021500000,1,55700000063282160,,0,1055700000054732563
9011005021500000,1,55700000063282256,,0,1055700000054732563
9011005021500000,7,55700000063282376,,0,1055700000054732563
9011005021500000,7,55700000063282404,,0,1055700000054732563
9011005021500000,6,55700000063282478,,0,1055700000054732563
9011005021500000,6,55700000063282526,,0,1055700000054732563
9011005021600000,11,55700000064498782,,1,1055700000056367727
9011005021600000,11,55700000064498817,,1,1055700000056367727
9011005021600000,7,55700000064498874,,1,1055700000056367727
9011005021600000,7,55700000064498909,,1,1055700000056367727
9011005021600000,7,55700000064498979,,1,1055700000056367727
9011005021600000,1,55700000064499073,,1,1055700000056367727
9011005021600000,1,55700000064499178,,1,1055700000056367727
9011005021600000,1,55700000064499283,,1,1055700000056367727
9011005021600000,1,55700000064499353,,1,1055700000056367727
9011005021600000,1,55700000064499493,,1,1055700000056367727
9011005021600000,1,55700000064499633,,1,1055700000056367727
9011005021600000,1,55700000064499738,,1,1055700000056367727
9011005021600000,11,55700000064499808,,1,1055700000056367727
9011005021600000,11,55700000064500018,,1,1055700000056367727
9011005021600000,7,55700000064500193,,1,1055700000056367727
9011005021600000,7,55700000064500333,,1,1055700000056367727
9011005021600000,7,55700000064500368,,1,1055700000056367727
9011005021600000,6,55700000064500579,,1,1055700000056367727
9011005021600000,11,55700000064498607,,1,1055700000056367727
9011005021600000,11,55700000064498642,,1,1055700000056367727
9011005021600000,11,55700000064498712,,1,1055700000056367727
9011005021600000,7,55700000064498944,,1,1055700000056367727
9011005021600000,7,55700000064499014,,1,1055700000056367727
9011005021600000,1,55700000064499213,,1,1055700000056367727
9011005021600000,1,55700000064499248,,1,1055700000056367727
9011005021600000,1,55700000064499458,,1,1055700000056367727
9011005021600000,1,55700000064499668,,1,1055700000056367727
9011005021600000,11,55700000064499878,,1,1055700000056367727
9011005021600000,11,55700000064499913,,1,1055700000056367727
9011005021600000,11,55700000064500053,,1,1055700000056367727
9011005021600000,11,55700000064500088,,1,1055700000056367727
9011005021600000,11,55700000064500228,,1,1055700000056367727
9011005021600000,2,55700000064500403,,1,1055700000056367727
9011005021600000,6,55700000064500614,,1,1055700000056367727
9011005021600000,3,55700000064498467,,1,1055700000056367727
9011005021600000,3,55700000064498537,,1,1055700000056367727
9011005021600000,3,55700000064498572,,1,1055700000056367727
9011005021600000,11,55700000064498747,,1,1055700000056367727
9011005021600000,1,55700000064499143,,1,1055700000056367727
9011005021600000,1,55700000064499528,,1,1055700000056367727
9011005021600000,1,55700000064499563,,1,1055700000056367727
9011005021600000,1,55700000064499703,,1,1055700000056367727
9011005021600000,11,55700000064500123,,1,1055700000056367727
9011005021600000,13,55700000064500263,,1,1055700000056367727
9011005021600000,6,55700000064500684,,1,1055700000056367727
9011005021600000,3,55700000064498502,,1,1055700000056367727
9011005021600000,11,55700000064498677,,1,1055700000056367727
9011005021600000,1,55700000064499108,,1,1055700000056367727
9011005021600000,1,55700000064499318,,1,1055700000056367727
9011005021600000,1,55700000064499388,,1,1055700000056367727
9011005021600000,1,55700000064499423,,1,1055700000056367727
9011005021600000,1,55700000064499598,,1,1055700000056367727
9011005021600000,1,55700000064499773,,1,1055700000056367727
9011005021600000,11,55700000064499843,,1,1055700000056367727
9011005021600000,11,55700000064499948,,1,1055700000056367727
9011005021600000,11,55700000064499983,,1,1055700000056367727
9011005021600000,11,55700000064500158,,1,1055700000056367727
9011005021600000,13,55700000064500298,,1,1055700000056367727
9011005021600000,7,55700000064500438,,1,1055700000056367727
9011005021600000,7,55700000064500473,,1,1055700000056367727
9011005021600000,7,55700000064500508,,1,1055700000056367727
9011005021600000,6,55700000064500649,,1,1055700000056367727
9011005021600000,1,55700000064672111,,1,1055700000056367727
9011005021600000,1,55700000063277681,,0,1055700000058628164
9011005021600000,1,55700000065008494,,0,1055700000056367781
9011005021600000,1,55700000065008775,,0,1055700000056367781
9011005021600000,1,55700000065008880,,0,1055700000056367781
9011005021600000,1,55700000065008915,,0,1055700000056367781
9011005021600000,1,55700000065009125,,0,1055700000056367781
9011005021600000,1,55700000065009160,,0,1055700000056367781
9011005021600000,1,55700000065009195,,0,1055700000056367781
9011005021600000,1,55700000065009545,,0,1055700000056367781
9011005021600000,11,55700000065010000,,0,1055700000056367781
9011005021600000,2,55700000065010175,,0,1055700000056367781
9011005021600000,7,55700000065010210,,0,1055700000056367781
9011005021600000,6,55700000065010493,,0,1055700000056367781
9011005021600000,6,55700000065010528,,0,1055700000056367781
9011005021600000,6,55700000065010738,,0,1055700000056367781
9011005021600000,2,55700000065011184,,0,1055700000056367781
9011005021600000,2,55700000065011254,,0,1055700000056367781
9011005021600000,2,55700000065011324,,0,1055700000056367781
9011005021600000,2,55700000065011429,,0,1055700000056367781
9011005021600000,1,55700000065008529,,0,1055700000056367781
9011005021600000,1,55700000065008564,,0,1055700000056367781
9011005021600000,1,55700000065008599,,0,1055700000056367781
9011005021600000,1,55700000065008669,,0,1055700000056367781
9011005021600000,1,55700000065008740,,0,1055700000056367781
9011005021600000,1,55700000065009230,,0,1055700000056367781
9011005021600000,1,55700000065009265,,0,1055700000056367781
9011005021600000,1,55700000065009370,,0,1055700000056367781
9011005021600000,11,55700000065009615,,0,1055700000056367781
9011005021600000,11,55700000065009685,,0,1055700000056367781
9011005021600000,11,55700000065009790,,0,1055700000056367781
9011005021600000,11,55700000065009825,,0,1055700000056367781
9011005021600000,11,55700000065009965,,0,1055700000056367781
9011005021600000,13,55700000065010070,,0,1055700000056367781
9011005021600000,7,55700000065010245,,0,1055700000056367781
9011005021600000,6,55700000065010388,,0,1055700000056367781
9011005021600000,1,55700000065008810,,0,1055700000056367781
9011005021600000,1,55700000065008845,,0,1055700000056367781
9011005021600000,1,55700000065009090,,0,1055700000056367781
9011005021600000,1,55700000065009300,,0,1055700000056367781
9011005021600000,1,55700000065009335,,0,1055700000056367781
9011005021600000,1,55700000065009440,,0,1055700000056367781
9011005021600000,1,55700000065009510,,0,1055700000056367781
9011005021600000,11,55700000065009720,,0,1055700000056367781
9011005021600000,11,55700000065009755,,0,1055700000056367781
9011005021600000,11,55700000065009930,,0,1055700000056367781
9011005021600000,13,55700000065010105,,0,1055700000056367781
9011005021600000,7,55700000065010280,,0,1055700000056367781
9011005021600000,6,55700000065010843,,0,1055700000056367781
9011005021600000,2,55700000065010939,,0,1055700000056367781
9011005021600000,2,55700000065011009,,0,1055700000056367781
9011005021600000,2,55700000065011079,,0,1055700000056367781
9011005021600000,2,55700000065011114,,0,1055700000056367781
9011005021600000,1,55700000065008634,,0,1055700000056367781
9011005021600000,1,55700000065008705,,0,1055700000056367781
9011005021600000,1,55700000065008950,,0,1055700000056367781
9011005021600000,1,55700000065008985,,0,1055700000056367781
9011005021600000,1,55700000065009020,,0,1055700000056367781
9011005021600000,1,55700000065009055,,0,1055700000056367781
9011005021600000,1,55700000065009405,,0,1055700000056367781
9011005021600000,1,55700000065009475,,0,1055700000056367781
9011005021600000,1,55700000065009580,,0,1055700000056367781
9011005021600000,11,55700000065009650,,0,1055700000056367781
9011005021600000,11,55700000065009860,,0,1055700000056367781
9011005021600000,11,55700000065009895,,0,1055700000056367781
9011005021600000,11,55700000065010035,,0,1055700000056367781
9011005021600000,7,55700000065010140,,0,1055700000056367781
9011005021600000,6,55700000065010353,,0,1055700000056367781
9011005021600000,6,55700000065010423,,0,1055700000056367781
9011005021600000,6,55700000065010458,,0,1055700000056367781
9011005021600000,6,55700000065010598,,0,1055700000056367781
9011005021600000,6,55700000065010703,,0,1055700000056367781
9011005021600000,6,55700000065010878,,0,1055700000056367781
9011005021600000,2,55700000065010974,,0,1055700000056367781
9011005021600000,2,55700000065011149,,0,1055700000056367781
9011005021600000,2,55700000065011289,,0,1055700000056367781
9011005021600000,2,55700000065011394,,0,1055700000056367781
9011005021600000,2,55700000065011464,,0,1055700000056367781
9011005021600000,6,55700000065010563,,0,1055700000056367781
9011005021600000,6,55700000065010633,,0,1055700000056367781
9011005021600000,6,55700000065010668,,0,1055700000056367781
9011005021600000,6,55700000065010773,,0,1055700000056367781
9011005021600000,6,55700000065010808,,0,1055700000056367781
9011005021600000,2,55700000065011044,,0,1055700000056367781
9011005021600000,2,55700000065011219,,0,1055700000056367781
9011005021600000,2,55700000065011359,,0,1055700000056367781
9011005021700000,7,55700000064494470,,1,1055700000061356082
9011005021700000,6,55700000064494596,,1,1055700000061356082
9011005021700000,1,55700000064494654,,1,1055700000061356082
9011005021700000,1,55700000064494741,,1,1055700000061356082
9011005021700000,1,55700000064494857,,1,1055700000061356082
9011005021700000,11,55700000064495176,,1,1055700000061356082
9011005021700000,11,55700000064495350,,1,1055700000061356082
9011005021700000,6,55700000064495432,,1,1055700000061356082
9011005021700000,1,55700000064495543,,1,1055700000061356082
9011005021700000,1,55700000064495688,,1,1055700000061356082
9011005021700000,1,55700000064495717,,1,1055700000061356082
9011005021700000,11,55700000064495862,,1,1055700000061356082
9011005021700000,11,55700000064495920,,1,1055700000061356082
9011005021700000,11,55700000064495949,,1,1055700000061356082
9011005021700000,1,55700000064494683,,1,1055700000061356082
9011005021700000,1,55700000064494770,,1,1055700000061356082
9011005021700000,1,55700000064494799,,1,1055700000061356082
9011005021700000,11,55700000064495089,,1,1055700000061356082
9011005021700000,11,55700000064495118,,1,1055700000061356082
9011005021700000,11,55700000064495321,,1,1055700000061356082
9011005021700000,2,55700000064495379,,1,1055700000061356082
9011005021700000,1,55700000064495485,,1,1055700000061356082
9011005021700000,1,55700000064495572,,1,1055700000061356082
9011005021700000,1,55700000064495630,,1,1055700000061356082
9011005021700000,1,55700000064495659,,1,1055700000061356082
9011005021700000,3,55700000064495746,,1,1055700000061356082
9011005021700000,7,55700000064496110,,1,1055700000061356082
9011005021700000,7,55700000064496226,,1,1055700000061356082
9011005021700000,7,55700000064494412,,1,1055700000061356082
9011005021700000,7,55700000064494499,,1,1055700000061356082
9011005021700000,7,55700000064494557,,1,1055700000061356082
9011005021700000,6,55700000064494625,,1,1055700000061356082
9011005021700000,1,55700000064494712,,1,1055700000061356082
9011005021700000,1,55700000064494886,,1,1055700000061356082
9011005021700000,1,55700000064495002,,1,1055700000061356082
9011005021700000,11,55700000064495147,,1,1055700000061356082
9011005021700000,11,55700000064495234,,1,1055700000061356082
9011005021700000,11,55700000064495263,,1,1055700000061356082
9011005021700000,11,55700000064495292,,1,1055700000061356082
9011005021700000,1,55700000064495601,,1,1055700000061356082
9011005021700000,11,55700000064495891,,1,1055700000061356082
9011005021700000,7,55700000064496052,,1,1055700000061356082
9011005021700000,7,55700000064496139,,1,1055700000061356082
9011005021700000,2,55700000064494441,,1,1055700000061356082
9011005021700000,7,55700000064494528,,1,1055700000061356082
9011005021700000,1,55700000064494828,,1,1055700000061356082
9011005021700000,1,55700000064494915,,1,1055700000061356082
9011005021700000,1,55700000064494944,,1,1055700000061356082
9011005021700000,1,55700000064494973,,1,1055700000061356082
9011005021700000,11,55700000064495031,,1,1055700000061356082
9011005021700000,11,55700000064495060,,1,1055700000061356082
9011005021700000,11,55700000064495205,,1,1055700000061356082
9011005021700000,1,55700000064495514,,1,1055700000061356082
9011005021700000,3,55700000064495775,,1,1055700000061356082
9011005021700000,11,55700000064495804,,1,1055700000061356082
9011005021700000,11,55700000064495833,,1,1055700000061356082
9011005021700000,1,55700000064495978,,1,1055700000061356082
9011005021700000,7,55700000064496023,,1,1055700000061356082
9011005021700000,7,55700000064496081,,1,1055700000061356082
9011005021700000,7,55700000064496168,,1,1055700000061356082
9011005021700000,7,55700000064496197,,1,1055700000061356082
9011005021700000,3,55700000064496282,,0,1055700000061356130
9011005021700000,11,55700000064496394,,0,1055700000061356130
9011005021700000,11,55700000064496450,,0,1055700000061356130
9011005021700000,11,55700000064496478,,0,1055700000061356130
9011005021700000,11,55700000064496506,,0,1055700000061356130
9011005021700000,11,55700000064496534,,0,1055700000061356130
9011005021700000,1,55700000064496618,,0,1055700000061356130
9011005021700000,1,55700000064496702,,0,1055700000061356130
9011005021700000,1,55700000064496814,,0,1055700000061356130
9011005021700000,7,55700000064496892,,0,1055700000061356130
9011005021700000,11,55700000064497252,,0,1055700000061356130
9011005021700000,7,55700000064497280,,0,1055700000061356130
9011005021700000,7,55700000064497336,,0,1055700000061356130
9011005021700000,7,55700000064497420,,0,1055700000061356130
9011005021700000,6,55700000064497500,,0,1055700000061356130
9011005021700000,6,55700000064497556,,0,1055700000061356130
9011005021700000,1,55700000064497788,,0,1055700000061356130
9011005021700000,1,55700000064497844,,0,1055700000061356130
9011005021700000,1,55700000064497900,,0,1055700000061356130
9011005021700000,1,55700000064497984,,0,1055700000061356130
9011005021700000,3,55700000064496366,,0,1055700000061356130
9011005021700000,1,55700000064496786,,0,1055700000061356130
9011005021700000,1,55700000064496842,,0,1055700000061356130
9011005021700000,7,55700000064496920,,0,1055700000061356130
9011005021700000,7,55700000064496948,,0,1055700000061356130
9011005021700000,7,55700000064497004,,0,1055700000061356130
9011005021700000,11,55700000064497056,,0,1055700000061356130
9011005021700000,11,55700000064497112,,0,1055700000061356130
9011005021700000,11,55700000064497140,,0,1055700000061356130
9011005021700000,11,55700000064497196,,0,1055700000061356130
9011005021700000,2,55700000064497308,,0,1055700000061356130
9011005021700000,1,55700000064497816,,0,1055700000061356130
9011005021700000,1,55700000064497928,,0,1055700000061356130
9011005021700000,1,55700000064497956,,0,1055700000061356130
9011005021700000,1,55700000064498068,,0,1055700000061356130
9011005021700000,3,55700000064496310,,0,1055700000061356130
9011005021700000,3,55700000064496338,,0,1055700000061356130
9011005021700000,11,55700000064496562,,0,1055700000061356130
9011005021700000,1,55700000064496646,,0,1055700000061356130
9011005021700000,1,55700000064496674,,0,1055700000061356130
9011005021700000,1,55700000064496730,,0,1055700000061356130
9011005021700000,1,55700000064496758,,0,1055700000061356130
9011005021700000,7,55700000064496976,,0,1055700000061356130
9011005021700000,11,55700000064497084,,0,1055700000061356130
9011005021700000,6,55700000064497528,,0,1055700000061356130
9011005021700000,11,55700000064497656,,0,1055700000061356130
9011005021700000,11,55700000064497684,,0,1055700000061356130
9011005021700000,11,55700000064496422,,0,1055700000061356130
9011005021700000,1,55700000064496590,,0,1055700000061356130
9011005021700000,11,55700000064497168,,0,1055700000061356130
9011005021700000,11,55700000064497224,,0,1055700000061356130
9011005021700000,2,55700000064497364,,0,1055700000061356130
9011005021700000,7,55700000064497392,,0,1055700000061356130
9011005021700000,6,55700000064497472,,0,1055700000061356130
9011005021700000,11,55700000064497600,,0,1055700000061356130
9011005021700000,11,55700000064497628,,0,1055700000061356130
9011005021700000,7,55700000064497712,,0,1055700000061356130
9011005021700000,7,55700000064497740,,0,1055700000061356130
9011005021700000,1,55700000064497872,,0,1055700000061356130
9011005021700000,1,55700000064498012,,0,1055700000061356130
9011005021700000,1,55700000064498040,,0,1055700000061356130
9011005021700000,1,55700000064498096,,0,1055700000061356130
9011005021800000,1,55700000065077152,,1,1055700000064961581
9011005021800000,1,55700000065077299,,1,1055700000064961581
9011005021800000,1,55700000065077362,,1,1055700000064961581
9011005021800000,1,55700000065077467,,1,1055700000064961581
9011005021800000,2,55700000065077656,,1,1055700000064961581
9011005021800000,1,55700000065077110,,1,1055700000064961581
9011005021800000,1,55700000065077194,,1,1055700000064961581
9011005021800000,1,55700000065077236,,1,1055700000064961581
9011005021800000,1,55700000065077257,,1,1055700000064961581
9011005021800000,1,55700000065077341,,1,1055700000064961581
9011005021800000,1,55700000065077383,,1,1055700000064961581
9011005021800000,1,55700000065077488,,1,1055700000064961581
9011005021800000,1,55700000065077635,,1,1055700000064961581
9011005021800000,7,55700000065077740,,1,1055700000064961581
9011005021800000,7,55700000065077824,,1,1055700000064961581
9011005021800000,7,55700000065077887,,1,1055700000064961581
9011005021800000,7,55700000065077908,,1,1055700000064961581
9011005021800000,7,55700000065077950,,1,1055700000064961581
9011005021800000,7,55700000065078013,,1,1055700000064961581
9011005021800000,1,55700000065078108,,1,1055700000064961581
9011005021800000,1,55700000065078129,,1,1055700000064961581
9011005021800000,1,55700000065078234,,1,1055700000064961581
9011005021800000,1,55700000065078297,,1,1055700000064961581
9011005021800000,11,55700000065078339,,1,1055700000064961581
9011005021800000,11,55700000065078381,,1,1055700000064961581
9011005021800000,7,55700000065078444,,1,1055700000064961581
9011005021800000,7,55700000065078507,,1,1055700000064961581
9011005021800000,7,55700000065078528,,1,1055700000064961581
9011005021800000,6,55700000065078764,,1,1055700000064961581
9011005021800000,1,55700000065077215,,1,1055700000064961581
9011005021800000,1,55700000065077425,,1,1055700000064961581
9011005021800000,1,55700000065077446,,1,1055700000064961581
9011005021800000,1,55700000065077614,,1,1055700000064961581
9011005021800000,2,55700000065077677,,1,1055700000064961581
9011005021800000,7,55700000065077929,,1,1055700000064961581
9011005021800000,1,55700000065078213,,1,1055700000064961581
9011005021800000,7,55700000065078465,,1,1055700000064961581
9011005021800000,7,55700000065078570,,1,1055700000064961581
9011005021800000,7,55700000065077761,,1,1055700000064961581
9011005021800000,7,55700000065077782,,1,1055700000064961581
9011005021800000,7,55700000065077866,,1,1055700000064961581
9011005021800000,7,55700000065077971,,1,1055700000064961581
9011005021800000,1,55700000065078171,,1,1055700000064961581
9011005021800000,2,55700000065078612,,1,1055700000064961581
9011005021800000,7,55700000065078654,,1,1055700000064961581
9011005021800000,6,55700000065078697,,1,1055700000064961581
9011005021800000,6,55700000065078743,,1,1055700000064961581
9011005021800000,1,55700000065077131,,1,1055700000064961581
9011005021800000,1,55700000065077173,,1,1055700000064961581
9011005021800000,1,55700000065077278,,1,1055700000064961581
9011005021800000,1,55700000065077320,,1,1055700000064961581
9011005021800000,1,55700000065077404,,1,1055700000064961581
9011005021800000,1,55700000065077509,,1,1055700000064961581
9011005021800000,1,55700000065077530,,1,1055700000064961581
9011005021800000,1,55700000065077551,,1,1055700000064961581
9011005021800000,1,55700000065077572,,1,1055700000064961581
9011005021800000,1,55700000065077593,,1,1055700000064961581
9011005021800000,7,55700000065077698,,1,1055700000064961581
9011005021800000,7,55700000065077719,,1,1055700000064961581
9011005021800000,7,55700000065077803,,1,1055700000064961581
9011005021800000,7,55700000065077845,,1,1055700000064961581
9011005021800000,7,55700000065077992,,1,1055700000064961581
9011005021800000,1,55700000065078066,,1,1055700000064961581
9011005021800000,1,55700000065078087,,1,1055700000064961581
9011005021800000,1,55700000065078150,,1,1055700000064961581
9011005021800000,1,55700000065078192,,1,1055700000064961581
9011005021800000,1,55700000065078255,,1,1055700000064961581
9011005021800000,1,55700000065078276,,1,1055700000064961581
9011005021800000,11,55700000065078318,,1,1055700000064961581
9011005021800000,11,55700000065078360,,1,1055700000064961581
9011005021800000,11,55700000065078402,,1,1055700000064961581
9011005021800000,11,55700000065078423,,1,1055700000064961581
9011005021800000,7,55700000065078486,,1,1055700000064961581
9011005021800000,7,55700000065078549,,1,1055700000064961581
9011005021800000,2,55700000065078591,,1,1055700000064961581
9011005021800000,7,55700000065078633,,1,1055700000064961581
9011005021800000,6,55700000065078718,,1,1055700000064961581
9011005021800000,1,55700000065078841,,0,1055700000064961615
9011005021800000,1,55700000065078941,,0,1055700000064961615
9011005021800000,1,55700000065079041,,0,1055700000064961615
9011005021800000,1,55700000065079121,,0,1055700000064961615
9011005021800000,1,55700000065079201,,0,1055700000064961615
9011005021800000,2,55700000065079341,,0,1055700000064961615
9011005021800000,7,55700000065079361,,0,1055700000064961615
9011005021800000,7,55700000065079401,,0,1055700000064961615
9011005021800000,7,55700000065079481,,0,1055700000064961615
9011005021800000,7,55700000065079521,,0,1055700000064961615
9011005021800000,7,55700000065079601,,0,1055700000064961615
9011005021800000,1,55700000065079729,,0,1055700000064961615
9011005021800000,1,55700000065079809,,0,1055700000064961615
9011005021800000,1,55700000065079829,,0,1055700000064961615
9011005021800000,1,55700000065079849,,0,1055700000064961615
9011005021800000,1,55700000065079909,,0,1055700000064961615
9011005021800000,2,55700000065080189,,0,1055700000064961615
9011005021800000,7,55700000065080229,,0,1055700000064961615
9011005021800000,6,55700000065080325,,0,1055700000064961615
9011005021800000,6,55700000065080405,,0,1055700000064961615
9011005021800000,1,55700000065078921,,0,1055700000064961615
9011005021800000,1,55700000065079061,,0,1055700000064961615
9011005021800000,1,55700000065079081,,0,1055700000064961615
9011005021800000,1,55700000065079181,,0,1055700000064961615
9011005021800000,7,55700000065079381,,0,1055700000064961615
9011005021800000,7,55700000065079501,,0,1055700000064961615
9011005021800000,7,55700000065079541,,0,1055700000064961615
9011005021800000,2,55700000065079661,,0,1055700000064961615
9011005021800000,1,55700000065079789,,0,1055700000064961615
9011005021800000,11,55700000065079989,,0,1055700000064961615
9011005021800000,11,55700000065080009,,0,1055700000064961615
9011005021800000,11,55700000065080029,,0,1055700000064961615
9011005021800000,1,55700000065080089,,0,1055700000064961615
9011005021800000,7,55700000065080129,,0,1055700000064961615
9011005021800000,2,55700000065080169,,0,1055700000064961615
9011005021800000,7,55700000065080209,,0,1055700000064961615
9011005021800000,2,55700000065080249,,0,1055700000064961615
9011005021800000,6,55700000065080345,,0,1055700000064961615
9011005021800000,1,55700000065078801,,0,1055700000064961615
9011005021800000,1,55700000065078861,,0,1055700000064961615
9011005021800000,1,55700000065078881,,0,1055700000064961615
9011005021800000,1,55700000065078901,,0,1055700000064961615
9011005021800000,1,55700000065078981,,0,1055700000064961615
9011005021800000,1,55700000065079001,,0,1055700000064961615
9011005021800000,1,55700000065079021,,0,1055700000064961615
9011005021800000,1,55700000065079101,,0,1055700000064961615
9011005021800000,1,55700000065079141,,0,1055700000064961615
9011005021800000,1,55700000065079161,,0,1055700000064961615
9011005021800000,1,55700000065079301,,0,1055700000064961615
9011005021800000,2,55700000065079321,,0,1055700000064961615
9011005021800000,7,55700000065079421,,0,1055700000064961615
9011005021800000,7,55700000065079441,,0,1055700000064961615
9011005021800000,7,55700000065079561,,0,1055700000064961615
9011005021800000,7,55700000065079581,,0,1055700000064961615
9011005021800000,7,55700000065079621,,0,1055700000064961615
9011005021800000,2,55700000065079641,,0,1055700000064961615
9011005021800000,1,55700000065079709,,0,1055700000064961615
9011005021800000,1,55700000065079929,,0,1055700000064961615
9011005021800000,14,55700000065079949,,0,1055700000064961615
9011005021800000,14,55700000065079969,,0,1055700000064961615
9011005021800000,11,55700000065080049,,0,1055700000064961615
9011005021800000,11,55700000065080069,,0,1055700000064961615
9011005021800000,7,55700000065080149,,0,1055700000064961615
9011005021800000,7,55700000065080299,,0,1055700000064961615
9011005021800000,6,55700000065080365,,0,1055700000064961615
9011005021800000,6,55700000065080425,,0,1055700000064961615
9011005021800000,1,55700000065078821,,0,1055700000064961615
9011005021800000,1,55700000065078961,,0,1055700000064961615
9011005021800000,1,55700000065079221,,0,1055700000064961615
9011005021800000,1,55700000065079241,,0,1055700000064961615
9011005021800000,1,55700000065079261,,0,1055700000064961615
9011005021800000,1,55700000065079281,,0,1055700000064961615
9011005021800000,7,55700000065079461,,0,1055700000064961615
9011005021800000,1,55700000065079749,,0,1055700000064961615
9011005021800000,1,55700000065079769,,0,1055700000064961615
9011005021800000,1,55700000065079869,,0,1055700000064961615
9011005021800000,1,55700000065079889,,0,1055700000064961615
9011005021800000,7,55700000065080109,,0,1055700000064961615
9011005021800000,2,55700000065080269,,0,1055700000064961615
9011005021800000,6,55700000065080385,,0,1055700000064961615
9011005022000000,1,55700000065074390,,1,1055700000050980738
9011005022000000,1,55700000065074436,,1,1055700000050980738
9011005022000000,1,55700000065074666,,1,1055700000050980738
9011005022000000,1,55700000065074482,,1,1055700000050980738
9011005022000000,1,55700000065074574,,1,1055700000050980738
9011005022000000,1,55700000065074344,,1,1055700000050980738
9011005022000000,1,55700000065074620,,1,1055700000050980738
9011005022000000,1,55700000065074528,,1,1055700000050980738
9011005022000000,1,55700000065074712,,1,1055700000050980738
9011005022000000,1,55700000065074784,,0,1055700000050980761
9011005022000000,1,55700000065074823,,0,1055700000050980761
9011005022000000,1,55700000065074810,,0,1055700000050980761
9011005022000000,1,55700000065074797,,0,1055700000050980761
9011005022000000,1,55700000065074862,,0,1055700000050980761
9011005022000000,1,55700000065074888,,0,1055700000050980761
9011005022000000,1,55700000065074758,,0,1055700000050980761
9011005022000000,1,55700000065074771,,0,1055700000050980761
9011005022000000,1,55700000065074836,,0,1055700000050980761
9011005022000000,1,55700000065074849,,0,1055700000050980761
9011005022000000,1,55700000065074875,,0,1055700000050980761
9011005022100000,1,55700000063262810,,1,1055700000054719630
9011005022100000,1,55700000063262852,,1,1055700000054719630
9011005022100000,1,55700000063262782,,1,1055700000054719630
9011005022100000,1,55700000063262824,,1,1055700000054719630
9011005022100000,1,55700000063262880,,1,1055700000054719630
9011005022100000,1,55700000063262768,,1,1055700000054719630
9011005022100000,1,55700000063262796,,1,1055700000054719630
9011005022100000,1,55700000063262838,,1,1055700000054719630
9011005022100000,1,55700000063262866,,1,1055700000054719630
9011005022100000,1,55700000063262978,,0,1055700000054719653
9011005022100000,1,55700000063262894,,0,1055700000054719653
9011005022100000,1,55700000063262908,,0,1055700000054719653
9011005022100000,1,55700000063262936,,0,1055700000054719653
9011005022100000,1,55700000063262922,,0,1055700000054719653
9011005022100000,1,55700000063262950,,0,1055700000054719653
9011005022100000,1,55700000063262964,,0,1055700000054719653
9011005022100000,1,55700000063262992,,0,1055700000054719653
9011005022100000,1,55700000063263006,,0,1055700000054719653
9011005022200000,1,55700000063262541,,1,1055700000057555766
9011005022200000,1,55700000063262575,,1,1055700000057555766
9011005022200000,1,55700000063262439,,1,1055700000057555766
9011005022200000,1,55700000063262473,,1,1055700000057555766
9011005022200000,1,55700000063262507,,1,1055700000057555766
9011005022200000,1,55700000063262645,,0,1055700000056357831
9011005022200000,1,55700000063262680,,0,1055700000056357831
9011005022200000,1,55700000063262715,,0,1055700000056357831
9011005022200000,1,55700000063262610,,0,1055700000056357831
9011005022300000,1,55700000063262238,,1,1055700000056361872
9011005022300000,1,55700000063262266,,1,1055700000056361872
9011005022300000,1,55700000063262280,,1,1055700000056361872
9011005022300000,1,55700000063262252,,1,1055700000056361872
9011005022300000,1,55700000063262294,,1,1055700000056361872
9011005022300000,1,55700000063262309,,0,1055700000056361895
9011005022300000,1,55700000063262354,,0,1055700000056361895
9011005022300000,1,55700000063262339,,0,1055700000056361895
9011005022300000,1,55700000063262369,,0,1055700000056361895
9011005022300000,1,55700000063262324,,0,1055700000056361895
9011005022600000,1,55700000064493366,,1,1055700000054718937
9011005022600000,11,55700000064493398,,1,1055700000054718937
9011005022600000,11,55700000064493558,,1,1055700000054718937
9011005022600000,11,55700000064493590,,1,1055700000054718937
9011005022600000,1,55700000064493302,,1,1055700000054718937
9011005022600000,11,55700000064493494,,1,1055700000054718937
9011005022600000,1,55700000064493334,,1,1055700000054718937
9011005022600000,11,55700000064493430,,1,1055700000054718937
9011005022600000,11,55700000064493462,,1,1055700000054718937
9011005022600000,11,55700000064493526,,1,1055700000054718937
9011005022600000,11,55700000065074064,,0,1055700000054718987
9011005022600000,11,55700000065074128,,0,1055700000054718987
9011005022600000,1,55700000065074192,,0,1055700000054718987
9011005022600000,11,55700000065074000,,0,1055700000054718987
9011005022600000,11,55700000065074032,,0,1055700000054718987
9011005022600000,11,55700000065074160,,0,1055700000054718987
9011005022600000,1,55700000065074224,,0,1055700000054718987
9011005022600000,1,55700000065073968,,0,1055700000054718987
9011005022600000,11,55700000065074096,,0,1055700000054718987
9011005023200000,1,55700000063262191,,1,1055700000056039496
9011005023200000,1,55700000063641012,,0,1055700000056039525
9011005024000000,9,55700000063261154,,1,1055700000056004920
9011005024000000,9,55700000063261193,,1,1055700000056004920
9011005024000000,9,55700000063261180,,1,1055700000056004920
9011005024000000,9,55700000063261167,,1,1055700000056004920
9011005024100000,9,55700000065073876,,1,1055700000034353138
9011005024300000,9,55700000063261246,,1,1055700000050267916
9011005024300000,9,55700000063261270,,1,1055700000050267916
9011005024300000,9,55700000063261258,,1,1055700000050267916
9011005024300000,9,55700000063261282,,1,1055700000050267916
9011005024300000,9,55700000063261294,,0,1055700000050267935
9011005024300000,9,55700000063261306,,0,1055700000050267935
9011005024300000,9,55700000063261330,,0,1055700000050267935
9011005024300000,9,55700000063261318,,0,1055700000050267935
9011005024900000,9,55700000063261398,,1,1055700000041084655
9011005024900000,9,55700000065073813,,1,1055700000041084624
9011005025000000,11,55700000063260749,,1,7055700000048849989
9011005025000000,1,55700000063260683,,1,1055700000048849989
9011005025000000,11,55700000063260698,,1,7055700000048849989
9011005025000000,1,55700000063260715,,1,7055700000048849989
9011005025000000,1,55700000063260732,,1,7055700000048849989
9011005025000000,2,55700000063260770,,1,7055700000048849989
9011005025000000,1,55700000063260791,,0,1055700000048850010
9011005025000000,1,55700000063260803,,0,1055700000048850010
9011005025000000,1,55700000063260815,,0,7055700000048850010
9011005025000000,1,55700000063260829,,0,7055700000048850010
9011005025000000,11,55700000063260843,,0,7055700000048850010
9011005025000000,7,55700000063260857,,0,7055700000048850010
9011005028700000,1,55700000063260413,,1,1055700000041085472
9011005028700000,3,55700000063260302,,1,1055700000041085472
9011005028700000,1,55700000063260376,,1,1055700000041085472
9011005028700000,3,55700000063260228,,1,1055700000041085472
9011005028700000,3,55700000063260265,,1,1055700000041085472
9011005028700000,1,55700000063260339,,1,1055700000041085472
9011005028700000,3,55700000063260456,,0,1055700000041085518
9011005028700000,3,55700000063260530,,0,1055700000041085518
9011005028700000,3,55700000063260493,,0,1055700000041085518
9011005028700000,1,55700000063260567,,0,1055700000041085518
9011005028700000,1,55700000063260604,,0,1055700000041085518
9011005028700000,1,55700000063260641,,0,1055700000041085518
9011005029000000,1,55700000063259941,,1,1055700000036788540
9011005029000000,1,55700000063259961,,1,1055700000036788540
9011005029000000,1,55700000063259981,,1,1055700000036788540
9011005029000000,1,55700000063260021,,1,1055700000036788540
9011005029000000,1,55700000063260001,,1,1055700000036788540
9011005029000000,1,55700000063260041,,1,1055700000036788540
9011005029000000,1,55700000063260101,,0,1055700000056038544
9011005029000000,1,55700000063260141,,0,1055700000056038544
9011005029000000,1,55700000063260081,,0,1055700000056038544
9011005029000000,1,55700000063260121,,0,1055700000056038544
9011005029000000,1,55700000063260061,,0,1055700000056038544
9011005030100000,1,55700000063248724,,1,1055700000060700717
9011005030100000,2,55700000063248741,,1,1055700000060700717
9011005030100000,6,55700000063248758,,1,1055700000060700717
9011005030100000,9,55700000065072748,,1,1055700000059896551
9011005030100000,1,55700000065072780,,1,1055700000060700743
9011005030100000,1,55700000065072920,,1,1055700000060700743
9011005030100000,3,55700000065073032,,1,1055700000060700743
9011005030100000,11,55700000065073116,,1,1055700000060700743
9011005030100000,11,55700000065073144,,1,1055700000060700743
9011005030100000,11,55700000065073200,,1,1055700000060700743
9011005030100000,11,55700000065073368,,1,1055700000060700743
9011005030100000,11,55700000065073424,,1,1055700000060700743
9011005030100000,9,55700000065073578,,1,1055700000060700743
9011005030100000,3,55700000065072701,,1,1055700000060700743
9011005030100000,3,55700000065072948,,1,1055700000060700743
9011005030100000,11,55700000065073396,,1,1055700000060700743
9011005030100000,1,55700000065072808,,1,1055700000060700743
9011005030100000,1,55700000065072892,,1,1055700000060700743
9011005030100000,3,55700000065072976,,1,1055700000060700743
9011005030100000,11,55700000065073088,,1,1055700000060700743
9011005030100000,11,55700000065073172,,1,1055700000060700743
9011005030100000,11,55700000065073228,,1,1055700000060700743
9011005030100000,11,55700000065073256,,1,1055700000060700743
9011005030100000,11,55700000065073284,,1,1055700000060700743
9011005030100000,11,55700000065073452,,1,1055700000060700743
9011005030100000,1,55700000065072673,,1,1055700000060700743
9011005030100000,3,55700000065072729,,1,1055700000060700743
9011005030100000,1,55700000065072836,,1,1055700000060700743
9011005030100000,1,55700000065072864,,1,1055700000060700743
9011005030100000,3,55700000065073004,,1,1055700000060700743
9011005030100000,3,55700000065073060,,1,1055700000060700743
9011005030100000,11,55700000065073312,,1,1055700000060700743
9011005030100000,11,55700000065073340,,1,1055700000060700743
9011005030100000,11,55700000065073480,,1,1055700000060700743
9011005030100000,6,55700000063249747,,0,1055700000060700803
9011005030100000,6,55700000063249783,,0,1055700000002431611
9011005030100000,3,55700000063249812,,0,1055700000060700831
9011005030100000,1,55700000063249932,,0,1055700000060700831
9011005030100000,1,55700000063250019,,0,1055700000060700831
9011005030100000,3,55700000063250135,,0,1055700000060700831
9011005030100000,11,55700000063250309,,0,1055700000060700831
9011005030100000,11,55700000063250367,,0,1055700000060700831
9011005030100000,11,55700000063250396,,0,1055700000060700831
9011005030100000,11,55700000063250454,,0,1055700000060700831
9011005030100000,11,55700000063250570,,0,1055700000060700831
9011005030100000,2,55700000063249728,,0,1055700000060700803
9011005030100000,3,55700000063249841,,0,1055700000060700831
9011005030100000,1,55700000063249874,,0,1055700000060700831
9011005030100000,3,55700000063250048,,0,1055700000060700831
9011005030100000,3,55700000063250106,,0,1055700000060700831
9011005030100000,11,55700000063250193,,0,1055700000060700831
9011005030100000,11,55700000063250251,,0,1055700000060700831
9011005030100000,11,55700000063250280,,0,1055700000060700831
9011005030100000,11,55700000063250483,,0,1055700000060700831
9011005030100000,11,55700000063250512,,0,1055700000060700831
9011005030100000,11,55700000063250541,,0,1055700000060700831
9011005030100000,1,55700000063250628,,0,1055700000060700831
9011005030100000,2,55700000063249709,,0,1055700000002431611
9011005030100000,1,55700000063249765,,0,1055700000002431611
9011005030100000,1,55700000063249903,,0,1055700000060700831
9011005030100000,1,55700000063249961,,0,1055700000060700831
9011005030100000,11,55700000063250222,,0,1055700000060700831
9011005030100000,11,55700000063250425,,0,1055700000060700831
9011005030100000,11,55700000063250599,,0,1055700000060700831
9011005030100000,1,55700000063249990,,0,1055700000060700831
9011005030100000,3,55700000063250077,,0,1055700000060700831
9011005030100000,3,55700000063250164,,0,1055700000060700831
9011005030100000,11,55700000063250338,,0,1055700000060700831
9011005030200000,1,55700000065072248,,1,1055700000011622479
9011005030200000,1,55700000065072332,,1,1055700000011622479
9011005030200000,1,55700000065072472,,1,1055700000011622479
9011005030200000,1,55700000065072416,,1,1055700000011622479
9011005030200000,1,55700000065072556,,1,1055700000011622479
9011005030200000,1,55700000065072612,,1,1055700000011622479
9011005030200000,1,55700000065072276,,1,1055700000011622479
9011005030200000,1,55700000065072388,,1,1055700000011622479
9011005030200000,1,55700000065072444,,1,1055700000011622479
9011005030200000,1,55700000065072500,,1,1055700000011622479
9011005030200000,1,55700000065072304,,1,1055700000011622479
9011005030200000,1,55700000065072360,,1,1055700000011622479
9011005030200000,1,55700000065072528,,1,1055700000011622479
9011005030200000,1,55700000065072584,,1,1055700000011622479
9011005030200000,1,55700000063248384,,0,1055700000002433851
9011005030200000,1,55700000063248442,,0,1055700000002433851
9011005030200000,1,55700000063248471,,0,1055700000002433851
9011005030200000,1,55700000063248500,,0,1055700000002433851
9011005030200000,1,55700000063248529,,0,1055700000002433851
9011005030200000,1,55700000063248268,,0,1055700000002433851
9011005030200000,1,55700000063248297,,0,1055700000002433851
9011005030200000,1,55700000063248587,,0,1055700000002433851
9011005030200000,1,55700000063248413,,0,1055700000002433851
9011005030200000,1,55700000063248558,,0,1055700000002433851
9011005030200000,1,55700000063248326,,0,1055700000002433851
9011005030200000,1,55700000063248355,,0,1055700000002433851
9011005030200000,1,55700000063248616,,0,1055700000002433851
9011005030200000,1,55700000063248645,,0,1055700000002433851
9011005030300000,1,55700000063245428,,1,1055700000011623245
9011005030300000,3,55700000063245652,,1,1055700000011623245
9011005030300000,11,55700000063245812,,1,1055700000011623245
9011005030300000,11,55700000063245844,,1,1055700000011623245
9011005030300000,11,55700000063246068,,1,1055700000011623245
9011005030300000,11,55700000063246164,,1,1055700000011623245
9011005030300000,6,55700000063246404,,1,1055700000011623334
9011005030300000,1,55700000063245460,,1,1055700000011623245
9011005030300000,3,55700000063245716,,1,1055700000011623245
9011005030300000,11,55700000063245876,,1,1055700000011623245
9011005030300000,11,55700000063245908,,1,1055700000011623245
9011005030300000,3,55700000063245394,,1,1055700000011623245
9011005030300000,1,55700000063245492,,1,1055700000011623245
9011005030300000,1,55700000063245588,,1,1055700000011623245
9011005030300000,3,55700000063245620,,1,1055700000011623245
9011005030300000,3,55700000063245684,,1,1055700000011623245
9011005030300000,3,55700000063245748,,1,1055700000011623245
9011005030300000,11,55700000063245780,,1,1055700000011623245
9011005030300000,11,55700000063246228,,1,1055700000011623245
9011005030300000,3,55700000063246330,,1,1055700000011623245
9011005030300000,1,55700000063246384,,1,1055700000011623334
9011005030300000,2,55700000063246424,,1,1055700000011623334
9011005030300000,11,55700000063245940,,1,1055700000011623245
9011005030300000,11,55700000063246004,,1,1055700000011623245
9011005030300000,11,55700000063246036,,1,1055700000011623245
9011005030300000,11,55700000063246100,,1,1055700000011623245
9011005030300000,1,55700000063246364,,1,1055700000011623245
9011005030300000,1,55700000063245524,,1,1055700000011623245
9011005030300000,1,55700000063245556,,1,1055700000011623245
9011005030300000,11,55700000063245972,,1,1055700000011623245
9011005030300000,11,55700000063246132,,1,1055700000011623245
9011005030300000,11,55700000063246196,,1,1055700000011623245
9011005030300000,11,55700000063246872,,0,1055700000036964823
9011005030300000,11,55700000063246968,,0,1055700000036964823
9011005030300000,11,55700000063247128,,0,1055700000036964823
9011005030300000,6,55700000063247521,,0,1055700000036964869
9011005030300000,1,55700000063246488,,0,1055700000036964823
9011005030300000,1,55700000063246520,,0,1055700000036964823
9011005030300000,1,55700000063246584,,0,1055700000036964823
9011005030300000,11,55700000063247000,,0,1055700000036964823
9011005030300000,11,55700000063247032,,0,1055700000036964823
9011005030300000,11,55700000063247160,,0,1055700000036964823
9011005030300000,3,55700000063247457,,0,1055700000036964823
9011005030300000,1,55700000063246552,,0,1055700000036964823
9011005030300000,3,55700000063246648,,0,1055700000036964823
9011005030300000,3,55700000063246680,,0,1055700000036964823
9011005030300000,3,55700000063246744,,0,1055700000036964823
9011005030300000,11,55700000063246808,,0,1055700000036964823
9011005030300000,11,55700000063246840,,0,1055700000036964823
9011005030300000,11,55700000063246904,,0,1055700000036964823
9011005030300000,11,55700000063246936,,0,1055700000036964823
9011005030300000,1,55700000063246456,,0,1055700000036964823
9011005030300000,1,55700000063246616,,0,1055700000036964823
9011005030300000,3,55700000063246712,,0,1055700000036964823
9011005030300000,3,55700000063246776,,0,1055700000036964823
9011005030300000,11,55700000063247064,,0,1055700000036964823
9011005030300000,11,55700000063247096,,0,1055700000036964823
9011005030300000,11,55700000063247192,,0,1055700000036964823
9011005030300000,11,55700000063247224,,0,1055700000036964823
9011005030300000,11,55700000063247256,,0,1055700000036964823
9011005030300000,1,55700000063247288,,0,1055700000036964823
9011005030300000,9,55700000063247390,,0,1055700000036964823
9011005030300000,3,55700000063247425,,0,1055700000036964823
9011005030300000,1,55700000063247481,,0,1055700000036964869
9011005030300000,2,55700000063247501,,0,1055700000036964869
9011005030400000,1,55700000063245190,,1,1055700000011626809
9011005030400000,1,55700000063245219,,1,1055700000011626809
9011005030400000,1,55700000064490178,,1,1055700000037140864
9011005030400000,1,55700000064490233,,1,1055700000037140670
9011005030400000,1,55700000064490455,,1,1055700000037140670
9011005030400000,1,55700000064490565,,1,1055700000037140670
9011005030400000,1,55700000064490675,,1,1055700000037140670
9011005030400000,1,55700000064490345,,1,1055700000037140670
9011005030400000,1,55700000064490730,,1,1055700000037140670
9011005030400000,1,55700000064490290,,1,1055700000037140670
9011005030400000,1,55700000064490510,,1,1055700000037140670
9011005030400000,1,55700000064490144,,1,1055700000037140864
9011005030400000,1,55700000064490400,,1,1055700000037140670
9011005030400000,1,55700000064490620,,1,1055700000037140670
9011005030500000,2,55700000063242782,,1,1055700000011627858
9011005030500000,2,55700000063242800,,1,1055700000011627953
9011005030500000,6,55700000063242818,,1,1055700000011627953
9011005030500000,9,55700000063241681,,1,1055700000050782254
9011005030500000,1,55700000063242763,,1,1055700000011627858
9011005030500000,6,55700000063242898,,1,1055700000019224919
9011005030500000,1,55700000064487737,,1,1055700000011627565
9011005030500000,1,55700000064487885,,1,1055700000011627772
9011005030500000,1,55700000064487916,,1,1055700000011627772
9011005030500000,1,55700000064488040,,1,1055700000011627772
9011005030500000,1,55700000064488071,,1,1055700000011627772
9011005030500000,1,55700000064488134,,1,1055700000011627682
9011005030500000,1,55700000064488166,,1,1055700000011627682
9011005030500000,1,55700000064488550,,1,1055700000011627682
9011005030500000,7,55700000064488632,,1,1055700000011627682
9011005030500000,7,55700000064488760,,1,1055700000011627682
9011005030500000,2,55700000064488915,,1,1055700000011627911
9011005030500000,1,55700000064487823,,1,1055700000011627565
9011005030500000,1,55700000064487854,,1,1055700000011627772
9011005030500000,1,55700000064487947,,1,1055700000011627772
9011005030500000,1,55700000064488102,,1,1055700000011627772
9011005030500000,1,55700000064488198,,1,1055700000011627682
9011005030500000,3,55700000064488230,,1,1055700000011627682
9011005030500000,11,55700000064488358,,1,1055700000011627682
9011005030500000,11,55700000064488454,,1,1055700000011627682
9011005030500000,11,55700000064488486,,1,1055700000011627682
9011005030500000,7,55700000064488728,,1,1055700000011627682
9011005030500000,7,55700000064488792,,1,1055700000011627682
9011005030500000,2,55700000064488886,,1,1055700000011627911
9011005030500000,1,55700000064487681,,1,1055700000011627565
9011005030500000,1,55700000064487709,,1,1055700000011627565
9011005030500000,1,55700000064487765,,1,1055700000011627565
9011005030500000,3,55700000064488262,,1,1055700000011627682
9011005030500000,3,55700000064488294,,1,1055700000011627682
9011005030500000,11,55700000064488326,,1,1055700000011627682
9011005030500000,11,55700000064488390,,1,1055700000011627682
9011005030500000,11,55700000064488518,,1,1055700000011627682
9011005030500000,7,55700000064488600,,1,1055700000011627682
9011005030500000,7,55700000064488696,,1,1055700000011627682
9011005030500000,7,55700000064488824,,1,1055700000011627682
9011005030500000,2,55700000064488973,,1,1055700000011627911
9011005030500000,1,55700000064487793,,1,1055700000011627565
9011005030500000,1,55700000064487978,,1,1055700000011627772
9011005030500000,1,55700000064488009,,1,1055700000011627772
9011005030500000,11,55700000064488422,,1,1055700000011627682
9011005030500000,7,55700000064488664,,1,1055700000011627682
9011005030500000,2,55700000064488944,,1,1055700000011627911
9011005030500000,2,55700000063243085,,0,1055700000011627885
9011005030500000,1,55700000063243446,,0,1055700000011627643
9011005030500000,1,55700000063243508,,0,1055700000011627643
9011005030500000,1,55700000063243018,,0,1055700000011627643
9011005030500000,1,55700000063243353,,0,1055700000011627643
9011005030500000,1,55700000063243597,,0,1055700000011627606
9011005030500000,1,55700000063243626,,0,1055700000011627606
9011005030500000,1,55700000063243049,,0,1055700000011627643
9011005030500000,1,55700000063243067,,0,1055700000011627885
9011005030500000,6,55700000063243103,,0,1055700000011627885
9011005030500000,1,55700000063243415,,0,1055700000011627643
9011005030500000,1,55700000063243477,,0,1055700000011627643
9011005030500000,1,55700000063242987,,0,1055700000011627643
9011005030500000,1,55700000063243322,,0,1055700000011627643
9011005030500000,1,55700000063243384,,0,1055700000011627643
9011005030500000,1,55700000063243539,,0,1055700000011627643
9011005030500000,1,55700000063243568,,0,1055700000011627606
9011005030500000,1,55700000063243655,,0,1055700000011627606
9011005030500000,11,55700000064489432,,0,1055700000011627727
9011005030500000,1,55700000064489528,,0,1055700000011627727
9011005030500000,2,55700000064489560,,0,1055700000011627727
9011005030500000,7,55700000064489674,,0,1055700000011627727
9011005030500000,7,55700000064489706,,0,1055700000011627727
9011005030500000,7,55700000064489802,,0,1055700000011627727
9011005030500000,1,55700000064489010,,0,1055700000011627816
9011005030500000,7,55700000064489040,,0,1055700000011627816
9011005030500000,3,55700000064489104,,0,1055700000011627816
9011005030500000,1,55700000064489168,,0,1055700000011627727
9011005030500000,3,55700000064489272,,0,1055700000011627727
9011005030500000,3,55700000064489304,,0,1055700000011627727
9011005030500000,11,55700000064489336,,0,1055700000011627727
9011005030500000,1,55700000064489496,,0,1055700000011627727
9011005030500000,7,55700000064489642,,0,1055700000011627727
9011005030500000,7,55700000064489770,,0,1055700000011627727
9011005030500000,3,55700000064489208,,0,1055700000011627727
9011005030500000,11,55700000064489400,,0,1055700000011627727
9011005030500000,7,55700000064489834,,0,1055700000011627727
9011005030500000,7,55700000064489070,,0,1055700000011627816
9011005030500000,2,55700000064489134,,0,1055700000011627816
9011005030500000,3,55700000064489240,,0,1055700000011627727
9011005030500000,11,55700000064489368,,0,1055700000011627727
9011005030500000,11,55700000064489464,,0,1055700000011627727
9011005030500000,7,55700000064489610,,0,1055700000011627727
9011005030500000,7,55700000064489738,,0,1055700000011627727
9011005030800000,2,55700000064487455,,1,1055700000036967391
9011005030800000,6,55700000064487487,,1,1055700000036967391
9011005030800000,2,55700000065070976,,1,1055700000054699613
9011005030800000,6,55700000065071041,,1,1055700000054699613
9011005030800000,2,55700000065071106,,1,1055700000054699613
9011005030800000,6,55700000065071301,,1,1055700000054699613
9011005030800000,2,55700000065071551,,1,1055700000060693472
9011005030800000,6,55700000065071605,,1,1055700000060693472
9011005030800000,1,55700000065071659,,1,1055700000060693472
9011005030800000,6,55700000065071366,,1,1055700000054699613
9011005030800000,2,55700000065071171,,1,1055700000054699613
9011005030800000,6,55700000065071431,,1,1055700000054699613
9011005030800000,1,55700000065071699,,1,1055700000036967438
9011005030800000,1,55700000065071733,,1,1055700000054699706
9011005030800000,6,55700000065071236,,1,1055700000054699613
9011005030800000,6,55700000065071496,,1,1055700000054699613
9011005030900000,1,55700000065070438,,1,1055700000002444399
9011005030900000,11,55700000065070550,,1,1055700000035089043
9011005030900000,6,55700000065070610,,1,1055700000035089043
9011005030900000,11,55700000065070726,,1,1055700000035089043
9011005030900000,11,55700000065070494,,1,1055700000035089043
9011005030900000,6,55700000065070666,,1,1055700000035089043
9011005030900000,2,55700000065070786,,1,1055700000035089043
9011005031000000,15,55700000063239996,,1,1055700000035089626
9011005031000000,6,55700000064485423,,1,1055700000049415593
9011005031000000,2,55700000064485393,,1,1055700000049415593
9011005031000000,13,55700000065069894,,1,1055700000035089670
9011005031000000,11,55700000065070029,,1,1055700000049415643
9011005031000000,13,55700000065070139,,1,1055700000049415643
9011005031000000,7,55700000065070253,,1,1055700000049415643
9011005031000000,6,55700000065069859,,1,1055700000049415643
9011005031000000,13,55700000065070194,,1,1055700000049415643
9011005031000000,11,55700000065069974,,1,1055700000049415643
9011005031000000,13,55700000065070084,,1,1055700000049415643
9011005031000000,1,55700000065070380,,1,1055700000049415643
9011005031200000,1,55700000063240199,,1,1055700000019230269
9011005035400000,1,55700000063238303,,1,1055700000002446471
9011005035400000,1,55700000063238321,,1,1055700000002446471
9011005035400000,1,55700000063238339,,1,1055700000002446471
9011005035400000,1,55700000063238375,,1,1055700000002446471
9011005035400000,1,55700000063238267,,1,1055700000002446471
9011005035400000,1,55700000063238249,,1,1055700000002446471
9011005035400000,1,55700000063238285,,1,1055700000002446471
9011005035400000,1,55700000063238357,,1,1055700000002446471
9011005035400000,1,55700000063238393,,0,1055700000002446445
9011005035400000,1,55700000063238565,,0,1055700000002446445
9011005035400000,1,55700000063238608,,0,1055700000002446445
9011005035400000,1,55700000063238651,,0,1055700000002446445
9011005035400000,1,55700000063238522,,0,1055700000002446445
9011005035400000,1,55700000063238436,,0,1055700000002446445
9011005035400000,1,55700000063238479,,0,1055700000002446445
9011005035500000,1,55700000063232919,,1,1055700000053421371
9011005035500000,1,55700000063232955,,1,1055700000053421371
9011005035500000,1,55700000063232991,,1,1055700000053421371
9011005035500000,1,55700000063233003,,1,1055700000053421371
9011005035500000,1,55700000063232943,,1,1055700000053421371
9011005035500000,1,55700000063232967,,1,1055700000053421371
9011005035500000,1,55700000063233015,,1,1055700000053421371
9011005035500000,1,55700000063233026,,1,1055700000053421392
9011005035500000,1,55700000063233037,,1,1055700000053421392
9011005035500000,1,55700000063233059,,1,1055700000053421392
9011005035500000,1,55700000063232907,,1,1055700000053421371
9011005035500000,1,55700000063232931,,1,1055700000053421371
9011005035500000,1,55700000063232979,,1,1055700000053421371
9011005035500000,1,55700000063233048,,1,1055700000053421392
9011005035500000,1,55700000063233071,,1,1055700000053421371
9011005035500000,1,55700000063233147,,0,1055700000053421412
9011005035500000,1,55700000063233210,,0,1055700000053421412
9011005035500000,1,55700000063233706,,0,1055700000053421433
9011005035500000,1,55700000063233273,,0,1055700000053421412
9011005035500000,1,55700000063233584,,0,1055700000053421433
9011005035500000,1,55700000063233767,,0,1055700000053421433
9011005035500000,1,55700000063233828,,0,1055700000053421433
9011005035500000,1,55700000063233462,,0,1055700000053421412
9011005035500000,1,55700000063233523,,0,1055700000053421433
9011005035500000,1,55700000063233084,,0,1055700000053421412
9011005035500000,1,55700000063233336,,0,1055700000053421412
9011005035500000,1,55700000063233399,,0,1055700000053421412
9011005035500000,1,55700000063233645,,0,1055700000053421433
9011005035500000,9,55700000063233889,,0,1055700000053421433
9011005035600000,1,55700000064485011,,1,1055700000011636051
9011005035600000,1,55700000064485074,,1,1055700000011636051
9011005035600000,1,55700000064485140,,1,1055700000011636139
9011005035700000,1,55700000063232877,,1,1055700000050265139
9011005035700000,2,55700000063232886,,1,1055700000050265139
9011005041000000,1,55700000065065117,,1,1055700000057292113
9011005041000000,2,55700000065065803,,1,1055700000057292113
9011005041000000,2,55700000065065917,,1,1055700000057292113
9011005041000000,6,55700000065066033,,1,1055700000057292113
9011005041000000,6,55700000065066090,,1,1055700000057292113
9011005041000000,6,55700000065066147,,1,1055700000057292113
9011005041000000,1,55700000065066415,,1,1055700000057292113
9011005041000000,1,55700000065066472,,1,1055700000057292113
9011005041000000,2,55700000065066833,,1,1055700000057292179
9011005041000000,2,55700000065066909,,1,1055700000057292179
9011005041000000,1,55700000065067023,,1,1055700000057292113
9011005041000000,11,55700000065065060,,1,1055700000057292113
9011005041000000,1,55700000065066757,,1,1055700000057292179
9011005041000000,1,55700000065066795,,1,1055700000057292179
9011005041000000,1,55700000065067080,,1,1055700000057292113
9011005041000000,5,55700000065064985,,1,1055700000057292113
9011005041000000,1,55700000065065174,,1,1055700000057292113
9011005041000000,14,55700000065065231,,1,1055700000057292113
9011005041000000,14,55700000065065345,,1,1055700000057292113
9011005041000000,4,55700000065065459,,1,1055700000057292113
9011005041000000,2,55700000065065687,,1,1055700000057292113
9011005041000000,2,55700000065065860,,1,1055700000057292113
9011005041000000,9,55700000065066359,,1,1055700000056711393
9011005041000000,9,55700000065066507,,1,1055700000056711393
9011005041000000,1,55700000065066548,,1,1055700000057292179
9011005041000000,1,55700000065066681,,1,1055700000057292113
9011005041000000,1,55700000065067137,,1,1055700000057292113
9011005041000000,1,55700000065067194,,1,1055700000057292113
9011005041000000,1,55700000065065288,,1,1055700000057292113
9011005041000000,8,55700000065065402,,1,1055700000057292113
9011005041000000,2,55700000065065516,,1,1055700000057292113
9011005041000000,2,55700000065065573,,1,1055700000057292113
9011005041000000,2,55700000065065630,,1,1055700000057292113
9011005041000000,2,55700000065065746,,1,1055700000057292113
9011005041000000,2,55700000065065974,,1,1055700000057292113
9011005041000000,1,55700000065066210,,1,1055700000057292113
9011005041000000,1,55700000065066267,,1,1055700000057292113
9011005041000000,1,55700000065066324,,1,1055700000057292113
9011005041000000,1,55700000065066586,,1,1055700000057292179
9011005041000000,1,55700000065066624,,1,1055700000057292179
9011005041000000,1,55700000065066719,,1,1055700000057292179
9011005041000000,2,55700000065066871,,1,1055700000057292179
9011005041000000,1,55700000065066966,,1,1055700000057292113
9011005041000000,2,55700000063222685,,0,1055700000057292286
9011005041000000,9,55700000063223175,,0,1055700000057292244
9011005041000000,2,55700000063223405,,0,1055700000057292244
9011005041000000,9,55700000063223473,,0,1055700000056711483
9011005041000000,1,55700000063223546,,0,1055700000057292244
9011005041000000,2,55700000063224173,,0,1055700000057292286
9011005041000000,2,55700000063224289,,0,1055700000057292286
9011005041000000,2,55700000063224346,,0,1055700000057292286
9011005041000000,2,55700000063224574,,0,1055700000057292286
9011005041000000,1,55700000063222400,,0,1055700000057292286
9011005041000000,1,55700000063222738,,0,1055700000057292366
9011005041000000,1,55700000063223253,,0,1055700000057292244
9011005041000000,6,55700000063223831,,0,1055700000057292286
9011005041000000,6,55700000063224633,,0,1055700000057292286
9011005041000000,1,55700000063222457,,0,1055700000057292286
9011005041000000,8,55700000063222571,,0,1055700000057292286
9011005041000000,2,55700000063222628,,0,1055700000057292286
9011005041000000,1,55700000063222795,,0,1055700000057292286
9011005041000000,1,55700000063222909,,0,1055700000057292286
9011005041000000,1,55700000063223023,,0,1055700000057292286
9011005041000000,1,55700000063223137,,0,1055700000057292286
9011005041000000,2,55700000063223443,,0,1055700000057292244
9011005041000000,1,55700000063223603,,0,1055700000057292286
9011005041000000,6,55700000063223888,,0,1055700000057292286
9011005041000000,2,55700000063224116,,0,1055700000057292286
9011005041000000,2,55700000063224460,,0,1055700000057292286
9011005041000000,1,55700000063222343,,0,1055700000057292286
9011005041000000,34,55700000063222514,,0,1055700000057292286
9011005041000000,1,55700000063222966,,0,1055700000057292286
9011005041000000,1,55700000063223080,,0,1055700000057292286
9011005041000000,1,55700000063223291,,0,1055700000057292244
9011005041000000,1,55700000063223329,,0,1055700000057292244
9011005041000000,2,55700000063223367,,0,1055700000057292244
9011005041000000,1,55700000063223717,,0,1055700000057292286
9011005041000000,6,55700000063223945,,0,1055700000057292286
9011005041000000,14,55700000063224002,,0,1055700000057292286
9011005041000000,2,55700000063224232,,0,1055700000057292286
9011005041000000,2,55700000063224403,,0,1055700000057292286
9011005041000000,7,55700000063224517,,0,1055700000057292286
9011005041000000,1,55700000065067431,,0,1055700000057292286
9011005041000000,1,55700000065067551,,0,1055700000057292286
9011005041000000,1,55700000065067325,,0,1055700000057292244
9011005041000000,1,55700000065067373,,0,1055700000057292244
9011005041000000,1,55700000065067489,,0,1055700000057292286
9011005041000000,1,55700000065067278,,0,1055700000057292286
9011005041200000,1,55700000065064479,,1,1055700000054687881
9011005041200000,14,55700000065064511,,1,1055700000054687881
9011005041200000,34,55700000065064543,,1,1055700000054687881
9011005041200000,6,55700000065064703,,1,1055700000054687881
9011005041200000,6,55700000065064671,,1,1055700000054687881
9011005041200000,6,55700000065064771,,1,1055700000054687881
9011005041200000,1,55700000065064858,,1,1055700000054687881
9011005041200000,1,55700000065064890,,1,1055700000054687881
9011005041200000,2,55700000065064575,,1,1055700000054687881
9011005041200000,7,55700000065064607,,1,1055700000054687881
9011005041200000,9,55700000065064822,,1,1055700000056719691
9011005041200000,2,55700000065064639,,1,1055700000054687881
9011005041200000,6,55700000065064739,,1,1055700000054687881
9011005041200000,1,55700000063219650,,0,1055700000054687922
9011005041200000,9,55700000063219714,,0,1055700000054687922
9011005041200000,9,55700000063219749,,0,1055700000054687922
9011005041200000,2,55700000063219848,,0,1055700000054687922
9011005041200000,6,55700000063220040,,0,1055700000054687922
9011005041200000,1,55700000063219618,,0,1055700000054687922
9011005041200000,1,55700000063219682,,0,1055700000054687922
9011005041200000,1,55700000063219784,,0,1055700000054687922
9011005041200000,6,55700000063219944,,0,1055700000054687922
9011005041200000,6,55700000063219976,,0,1055700000054687922
9011005041200000,1,55700000063219816,,0,1055700000054687922
9011005041200000,6,55700000063219912,,0,1055700000054687922
9011005041200000,6,55700000063220008,,0,1055700000054687922
9011005041200000,2,55700000063219880,,0,1055700000054687922
9011005041300000,9,55700000065359133,,1,1055700000065358567
9011005041300000,35,55700000065359222,,1,7055700000065358628
9011005041300000,2,55700000065359309,,1,7055700000065358628
9011005041300000,1,55700000065359016,,1,7055700000065358429
9011005041300000,9,55700000065359076,,1,1055700000065358501
9011005041300000,35,55700000065359171,,1,7055700000065358628
9011005041300000,2,55700000065359273,,1,7055700000065358628
9011005041300000,1,55700000065358952,,1,1055700000065358429
9011005041300000,1,55700000065359581,,0,1055700000065358819
9011005041300000,2,55700000065359702,,0,7055700000002454898
9011005041300000,1,55700000065359755,,0,1055700000065358670
9011005041300000,9,55700000065359442,,0,1055700000063412294
9011005041300000,9,55700000065359515,,0,1055700000065358742
9011005041300000,2,55700000065359666,,0,7055700000002454898
9011005041300000,9,55700000065359361,,0,1055700000065358670
9011005041300000,35,55700000065359399,,0,7055700000002454898
9011005041300000,35,55700000065359615,,0,7055700000002454898
9011005041400000,35,55700000063217349,,1,1055700000059665341
9011005041400000,9,55700000063217412,,1,1055700000059665462
9011005041400000,1,55700000063217512,,1,1055700000059665341
9011005041400000,1,55700000063217144,,1,7055700000059665341
9011005041400000,1,55700000063217195,,1,1055700000059665341
9011005041400000,9,55700000063217298,,1,1055700000059665399
9011005041400000,1,55700000063217463,,1,1055700000059665341
9011005041400000,35,55700000063217561,,1,1055700000059665341
9011005041400000,1,55700000063217622,,1,1055700000059665341
9011005041400000,2,55700000063217671,,1,1055700000059665341
9011005041400000,1,55700000063217244,,1,1055700000059665341
9011005041400000,2,55700000063217720,,1,1055700000059665341
9011005041400000,1,55700000063217907,,0,1055700000052979651
9011005041400000,1,55700000063218027,,0,1055700000052979606
9011005041400000,9,55700000063218137,,0,1055700000052979707
9011005041400000,2,55700000063217860,,0,1055700000052979651
9011005041400000,1,55700000063217991,,0,1055700000052979606
9011005041400000,1,55700000063218063,,0,1055700000052979606
9011005041400000,1,55700000063218263,,0,1055700000052979651
9011005041400000,9,55700000063217763,,0,1055700000056006792
9011005041400000,35,55700000063217801,,0,1055700000052979606
9011005041400000,35,55700000063217943,,0,1055700000052979606
9011005041400000,2,55700000063218099,,0,1055700000052979606
9011005041400000,1,55700000063218169,,0,1055700000036838762
9011005041400000,1,55700000063218216,,0,1055700000052979651
9011005041600000,1,55700000065059607,,1,1055700000002458076
9011005041600000,9,55700000065059797,,1,1055700000002458010
9011005041600000,1,55700000065059985,,1,1055700000002458010
9011005041600000,1,55700000065059752,,1,1055700000002458010
9011005041600000,2,55700000065059212,,1,1055700000002458010
9011005041600000,2,55700000065059257,,1,1055700000002458010
9011005041600000,2,55700000065059302,,1,1055700000002458010
9011005041600000,1,55700000065059657,,1,1055700000002458076
9011005041600000,1,55700000065059940,,1,1055700000002458010
9011005041600000,9,55700000065352479,,1,1055700000057288493
9011005041600000,35,55700000065352552,,1,1055700000057288614
9011005041600000,1,55700000065352627,,1,1055700000057288557
9011005041600000,1,55700000065352752,,1,1055700000057288614
9011005041600000,1,55700000065352687,,1,1055700000057288557
9011005041600000,6,55700000065059347,,1,7055700000002458010
9011005041600000,1,55700000065059557,,1,1055700000002458076
9011005041600000,2,55700000065059707,,1,1055700000002458076
9011005041600000,1,55700000065059846,,1,1055700000002458010
9011005041600000,9,55700000065059891,,1,1055700000002458010
9011005041600000,1,55700000063213468,,0,1055700000041150855
9011005041600000,1,55700000065060098,,0,1055700000002458234
9011005041600000,1,55700000065060316,,0,1055700000002458043
9011005041600000,6,55700000065060441,,0,7055700000002458043
9011005041600000,2,55700000065060035,,0,1055700000002458234
9011005041600000,1,55700000065060066,,0,1055700000052182718
9011005041600000,1,55700000065060241,,0,1055700000002458043
9011005041600000,1,55700000065060266,,0,1055700000002458043
9011005041600000,1,55700000065060291,,0,1055700000002458043
9011005041600000,1,55700000065060341,,0,1055700000002458043
9011005041600000,2,55700000065060366,,0,1055700000002458043
9011005041600000,1,55700000065352870,,0,1055700000057288764
9011005041600000,35,55700000065352920,,0,1055700000060673322
9011005041600000,9,55700000065352987,,0,1055700000057288673
9011005041600000,9,55700000065060123,,0,1055700000002458043
9011005041600000,1,55700000065060216,,0,1055700000002458043
9011005041600000,2,55700000065060391,,0,1055700000002458043
9011005041600000,2,55700000065060416,,0,1055700000002458043
9011005041600000,1,55700000065352830,,0,1055700000057288764
9011005041700000,2,55700000063211289,,1,7055700000060448632
9011005041700000,1,55700000063211531,,1,1055700000060448632
9011005041700000,2,55700000063211359,,1,7055700000060448632
9011005041700000,9,55700000063211496,,1,1055700000062079261
9011005041700000,1,55700000063211564,,1,1055700000060448632
9011005041700000,2,55700000063211324,,1,7055700000060448632
9011005041700000,1,55700000063211221,,1,1055700000060448632
9011005041700000,1,55700000063211254,,1,7055700000060448632
9011005041700000,1,55700000063211391,,1,1055700000060448674
9011005041700000,1,55700000063211411,,1,1055700000055976211
9011005041700000,35,55700000065059155,,1,1055700000062079307
9011005041700000,2,55700000063211597,,0,7055700000055976315
9011005041700000,1,55700000063211702,,0,1055700000055976315
9011005041700000,1,55700000063211837,,0,1055700000060672617
9011005041700000,1,55700000063211735,,0,1055700000055976315
9011005041700000,1,55700000063211768,,0,1055700000055976315
9011005041700000,1,55700000063211857,,0,1055700000055976240
9011005041700000,2,55700000063211632,,0,7055700000055976315
9011005041700000,2,55700000063211667,,0,7055700000055976315
9011005041700000,1,55700000063211801,,0,1055700000055976315
9011005041700000,1,55700000063211877,,0,1055700000055976240
9011005041900000,1,55700000063209972,,1,1055700000057286754
9011005041900000,36,55700000063210085,,1,1055700000057286806
9011005041900000,1,55700000063209929,,1,1055700000057286754
9011005041900000,1,55700000063209886,,1,1055700000057286754
9011005041900000,1,55700000063210015,,1,1055700000057286754
9011005041900000,1,55700000063210064,,1,1055700000057286696
9011005041900000,9,55700000063210138,,0,1055700000057286888
9011005041900000,1,55700000063210256,,0,1055700000057286836
9011005041900000,1,55700000063210308,,0,1055700000057286836
9011005041900000,1,55700000063210360,,0,1055700000057286836
9011005041900000,1,55700000063210412,,0,1055700000057286836
9011005041900000,35,55700000065058979,,0,1055700000057286836
9011005042900000,1,55700000065463452,,1,1055700000065463069
9011005042900000,1,55700000065463496,,1,1055700000065463069
9011005042900000,1,55700000065463430,,1,1055700000065463069
9011005042900000,1,55700000065463474,,1,1055700000065463069
9011005042900000,1,55700000065463518,,1,1055700000065463069
9011005042900000,1,55700000065463629,,0,1055700000065463105
9011005042900000,1,55700000065463563,,0,1055700000065463105
9011005042900000,1,55700000065463607,,0,1055700000065463105
9011005042900000,1,55700000065463541,,0,1055700000065463105
9011005042900000,1,55700000065463585,,0,1055700000065463105
9011005043000000,1,55700000065446732,,1,1055700000054681856
9011005043000000,1,55700000065446772,,1,1055700000054681856
9011005043000000,1,55700000065446852,,1,1055700000054681856
9011005043000000,1,55700000065446812,,1,1055700000054681856
9011005043000000,1,55700000065446893,,0,1055700000054681905
9011005043000000,1,55700000065447016,,0,1055700000054681905
9011005043000000,1,55700000065446975,,0,1055700000054681905
9011005043000000,1,55700000065446934,,0,1055700000054681905
9011005043200000,1,55700000063207329,,1,1055700000057282577
9011005043200000,1,55700000063206729,,1,7055700000037158304
9011005043200000,1,55700000063207372,,1,1055700000057282577
9011005043200000,13,55700000063207848,,1,1055700000057282698
9011005043200000,1,55700000063207198,,1,1055700000036686942
9011005043200000,1,55700000063207243,,1,1055700000036686942
9011005043200000,1,55700000063207286,,1,1055700000057282577
9011005043200000,7,55700000063207881,,1,1055700000057282698
9011005043200000,1,55700000064483220,,1,1055700000057282498
9011005043200000,6,55700000064483641,,1,1055700000057282629
9011005043200000,1,55700000064483075,,1,1055700000057282498
9011005043200000,1,55700000064483325,,1,1055700000057282629
9011005043200000,7,55700000064483377,,1,1055700000057282629
9011005043200000,7,55700000064483429,,1,1055700000057282629
9011005043200000,2,55700000064483585,,1,1055700000057282629
9011005043200000,6,55700000064483700,,1,1055700000057282629
9011005043200000,1,55700000064483752,,1,1055700000057282629
9011005043200000,1,55700000064483804,,1,1055700000057282629
9011005043200000,1,55700000064483273,,1,1055700000057282629
9011005043200000,7,55700000064483533,,1,1055700000057282629
9011005043200000,1,55700000064483856,,1,1055700000057282629
9011005043200000,1,55700000064483005,,1,1055700000057282498
9011005043200000,7,55700000064483145,,1,1055700000057282498
9011005043200000,2,55700000064483481,,1,1055700000057282629
9011005043200000,1,55700000063208263,,0,1055700000036687040
9011005043200000,1,55700000063208302,,0,1055700000057283042
9011005043200000,1,55700000063208367,,0,1055700000057282954
9011005043200000,1,55700000063208597,,0,7055700000037158657
9011005043200000,1,55700000063208827,,0,1055700000057282745
9011005043200000,1,55700000063207932,,0,1055700000057282879
9011005043200000,11,55700000063207979,,0,1055700000057282879
9011005043200000,7,55700000063208393,,0,7055700000036687005
9011005043200000,1,55700000063208462,,0,1055700000057282792
9011005043200000,1,55700000063208637,,0,1055700000057282745
9011005043200000,2,55700000063208789,,0,1055700000057282745
9011005043200000,7,55700000063208169,,0,1055700000057282879
9011005043200000,1,55700000063208562,,0,1055700000037158657
9011005043200000,1,55700000063208026,,0,1055700000057282879
9011005043200000,11,55700000063208073,,0,1055700000057282879
9011005043200000,7,55700000063208122,,0,1055700000057282879
9011005043200000,7,55700000063208216,,0,1055700000057282879
9011005043200000,1,55700000063208527,,0,1055700000057282792
9011005043200000,1,55700000063208684,,0,1055700000057282879
9011005043200000,7,55700000063208749,,0,1055700000057282792
9011005043300000,1,55700000063204026,,1,1055700000057279976
9011005043300000,1,55700000063204171,,1,1055700000057279976
9011005043300000,1,55700000063204295,,1,1055700000057279976
9011005043300000,1,55700000063204357,,1,1055700000057279976
9011005043300000,1,55700000063204512,,1,1055700000057279976
9011005043300000,7,55700000063204618,,1,1055700000057279976
9011005043300000,2,55700000063204742,,1,1055700000057279976
9011005043300000,6,55700000063204903,,1,1055700000057279976
9011005043300000,6,55700000063204934,,1,1055700000057279976
9011005043300000,6,55700000063204965,,1,1055700000057279976
9011005043300000,7,55700000063205097,,1,1055700000057280021
9011005043300000,1,55700000063203933,,1,1055700000057279976
9011005043300000,1,55700000063203964,,1,1055700000057279976
9011005043300000,1,55700000063203995,,1,1055700000057279976
9011005043300000,1,55700000063204057,,1,1055700000057279976
9011005043300000,1,55700000063204096,,1,1055700000057280021
9011005043300000,1,55700000063204140,,1,1055700000057280021
9011005043300000,1,55700000063204202,,1,1055700000057279976
9011005043300000,1,55700000063204233,,1,1055700000057279976
9011005043300000,1,55700000063204388,,1,1055700000057279976
9011005043300000,1,55700000063204481,,1,1055700000057279976
9011005043300000,2,55700000063204711,,1,1055700000057279976
9011005043300000,2,55700000063204804,,1,1055700000057279976
9011005043300000,1,55700000063205053,,1,1055700000057280021
9011005043300000,1,55700000063203902,,1,1055700000057280021
9011005043300000,1,55700000063204118,,1,1055700000057280021
9011005043300000,1,55700000063204264,,1,1055700000057279976
9011005043300000,1,55700000063204534,,1,1055700000057280021
9011005043300000,2,55700000063204556,,1,1055700000057280021
9011005043300000,7,55700000063204587,,1,1055700000057279976
9011005043300000,6,55700000063204841,,1,1055700000057279976
9011005043300000,7,55700000063204996,,1,1055700000057279976
9011005043300000,1,55700000063204074,,1,1055700000057280052
9011005043300000,1,55700000063204326,,1,1055700000057279976
9011005043300000,7,55700000063204649,,1,1055700000057279976
9011005043300000,2,55700000063204680,,1,1055700000057279976
9011005043300000,2,55700000063204773,,1,1055700000057279976
9011005043300000,6,55700000063204872,,1,1055700000057279976
9011005043300000,7,55700000063205027,,1,1055700000057279976
9011005043300000,1,55700000065058560,,1,1055700000057279976
9011005043300000,1,55700000065058619,,1,1055700000057280021
9011005043300000,1,55700000065058591,,1,1055700000057279976
9011005043300000,1,55700000063205328,,0,1055700000057280118
9011005043300000,7,55700000063205436,,0,1055700000057280118
9011005043300000,9,55700000063205608,,0,1055700000057280118
9011005043300000,1,55700000063205862,,0,1055700000057280078
9011005043300000,1,55700000063205934,,0,1055700000057280078
9011005043300000,1,55700000063206006,,0,1055700000057280078
9011005043300000,1,55700000063205301,,0,1055700000057280118
9011005043300000,1,55700000063205355,,0,1055700000057280118
9011005043300000,1,55700000063205527,,0,1055700000057280118
9011005043300000,1,55700000063205718,,0,1055700000057280078
9011005043300000,11,55700000063205754,,0,1055700000057280078
9011005043300000,11,55700000063205790,,0,1055700000057280078
9011005043300000,11,55700000063205970,,0,1055700000057280078
9011005043300000,7,55700000063206192,,0,1055700000057280078
9011005043300000,6,55700000063206278,,0,1055700000057280078
9011005043300000,1,55700000063205130,,0,1055700000057280078
9011005043300000,1,55700000063205202,,0,1055700000057280078
9011005043300000,1,55700000063205274,,0,1055700000057280078
9011005043300000,13,55700000063205382,,0,1055700000057280118
9011005043300000,7,55700000063205409,,0,1055700000057280118
9011005043300000,7,55700000063205463,,0,1055700000057280118
9011005043300000,1,55700000063205581,,0,1055700000057280118
9011005043300000,1,55700000063205646,,0,1055700000057280078
9011005043300000,11,55700000063205898,,0,1055700000057280078
9011005043300000,1,55700000063206042,,0,1055700000057280078
9011005043300000,1,55700000063205238,,0,1055700000057280078
9011005043300000,1,55700000063205554,,0,1055700000057280118
9011005043300000,11,55700000063205682,,0,1055700000057280078
9011005043300000,7,55700000063206078,,0,1055700000057280078
9011005043300000,7,55700000063206114,,0,1055700000057280078
9011005043300000,2,55700000063206156,,0,1055700000057280078
9011005043300000,7,55700000063206232,,0,1055700000057280078
9011005043300000,1,55700000065058660,,0,1055700000057280078
9011005043300000,9,55700000065058713,,0,1055700000057280118
9011005043300000,1,55700000065058761,,0,1055700000057280078
9011005044000000,1,55700000063199582,,1,1055700000062340191
9011005044000000,1,55700000063199629,,1,1055700000062340191
9011005044000000,1,55700000063199757,,1,1055700000062340191
9011005044000000,1,55700000063199851,,1,1055700000062340191
9011005044000000,1,55700000063199932,,1,1055700000062340247
9011005044000000,1,55700000063200026,,1,1055700000062340191
9011005044000000,1,55700000063200430,,1,7055700000041165740
9011005044000000,34,55700000063200523,,1,1055700000062340191
9011005044000000,1,55700000063200604,,1,1055700000062340247
9011005044000000,6,55700000063201218,,1,1055700000062340191
9011005044000000,2,55700000063201312,,1,1055700000062340191
9011005044000000,7,55700000063201406,,1,1055700000062340191
9011005044000000,6,55700000063201453,,1,1055700000062340191
9011005044000000,1,55700000063199360,,1,1055700000062340191
9011005044000000,1,55700000063199979,,1,1055700000062340191
9011005044000000,1,55700000063200149,,1,1055700000062340247
9011005044000000,11,55700000063200196,,1,1055700000062340191
9011005044000000,2,55700000063200339,,1,1055700000062340191
9011005044000000,2,55700000063200766,,1,1055700000062340247
9011005044000000,6,55700000063201265,,1,1055700000062340191
9011005044000000,1,55700000063199488,,1,1055700000062340247
9011005044000000,1,55700000063199710,,1,1055700000062340247
9011005044000000,1,55700000063199804,,1,1055700000062340191
9011005044000000,2,55700000063200474,,1,7055700000041165740
9011005044000000,1,55700000063200685,,1,1055700000062340247
9011005044000000,2,55700000063200928,,1,1055700000062340247
9011005044000000,6,55700000063201009,,1,1055700000062340247
9011005044000000,6,55700000063201090,,1,1055700000062340247
9011005044000000,6,55700000063201171,,1,1055700000062340247
9011005044000000,6,55700000063201500,,1,1055700000062340191
9011005044000000,1,55700000063201549,,1,1055700000062340191
9011005044000000,1,55700000063199407,,1,1055700000062340191
9011005044000000,1,55700000063199535,,1,1055700000062340191
9011005044000000,1,55700000063200068,,1,1055700000041165740
9011005044000000,2,55700000063200243,,1,1055700000062340191
9011005044000000,2,55700000063200290,,1,1055700000062340191
9011005044000000,6,55700000063200386,,1,1055700000062340191
9011005044000000,2,55700000063200847,,1,1055700000062340247
9011005044000000,2,55700000063201359,,1,1055700000062340191
9011005044000000,1,55700000063201596,,1,1055700000062340191
9011005044000000,1,55700000063201872,,0,1055700000062340342
9011005044000000,1,55700000063202002,,0,1055700000062340399
9011005044000000,1,55700000063202690,,0,1055700000062340342
9011005044000000,1,55700000063202814,,0,1055700000058582114
9011005044000000,6,55700000063203232,,0,1055700000062340342
9011005044000000,6,55700000063203726,,0,1055700000062340399
9011005044000000,1,55700000063202180,,0,1055700000062340342
9011005044000000,11,55700000063202276,,0,1055700000062340342
9011005044000000,1,55700000063202462,,0,1055700000062340399
9011005044000000,14,55700000063202544,,0,1055700000062340399
9011005044000000,1,55700000063202594,,0,1055700000062340342
9011005044000000,2,55700000063203088,,0,1055700000062340342
9011005044000000,2,55700000063203480,,0,1055700000062340399
9011005044000000,1,55700000063201644,,0,1055700000062340342
9011005044000000,6,55700000063201742,,0,1055700000062340342
9011005044000000,1,55700000063201824,,0,1055700000062340399
9011005044000000,1,55700000063201920,,0,1055700000062340342
9011005044000000,1,55700000063202084,,0,1055700000062340399
9011005044000000,1,55700000063202132,,0,1055700000062340342
9011005044000000,14,55700000063202228,,0,1055700000062340342
9011005044000000,2,55700000063202372,,0,1055700000062340342
9011005044000000,1,55700000063202772,,0,1055700000062340399
9011005044000000,2,55700000063202900,,0,7055700000058582114
9011005044000000,6,55700000063202944,,0,1055700000058582114
9011005044000000,1,55700000063202992,,0,1055700000062340342
9011005044000000,2,55700000063203040,,0,1055700000062340342
9011005044000000,7,55700000063203136,,0,1055700000062340342
9011005044000000,2,55700000063203398,,0,1055700000062340399
9011005044000000,2,55700000063203562,,0,1055700000062340399
9011005044000000,9,55700000063201692,,0,1055700000062340342
9011005044000000,7,55700000063202324,,0,1055700000062340342
9011005044000000,1,55700000063202642,,0,1055700000062340342
9011005044000000,1,55700000063202856,,0,7055700000058582114
9011005044000000,6,55700000063203184,,0,1055700000062340342
9011005044000000,1,55700000063203316,,0,1055700000062340399
9011005044000000,6,55700000063203644,,0,1055700000062340399
9011005044100000,1,55700000063198982,,1,1055700000062339633
9011005044100000,1,55700000063199032,,1,1055700000062339633
9011005044100000,1,55700000063198932,,1,1055700000062339633
9011005044100000,1,55700000063199082,,1,1055700000062339633
9011005044100000,1,55700000063199132,,0,1055700000062339697
9011005044100000,1,55700000063199232,,0,1055700000062339697
9011005044100000,1,55700000063199282,,0,1055700000062339697
9011005044100000,1,55700000063199182,,0,1055700000062339697
9011005044400000,1,55700000063198532,,1,1055700000049426153
9011005044400000,1,55700000063198556,,1,1055700000049426153
9011005044400000,1,55700000063198632,,1,1055700000062339233
9011005044400000,1,55700000063198670,,1,1055700000062339233
9011005044400000,1,55700000063198508,,1,1055700000049426153
9011005044400000,1,55700000063198594,,1,1055700000062339233
9011005044400000,1,55700000063198748,,0,1055700000062339280
9011005044400000,1,55700000063198811,,0,1055700000062339280
9011005044400000,1,55700000063198709,,0,1055700000062339280
9011005044400000,1,55700000063198772,,0,1055700000002484014
9011005044400000,1,55700000063198850,,0,1055700000062339280
9011005045000000,1,55700000063196128,,1,1055700000062337433
9011005045000000,6,55700000063196418,,1,1055700000062337433
9011005045000000,2,55700000063196598,,1,1055700000062337433
9011005045000000,1,55700000063196092,,1,1055700000062337433
9011005045000000,1,55700000063196200,,1,1055700000062337433
9011005045000000,2,55700000063196634,,1,1055700000062337433
9011005045000000,2,55700000063196670,,1,1055700000062337433
9011005045000000,6,55700000063196706,,1,1055700000062337433
9011005045000000,1,55700000063196236,,1,1055700000062337433
9011005045000000,1,55700000063196308,,1,1055700000062337433
9011005045000000,7,55700000063196346,,1,1055700000062337433
9011005045000000,1,55700000063196056,,1,1055700000062337433
9011005045000000,1,55700000063196164,,1,1055700000062337433
9011005045000000,3,55700000063196272,,1,1055700000062337433
9011005045000000,2,55700000063196382,,1,1055700000062337433
9011005045000000,9,55700000063196453,,1,1055700000062337477
9011005045000000,13,55700000063196524,,1,1055700000062337433
9011005045000000,2,55700000063196562,,1,1055700000062337433
9011005045000000,6,55700000063196742,,1,1055700000062337433
9011005045000000,1,55700000065058251,,1,1055700000062337477
9011005045000000,1,55700000063197032,,0,1055700000062337518
9011005045000000,2,55700000063197068,,0,1055700000062337518
9011005045000000,2,55700000063197320,,0,1055700000062337518
9011005045000000,6,55700000063197464,,0,1055700000062337518
9011005045000000,1,55700000063196888,,0,1055700000062337518
9011005045000000,6,55700000063197104,,0,1055700000062337518
9011005045000000,1,55700000063196778,,0,1055700000062337518
9011005045000000,13,55700000063196814,,0,1055700000062337518
9011005045000000,1,55700000063196996,,0,1055700000062337518
9011005045000000,2,55700000063197176,,0,1055700000062337518
9011005045000000,2,55700000063197212,,0,1055700000062337518
9011005045000000,2,55700000063197248,,0,1055700000062337518
9011005045000000,2,55700000063197284,,0,1055700000062337518
9011005045000000,2,55700000063197392,,0,1055700000062337518
9011005045000000,6,55700000063197428,,0,1055700000062337518
9011005045000000,1,55700000063197536,,0,1055700000062337518
9011005045000000,1,55700000063197572,,0,1055700000062337518
9011005045000000,1,55700000063196852,,0,1055700000062337518
9011005045000000,1,55700000063196924,,0,1055700000062337518
9011005045000000,1,55700000063196960,,0,1055700000062337518
9011005045000000,6,55700000063197140,,0,1055700000062337518
9011005045000000,2,55700000063197356,,0,1055700000062337518
9011005045000000,1,55700000065058322,,0,1055700000062337518
9011005045200000,1,55700000063195735,,1,1055700000002487421
9011005045200000,1,55700000063195814,,1,1055700000012381981
9011005045200000,1,55700000063195757,,1,1055700000002487421
9011005045200000,1,55700000065058154,,1,1055700000002487421
9011005045200000,1,55700000063195933,,0,1055700000041186439
9011005045200000,1,55700000063195867,,0,1055700000041186377
9011005045200000,1,55700000063195990,,0,1055700000041186311
9011005045200000,1,55700000063195911,,0,1055700000041186439
9011005045200000,1,55700000065058180,,0,1055700000041186439
9011005045700000,1,55700000063194590,,1,1055700000062335924
9011005045700000,1,55700000063194774,,1,1055700000062335984
9011005045700000,1,55700000063194891,,1,1055700000062335984
9011005045700000,1,55700000063194930,,1,1055700000062335984
9011005045700000,1,55700000063194696,,1,1055700000062335857
9011005045700000,1,55700000063194735,,1,1055700000062335984
9011005045700000,1,55700000063194983,,1,1055700000062335857
9011005045700000,1,55700000063194643,,1,1055700000062335857
9011005045700000,1,55700000063194813,,1,1055700000062335984
9011005045700000,1,55700000063194852,,1,1055700000062335984
9011005045700000,1,55700000063195094,,0,1055700000062336032
9011005045700000,1,55700000063195137,,0,1055700000062336100
9011005045700000,1,55700000063195223,,0,1055700000062336100
9011005045700000,1,55700000063195266,,0,1055700000062336100
9011005045700000,1,55700000063195452,,0,1055700000062336149
9011005045700000,1,55700000063195037,,0,1055700000062336032
9011005045700000,1,55700000063195180,,0,1055700000062336100
9011005045700000,1,55700000063195323,,0,1055700000062336032
9011005045700000,1,55700000063195380,,0,1055700000062336032
9011005045700000,1,55700000063195416,,0,1055700000062336149
9011005045900000,1,55700000065055085,,1,1055700000053199571
9011005045900000,1,55700000065055199,,1,1055700000062332540
9011005045900000,1,55700000065055286,,1,1055700000062332540
9011005045900000,1,55700000065055571,,1,1055700000062332540
9011005045900000,1,55700000065055685,,1,1055700000062332540
9011005045900000,2,55700000065056143,,1,1055700000062332540
9011005045900000,1,55700000065056285,,1,1055700000062332540
9011005045900000,1,55700000065055400,,1,1055700000062332540
9011005045900000,1,55700000065055742,,1,1055700000062332540
9011005045900000,1,55700000065055856,,1,1055700000062332540
9011005045900000,13,55700000065055913,,1,1055700000062332540
9011005045900000,7,55700000065056027,,1,1055700000062332540
9011005045900000,2,55700000065056084,,1,1055700000062332540
9011005045900000,7,55700000065056200,,1,1055700000062332540
9011005045900000,7,55700000065056456,,1,1055700000062332540
9011005045900000,1,55700000065055514,,1,1055700000062332540
9011005045900000,11,55700000065055628,,1,1055700000062332540
9011005045900000,1,55700000065055799,,1,1055700000062332540
9011005045900000,11,55700000065056342,,1,1055700000062332540
9011005045900000,9,55700000065343052,,1,1055700000065342990
9011005045900000,1,55700000065055142,,1,1055700000062332540
9011005045900000,1,55700000065055343,,1,1055700000062332540
9011005045900000,1,55700000065055457,,1,1055700000062332540
9011005045900000,2,55700000065055970,,1,1055700000062332540
9011005045900000,11,55700000065056399,,1,1055700000062332540
9011005045900000,9,55700000063192849,,0,1055700000062332744
9011005045900000,1,55700000065332625,,0,1055700000062332683
9011005045900000,11,55700000065343280,,0,1055700000062332611
9011005045900000,7,55700000065343512,,0,1055700000062332611
9011005045900000,1,55700000065343891,,0,1055700000062332611
9011005045900000,1,55700000065344355,,0,1055700000062332611
9011005045900000,7,55700000065344413,,0,1055700000062332611
9011005045900000,2,55700000065344471,,0,1055700000062332611
9011005045900000,7,55700000065344529,,0,1055700000062332611
9011005045900000,7,55700000065344645,,0,1055700000062332611
9011005045900000,1,55700000065343164,,0,1055700000062332611
9011005045900000,34,55700000065343454,,0,1055700000062332611
9011005045900000,2,55700000065343570,,0,1055700000062332611
9011005045900000,2,55700000065343632,,0,1055700000062332611
9011005045900000,1,55700000065343716,,0,1055700000062332611
9011005045900000,1,55700000065344065,,0,1055700000062332611
9011005045900000,1,55700000065344239,,0,1055700000062332611
9011005045900000,1,55700000065343222,,0,1055700000062332611
9011005045900000,1,55700000065343338,,0,1055700000062332611
9011005045900000,11,55700000065343396,,0,1055700000062332611
9011005045900000,1,55700000065343949,,0,1055700000062332611
9011005045900000,1,55700000065344007,,0,1055700000062332611
9011005045900000,1,55700000065344123,,0,1055700000062332611
9011005045900000,1,55700000065344297,,0,1055700000062332611
9011005045900000,1,55700000065343775,,0,1055700000062332611
9011005045900000,1,55700000065343833,,0,1055700000062332611
9011005045900000,1,55700000065344181,,0,1055700000062332611
9011005045900000,2,55700000065344587,,0,1055700000062332611
9011005046400000,1,55700000065054547,,1,1055700000052944778
9011005046400000,1,55700000065054679,,1,1055700000052944778
9011005046400000,1,55700000065054580,,1,1055700000052944778
9011005046400000,1,55700000065054514,,1,1055700000052944778
9011005046400000,1,55700000065054613,,1,1055700000052944778
9011005046400000,1,55700000065054646,,1,1055700000052944778
9011005046400000,7,55700000065054712,,1,1055700000052944778
9011005046400000,7,55700000065054745,,1,1055700000052944778
9011005046400000,1,55700000065054848,,0,1055700000052944819
9011005046400000,1,55700000065054881,,0,1055700000052944819
9011005046400000,1,55700000065054815,,0,1055700000052944819
9011005046400000,1,55700000065054914,,0,1055700000052944819
9011005046400000,1,55700000065055017,,0,1055700000052944819
9011005046400000,1,55700000065054782,,0,1055700000052944819
9011005046400000,7,55700000065054947,,0,1055700000052944819
9011005046400000,7,55700000065054980,,0,1055700000052944819
9011005047100000,1,55700000063189385,,1,1055700000061400711
9011005047100000,1,55700000063189457,,1,1055700000061400711
9011005047100000,1,55700000063189349,,1,1055700000061400711
9011005047100000,1,55700000063189493,,1,1055700000061400711
9011005047100000,1,55700000063189421,,1,1055700000061400711
9011005047100000,1,55700000063189537,,1,1055700000052134326
9011005047100000,1,55700000063602328,,1,1055700000052134326
9011005047100000,1,55700000063189672,,0,1055700000061400755
9011005047100000,1,55700000063189743,,0,1055700000052134396
9011005047100000,1,55700000063189573,,0,1055700000061400755
9011005047100000,1,55700000063189705,,0,1055700000061400755
9011005047100000,1,55700000063189606,,0,1055700000061400755
9011005047100000,1,55700000063189639,,0,1055700000061400755
9011005047100000,1,55700000063189724,,0,1055700000052134396
9011005048000000,2,55700000064822953,,1,1055700000064822660
9011005048000000,1,55700000064823193,,1,1055700000064822660
9011005048000000,1,55700000064823305,,1,1055700000064822660
9011005048000000,7,55700000064823529,,1,1055700000064822660
9011005048000000,7,55700000064823645,,1,1055700000064822660
9011005048000000,7,55700000064823757,,1,1055700000064822660
9011005048000000,6,55700000064823011,,1,1055700000064822660
9011005048000000,1,55700000064823249,,1,1055700000064822660
9011005048000000,11,55700000064823827,,1,1055700000064822660
9011005048000000,13,55700000064823883,,1,1055700000064822660
9011005048000000,1,55700000064823137,,1,1055700000064822660
9011005048000000,1,55700000064823473,,1,1055700000064822660
9011005048000000,7,55700000064823589,,1,1055700000064822660
9011005048000000,7,55700000064822839,,1,1055700000064822660
9011005048000000,13,55700000064822897,,1,1055700000064822660
9011005048000000,1,55700000064823081,,1,1055700000064822660
9011005048000000,11,55700000064823361,,1,1055700000064822660
9011005048000000,11,55700000064823417,,1,1055700000064822660
9011005048000000,7,55700000064823701,,1,1055700000064822660
9011005048000000,7,55700000064824017,,0,1055700000064822726
9011005048000000,6,55700000064824077,,0,1055700000064822726
9011005048000000,13,55700000064824657,,0,1055700000064822726
9011005048000000,1,55700000064823959,,0,1055700000064822726
9011005048000000,11,55700000064824251,,0,1055700000064822726
9011005048000000,1,55700000064824309,,0,1055700000064822726
9011005048000000,1,55700000064824483,,0,1055700000064822726
9011005048000000,2,55700000064824715,,0,1055700000064822726
9011005048000000,7,55700000064824893,,0,1055700000064822726
9011005048000000,7,55700000064825009,,0,1055700000064822726
9011005048000000,7,55700000064825067,,0,1055700000064822726
9011005048000000,6,55700000064825185,,0,1055700000064822726
9011005048000000,1,55700000064824425,,0,1055700000064822726
9011005048000000,1,55700000064824541,,0,1055700000064822726
9011005048000000,1,55700000064824599,,0,1055700000064822726
9011005048000000,7,55700000064824835,,0,1055700000064822726
9011005048000000,2,55700000064825125,,0,1055700000064822726
9011005048000000,1,55700000064824135,,0,1055700000064822726
9011005048000000,1,55700000064824193,,0,1055700000064822726
9011005048000000,11,55700000064824367,,0,1055700000064822726
9011005048000000,7,55700000064824777,,0,1055700000064822726
9011005048000000,7,55700000064824951,,0,1055700000064822726
9011005048200000,1,55700000064820952,,1,1055700000064820585
9011005048200000,1,55700000064821196,,1,1055700000064820585
9011005048200000,1,55700000064821388,,1,1055700000064820585
9011005048200000,1,55700000064820856,,1,1055700000064820585
9011005048200000,1,55700000064820904,,1,1055700000064820585
9011005048200000,1,55700000064821000,,1,1055700000064820585
9011005048200000,1,55700000064821037,,1,1055700000064820647
9011005048200000,1,55700000064821074,,1,1055700000064820647
9011005048200000,1,55700000064821111,,1,1055700000064820647
9011005048200000,1,55700000064821244,,1,1055700000064820585
9011005048200000,3,55700000064821292,,1,1055700000064820585
9011005048200000,1,55700000064821340,,1,1055700000064820585
9011005048200000,7,55700000064821582,,1,1055700000064820585
9011005048200000,1,55700000064821148,,1,1055700000064820647
9011005048200000,1,55700000064821436,,1,1055700000064820585
9011005048200000,7,55700000064821630,,1,1055700000064820585
9011005048200000,2,55700000064821484,,1,1055700000064820585
9011005048200000,7,55700000064821532,,1,1055700000064820585
9011005048200000,1,55700000064821685,,0,1055700000064820698
9011005048200000,1,55700000064821962,,0,1055700000064820698
9011005048200000,1,55700000064822207,,0,1055700000064820698
9011005048200000,1,55700000064821734,,0,1055700000064820698
9011005048200000,1,55700000064821783,,0,1055700000064820698
9011005048200000,1,55700000064822060,,0,1055700000064820698
9011005048200000,3,55700000064822109,,0,1055700000064820698
9011005048200000,1,55700000064822158,,0,1055700000064820698
9011005048200000,1,55700000064822498,,0,1055700000064820761
9011005048200000,1,55700000064822536,,0,1055700000064820761
9011005048200000,1,55700000064821832,,0,1055700000064820698
9011005048200000,9,55700000064821870,,0,1055700000064820761
9011005048200000,1,55700000064822011,,0,1055700000064820698
9011005048200000,1,55700000064822256,,0,1055700000064820698
9011005048200000,7,55700000064822354,,0,1055700000064820698
9011005048200000,7,55700000064822405,,0,1055700000064820698
9011005048200000,1,55700000064821913,,0,1055700000064820761
9011005048200000,2,55700000064822305,,0,1055700000064820698
9011005048200000,7,55700000064822454,,0,1055700000064820698
9011005048300000,1,55700000064819993,,1,1055700000064819833
9011005048300000,1,55700000064820027,,1,1055700000064819833
9011005048300000,1,55700000064820061,,1,1055700000064819833
9011005048300000,1,55700000064820094,,1,1055700000064819867
9011005048300000,1,55700000064819959,,1,1055700000064819833
9011005048300000,1,55700000064820119,,0,1055700000064819900
9011005048300000,1,55700000064820144,,0,1055700000064819900
9011005048300000,1,55700000064820169,,0,1055700000064819900
9011005048300000,1,55700000064820194,,0,1055700000064819900
9011005048300000,1,55700000064820219,,0,1055700000064819900
9011005048400000,1,55700000063175121,,1,1055700000036741639
9011005048400000,1,55700000063175230,,1,1055700000057245760
9011005048400000,1,55700000063175401,,1,1055700000057245811
9011005048400000,1,55700000063175491,,1,1055700000036741612
9011005048400000,1,55700000063175508,,1,1055700000002501057
9011005048400000,1,55700000063175014,,1,1055700000057245760
9011005048400000,1,55700000063175558,,1,1055700000002501057
9011005048400000,1,55700000063175086,,1,1055700000036741639
9011005048400000,1,55700000063175341,,1,1055700000057245760
9011005048400000,1,55700000063175372,,1,1055700000057245811
9011005048400000,1,55700000063175470,,1,1055700000036741612
9011005048400000,6,55700000063175051,,1,1055700000057245760
9011005048400000,1,55700000063175156,,1,1055700000036741639
9011005048400000,1,55700000063175193,,1,1055700000057245760
9011005048400000,1,55700000063175267,,1,1055700000057245760
9011005048400000,1,55700000063175304,,1,1055700000057245760
9011005048400000,1,55700000063175428,,1,1055700000036741612
9011005048400000,1,55700000063175449,,1,1055700000036741612
9011005048400000,1,55700000063175533,,1,1055700000002501057
9011005048400000,1,55700000063175595,,0,1055700000057245848
9011005048400000,1,55700000063175683,,0,1055700000057245848
9011005048400000,1,55700000063175813,,0,1055700000057245883
9011005048400000,1,55700000063175857,,0,1055700000057245848
9011005048400000,1,55700000063176113,,0,1055700000036741714
9011005048400000,1,55700000063175639,,0,1055700000057245848
9011005048400000,6,55700000063175759,,0,1055700000057245848
9011005048400000,1,55700000063176023,,0,1055700000057245848
9011005048400000,1,55700000063175715,,0,1055700000052131932
9011005048400000,1,55700000063175939,,0,1055700000057245848
9011005048400000,1,55700000063175895,,0,1055700000057245936
9011005048400000,1,55700000063176077,,0,1055700000057245883
9011005048400000,1,55700000063176132,,0,1055700000036741714
9011005048400000,1,55700000063176159,,0,1055700000057245848
9011005048600000,1,55700000064819493,,1,1055700000064819412
9011005048600000,1,55700000064819514,,1,1055700000064819412
9011005048600000,1,55700000064819577,,1,1055700000064819412
9011005048600000,1,55700000064819556,,1,1055700000064819412
9011005048600000,1,55700000064819598,,1,1055700000064819412
9011005048600000,1,55700000064819535,,1,1055700000064819412
9011005048600000,1,55700000064819724,,0,1055700000064819442
9011005048600000,1,55700000064819619,,0,1055700000064819442
9011005048600000,1,55700000064819640,,0,1055700000064819442
9011005048600000,1,55700000064819661,,0,1055700000064819442
9011005048600000,1,55700000064819682,,0,1055700000064819442
9011005048600000,1,55700000064819703,,0,1055700000064819442
9011005048600000,1,55700000064819745,,0,1055700000064819442
9011005051300000,2,55700000063173645,,1,1055700000062070835
9011005051300000,2,55700000063173678,,1,1055700000062070835
9011005051300000,7,55700000063173775,,1,7055700000053426115
9011005051300000,1,55700000063173847,,1,1055700000062070835
9011005051300000,1,55700000063173731,,1,7055700000053426115
9011005051300000,1,55700000063173913,,1,1055700000062070835
9011005051300000,1,55700000063174078,,1,1055700000062070835
9011005051300000,6,55700000063174111,,1,1055700000062070835
9011005051300000,6,55700000063174144,,1,1055700000062070835
9011005051300000,2,55700000063173711,,1,1055700000062070835
9011005051300000,4,55700000063173753,,1,7055700000053426115
9011005051300000,1,55700000063173814,,1,1055700000062070835
9011005051300000,1,55700000063173946,,1,1055700000062070835
9011005051300000,6,55700000063174045,,1,1055700000062070835
9011005051300000,1,55700000063173880,,1,1055700000062070835
9011005051300000,1,55700000063584827,,1,1055700000062070835
9011005051300000,1,55700000063584868,,1,1055700000062070835
9011005051300000,7,55700000063174212,,0,1055700000062070882
9011005051300000,1,55700000063174350,,0,1055700000062070882
9011005051300000,1,55700000063174588,,0,1055700000062070882
9011005051300000,2,55700000063174178,,0,1055700000062070882
9011005051300000,6,55700000063174316,,0,1055700000062070882
9011005051300000,1,55700000063174418,,0,1055700000062070882
9011005051300000,1,55700000063174622,,0,1055700000062070882
9011005051300000,1,55700000063174384,,0,1055700000062070882
9011005051300000,2,55700000063174246,,0,1055700000062070882
9011005051300000,6,55700000063174280,,0,1055700000062070882
9011005051300000,1,55700000063174452,,0,1055700000062070882
9011005051300000,1,55700000063174554,,0,1055700000062070882
9011005051300000,1,55700000063584903,,0,1055700000062070882
9011005051300000,1,55700000063584937,,0,1055700000062070882
9011005052000000,1,55700000063171805,,1,1055700000055584551
9011005052000000,1,55700000063172162,,1,1055700000055584551
9011005052000000,1,55700000063172274,,1,1055700000055584551
9011005052000000,1,55700000063171938,,1,1055700000055584551
9011005052000000,1,55700000063172106,,1,1055700000055584551
9011005052000000,1,55700000063172330,,1,1055700000055584551
9011005052000000,1,55700000063172386,,1,1055700000055584551
9011005052000000,1,55700000063171749,,1,1055700000055584551
9011005052000000,1,55700000063171882,,1,1055700000055584551
9011005052000000,1,55700000063171994,,1,1055700000055584551
9011005052000000,1,55700000063172050,,1,1055700000055584551
9011005052000000,1,55700000063584023,,1,1055700000055584551
9011005052000000,9,55700000065047308,,1,1055700000057243861
9011005052000000,1,55700000063172442,,0,1055700000053622285
9011005052000000,1,55700000063172615,,0,1055700000053622285
9011005052000000,1,55700000063172951,,0,1055700000053622285
9011005052000000,1,55700000063173007,,0,1055700000053622285
9011005052000000,1,55700000063172727,,0,1055700000053622285
9011005052000000,1,55700000063172783,,0,1055700000053622285
9011005052000000,1,55700000063172895,,0,1055700000053622285
9011005052000000,1,55700000063173063,,0,1055700000053622285
9011005052000000,1,55700000063172559,,0,1055700000053622285
9011005052000000,1,55700000063173119,,0,1055700000053622285
9011005052000000,1,55700000063584092,,0,1055700000053622285
9011005052000000,1,55700000063584150,,0,1055700000053622285
9011005052000000,1,55700000065047387,,0,1055700000053622354
9011005052100000,1,55700000063168693,,1,1055700000055583140
9011005052100000,11,55700000063168725,,1,1055700000055583140
9011005052100000,11,55700000063168757,,1,1055700000055583140
9011005052100000,7,55700000063168789,,1,1055700000055583140
9011005052100000,7,55700000063168825,,1,1055700000055583140
9011005052100000,7,55700000063168921,,1,1055700000055583140
9011005052100000,1,55700000063169299,,1,1055700000055583140
9011005052100000,1,55700000063169363,,1,1055700000055583140
9011005052100000,11,55700000063169523,,1,1055700000055583140
9011005052100000,7,55700000063169717,,1,1055700000055583140
9011005052100000,1,55700000063169773,,1,1055700000055583140
9011005052100000,1,55700000063168565,,1,1055700000055583140
9011005052100000,1,55700000063168597,,1,1055700000055583140
9011005052100000,1,55700000063169075,,1,1055700000055583140
9011005052100000,1,55700000063169171,,1,1055700000055583140
9011005052100000,1,55700000063169235,,1,1055700000055583140
9011005052100000,1,55700000063169267,,1,1055700000055583140
9011005052100000,11,55700000063169459,,1,1055700000055583140
9011005052100000,7,55700000063169587,,1,1055700000055583140
9011005052100000,1,55700000063168629,,1,1055700000055583140
9011005052100000,1,55700000063168661,,1,1055700000055583140
9011005052100000,9,55700000063168944,,1,1055700000002513512
9011005052100000,1,55700000063168978,,1,1055700000055583140
9011005052100000,1,55700000063169011,,1,1055700000055583181
9011005052100000,1,55700000063169107,,1,1055700000055583140
9011005052100000,1,55700000063169427,,1,1055700000055583140
9011005052100000,7,55700000063169651,,1,1055700000055583140
9011005052100000,7,55700000063169683,,1,1055700000055583140
9011005052100000,1,55700000063169869,,1,1055700000055583140
9011005052100000,7,55700000063168857,,1,1055700000055583140
9011005052100000,7,55700000063168889,,1,1055700000055583140
9011005052100000,1,55700000063169043,,1,1055700000055583140
9011005052100000,1,55700000063169139,,1,1055700000055583140
9011005052100000,1,55700000063169203,,1,1055700000055583140
9011005052100000,11,55700000063169395,,1,1055700000055583140
9011005052100000,11,55700000063169491,,1,1055700000055583140
9011005052100000,2,55700000063169555,,1,1055700000055583140
9011005052100000,7,55700000063169619,,1,1055700000055583140
9011005052100000,1,55700000063169901,,1,1055700000055583140
9011005052100000,1,55700000063583645,,1,1055700000055583140
9011005052100000,1,55700000063583556,,1,1055700000055583140
9011005052100000,1,55700000063583612,,1,1055700000055583140
9011005052100000,9,55700000063170017,,0,1055700000034224027
9011005052100000,1,55700000063170147,,0,1055700000019260082
9011005052100000,1,55700000063170211,,0,1055700000019260082
9011005052100000,1,55700000063170320,,0,1055700000019260137
9011005052100000,1,55700000063170385,,0,1055700000019260082
9011005052100000,1,55700000063170418,,0,1055700000019260137
9011005052100000,14,55700000063170450,,0,1055700000019260082
9011005052100000,2,55700000063170578,,0,1055700000019260082
9011005052100000,7,55700000063171011,,0,1055700000019260082
9011005052100000,2,55700000063171107,,0,1055700000019260082
9011005052100000,1,55700000063171212,,0,1055700000019260082
9011005052100000,1,55700000063171340,,0,1055700000019260082
9011005052100000,9,55700000063171397,,0,1055700000034223993
9011005052100000,1,55700000063169933,,0,1055700000019260082
9011005052100000,1,55700000063169997,,0,1055700000019260082
9011005052100000,1,55700000063170051,,0,1055700000019260082
9011005052100000,35,55700000063170275,,0,1055700000019260082
9011005052100000,11,55700000063170482,,0,1055700000019260082
9011005052100000,1,55700000063170514,,0,1055700000019260082
9011005052100000,11,55700000063170546,,0,1055700000019260082
9011005052100000,7,55700000063170610,,0,1055700000019260082
9011005052100000,7,55700000063170644,,0,1055700000019260082
9011005052100000,7,55700000063170678,,0,1055700000019260082
9011005052100000,6,55700000063170712,,0,1055700000019260082
9011005052100000,7,55700000063170851,,0,1055700000019260082
9011005052100000,7,55700000063170883,,0,1055700000019260082
9011005052100000,7,55700000063170915,,0,1055700000019260082
9011005052100000,7,55700000063170979,,0,1055700000019260082
9011005052100000,1,55700000063171244,,0,1055700000019260082
9011005052100000,1,55700000063171308,,0,1055700000019260082
9011005052100000,1,55700000063171372,,0,1055700000019260082
9011005052100000,9,55700000063171419,,0,1055700000012685101
9011005052100000,1,55700000063170115,,0,1055700000019260082
9011005052100000,1,55700000063170179,,0,1055700000019260082
9011005052100000,1,55700000063170243,,0,1055700000019260082
9011005052100000,1,55700000063170819,,0,1055700000019260082
9011005052100000,2,55700000063171139,,0,1055700000019260082
9011005052100000,9,55700000063171408,,0,1055700000012685101
9011005052100000,1,55700000063169965,,0,1055700000019260082
9011005052100000,1,55700000063170083,,0,1055700000019260082
9011005052100000,6,55700000063170744,,0,1055700000019260082
9011005052100000,7,55700000063170947,,0,1055700000019260082
9011005052100000,7,55700000063171043,,0,1055700000019260082
9011005052100000,2,55700000063171075,,0,1055700000019260082
9011005052100000,1,55700000063171276,,0,1055700000019260082
9011005052100000,1,55700000063583770,,0,1055700000019260137
9011005052100000,1,55700000063583824,,0,1055700000019260137
9011005052100000,9,55700000065047170,,0,1055700000034223959
9011005052200000,1,55700000063165591,,1,1055700000055596960
9011005052200000,11,55700000063165687,,1,1055700000055596960
9011005052200000,2,55700000063165851,,1,1055700000055596960
9011005052200000,1,55700000063166536,,1,1055700000055596960
9011005052200000,1,55700000063166662,,1,1055700000055596960
9011005052200000,11,55700000063166758,,1,1055700000055596960
9011005052200000,2,55700000063166854,,1,1055700000055596960
9011005052200000,7,55700000063165787,,1,1055700000055596960
9011005052200000,7,55700000063165915,,1,1055700000055596960
9011005052200000,7,55700000063165947,,1,1055700000055596960
9011005052200000,6,55700000063166011,,1,1055700000055596960
9011005052200000,6,55700000063166047,,1,1055700000055596960
9011005052200000,6,55700000063166079,,1,1055700000055596960
9011005052200000,1,55700000063166152,,1,1055700000055596960
9011005052200000,1,55700000063166280,,1,1055700000055596960
9011005052200000,1,55700000063166376,,1,1055700000055596960
9011005052200000,1,55700000063166440,,1,1055700000055596960
9011005052200000,1,55700000063166630,,1,1055700000055597006
9011005052200000,11,55700000063166726,,1,1055700000055596960
9011005052200000,7,55700000063166822,,1,1055700000055596960
9011005052200000,3,55700000063165655,,1,1055700000055596960
9011005052200000,2,55700000063165819,,1,1055700000055596960
9011005052200000,1,55700000063166120,,1,1055700000055597006
9011005052200000,1,55700000063166184,,1,1055700000055596960
9011005052200000,1,55700000063166597,,1,1055700000055597006
9011005052200000,11,55700000063166694,,1,1055700000055596960
9011005052200000,2,55700000063166790,,1,1055700000055596960
9011005052200000,1,55700000063165559,,1,1055700000055596960
9011005052200000,1,55700000063165623,,1,1055700000055596960
9011005052200000,1,55700000063165751,,1,1055700000055596960
9011005052200000,7,55700000063165883,,1,1055700000055596960
9011005052200000,7,55700000063165979,,1,1055700000055596960
9011005052200000,1,55700000063166216,,1,1055700000055596960
9011005052200000,1,55700000063166312,,1,1055700000055596960
9011005052200000,1,55700000063166344,,1,1055700000055596960
9011005052200000,1,55700000063166472,,1,1055700000055596960
9011005052200000,1,55700000063166504,,1,1055700000055596960
9011005052200000,1,55700000063166564,,1,1055700000055952487
9011005052200000,7,55700000063166890,,1,1055700000055596960
9011005052200000,6,55700000063166926,,1,1055700000055596960
9011005052200000,1,55700000063583322,,1,1055700000055596960
9011005052200000,1,55700000063583275,,1,1055700000055596960
9011005052200000,1,55700000065046960,,1,1055700000055596960
9011005052200000,1,55700000063166998,,0,1055700000048419982
9011005052200000,1,55700000063167158,,0,1055700000048419982
9011005052200000,1,55700000063167254,,0,1055700000048419982
9011005052200000,1,55700000063167351,,0,1055700000048420028
9011005052200000,2,55700000063167861,,0,1055700000048419982
9011005052200000,7,55700000063167893,,0,1055700000048419982
9011005052200000,7,55700000063167925,,0,1055700000048419982
9011005052200000,2,55700000063167989,,0,1055700000048419982
9011005052200000,7,55700000063168085,,0,1055700000048419982
9011005052200000,1,55700000063167094,,0,1055700000048419982
9011005052200000,1,55700000063167126,,0,1055700000048419982
9011005052200000,9,55700000063167378,,0,1055700000037736448
9011005052200000,1,55700000063167605,,0,1055700000048419982
9011005052200000,11,55700000063167701,,0,1055700000048419982
9011005052200000,11,55700000063167733,,0,1055700000048419982
9011005052200000,7,55700000063167797,,0,1055700000048419982
9011005052200000,2,55700000063167957,,0,1055700000048419982
9011005052200000,7,55700000063168021,,0,1055700000048419982
9011005052200000,7,55700000063168117,,0,1055700000048419982
9011005052200000,6,55700000063168227,,0,1055700000048419982
9011005052200000,1,55700000063168307,,0,1055700000048419982
9011005052200000,1,55700000063167190,,0,1055700000048419982
9011005052200000,1,55700000063167413,,0,1055700000048420028
9011005052200000,1,55700000063167445,,0,1055700000048419982
9011005052200000,1,55700000063167477,,0,1055700000048419982
9011005052200000,2,55700000063167765,,0,1055700000048419982
9011005052200000,2,55700000063167829,,0,1055700000048419982
9011005052200000,6,55700000063168191,,0,1055700000048419982
9011005052200000,1,55700000063166966,,0,1055700000048419982
9011005052200000,1,55700000063167030,,0,1055700000048419982
9011005052200000,1,55700000063167062,,0,1055700000048419982
9011005052200000,1,55700000063167286,,0,1055700000048419982
9011005052200000,1,55700000063167318,,0,1055700000048419982
9011005052200000,1,55700000063167509,,0,1055700000048419982
9011005052200000,1,55700000063167541,,0,1055700000048419982
9011005052200000,1,55700000063167573,,0,1055700000048419982
9011005052200000,11,55700000063167637,,0,1055700000048419982
9011005052200000,11,55700000063167669,,0,1055700000048419982
9011005052200000,7,55700000063168053,,0,1055700000048419982
9011005052200000,6,55700000063168159,,0,1055700000048419982
9011005052200000,6,55700000063168259,,0,1055700000048419982
9011005052200000,1,55700000063583404,,0,1055700000048419982
9011005052300000,4,55700000063165300,,1,1055700000055580989
9011005052300000,13,55700000063165212,,1,1055700000055580929
9011005052300000,13,55700000063165258,,1,1055700000055580929
9011005052300000,7,55700000063165351,,1,1055700000055581041
9011005052300000,7,55700000063165499,,1,1055700000055580929
9011005052300000,1,55700000063165166,,1,1055700000055580929
9011005052300000,7,55700000063165400,,1,1055700000055581041
9011005052300000,6,55700000063165453,,1,1055700000055581041
9011005052300000,5,55700000064655773,,1,1055700000055580989
9011005052600000,1,55700000064956327,,1,1055700000063582707
9011005052600000,1,55700000064956297,,1,1055700000063582707
9011005052600000,1,55700000064956357,,1,1055700000063582707
9011005052600000,1,55700000064818562,,0,1055700000063582751
9011005052600000,1,55700000064818502,,0,1055700000063582751
9011005052600000,1,55700000064818532,,0,1055700000063582751
9011005053000000,1,55700000063476178,,1,1055700000063475769
9011005053000000,1,55700000063476047,,1,1055700000063475666
9011005053000000,1,55700000063476223,,1,1055700000063475666
9011005053000000,1,55700000063476268,,1,1055700000063475666
9011005053000000,6,55700000063476542,,1,1055700000063475666
9011005053000000,1,55700000063476587,,1,1055700000063475666
9011005053000000,6,55700000063476949,,1,1055700000063475666
9011005053000000,4,55700000063477000,,1,1055700000063475769
9011005053000000,1,55700000063477255,,1,1055700000063475666
9011005053000000,2,55700000063476358,,1,1055700000063475666
9011005053000000,7,55700000063476403,,1,1055700000063475666
9011005053000000,6,55700000063476450,,1,1055700000063475666
9011005053000000,2,55700000063476767,,1,1055700000063475666
9011005053000000,7,55700000063477155,,1,1055700000063475769
9011005053000000,1,55700000063477345,,1,1055700000063475666
9011005053000000,3,55700000063476313,,1,1055700000063475666
9011005053000000,6,55700000063476495,,1,1055700000063475666
9011005053000000,2,55700000063476677,,1,1055700000063475666
9011005053000000,6,55700000063476902,,1,1055700000063475666
9011005053000000,1,55700000063477104,,1,1055700000063475769
9011005053000000,7,55700000063477206,,1,1055700000063475769
9011005053000000,1,55700000063477300,,1,1055700000063475666
9011005053000000,1,55700000063476092,,1,1055700000063475666
9011005053000000,1,55700000063476632,,1,1055700000063475666
9011005053000000,2,55700000063476722,,1,1055700000063475666
9011005053000000,7,55700000063476812,,1,1055700000063475666
9011005053000000,2,55700000063476857,,1,1055700000063475666
9011005053000000,1,55700000063477053,,1,1055700000063475769
9011005053000000,1,55700000063582569,,1,1055700000063475725
9011005053000000,5,55700000065046663,,1,1055700000063475769
9011005053000000,1,55700000063477480,,0,1055700000063475834
9011005053000000,1,55700000063477525,,0,1055700000063475834
9011005053000000,1,55700000063477570,,0,1055700000063475834
9011005053000000,4,55700000063477615,,0,1055700000063475834
9011005053000000,2,55700000063477842,,0,1055700000063475834
9011005053000000,1,55700000063478181,,0,1055700000063475834
9011005053000000,1,55700000063478316,,0,1055700000063475834
9011005053000000,2,55700000063478766,,0,1055700000063475834
9011005053000000,6,55700000063478856,,0,1055700000063475834
9011005053000000,1,55700000063478891,,0,1055700000063475958
9011005053000000,6,55700000063477662,,0,1055700000063475834
9011005053000000,2,55700000063477797,,0,1055700000063475834
9011005053000000,6,55700000063477932,,0,1055700000063475834
9011005053000000,1,55700000063478085,,0,1055700000063475893
9011005053000000,7,55700000063478406,,0,1055700000063475834
9011005053000000,6,55700000063478543,,0,1055700000063475834
9011005053000000,1,55700000063478625,,0,1055700000063475834
9011005053000000,2,55700000063478811,,0,1055700000063475834
9011005053000000,1,55700000063477390,,0,1055700000063475834
9011005053000000,1,55700000063477435,,0,1055700000063475834
9011005053000000,6,55700000063477752,,0,1055700000063475834
9011005053000000,2,55700000063477887,,0,1055700000063475834
9011005053000000,1,55700000063478136,,0,1055700000063475893
9011005053000000,2,55700000063478361,,0,1055700000063475834
9011005053000000,7,55700000063478496,,0,1055700000063475834
9011005053000000,6,55700000063477707,,0,1055700000063475834
9011005053000000,2,55700000063477983,,0,1055700000063475893
9011005053000000,6,55700000063478034,,0,1055700000063475893
9011005053000000,1,55700000063478226,,0,1055700000063475834
9011005053000000,1,55700000063478271,,0,1055700000063475834
9011005053000000,2,55700000063478451,,0,1055700000063475834
9011005053000000,1,55700000063478676,,0,1055700000063475893
9011005053000000,1,55700000063478721,,0,1055700000063475834
9011005053000000,5,55700000065046748,,0,1055700000063475834
9011005053000000,1,55700000065046815,,0,1055700000063475958
9011005053500000,1,55700000063161646,,1,1055700000034231991
9011005053500000,1,55700000063161553,,1,1055700000055948227
9011005053500000,1,55700000063161574,,1,1055700000055948227
9011005053500000,1,55700000063161622,,1,1055700000034231991
9011005053500000,1,55700000063161598,,1,1055700000034231991
9011005053500000,1,55700000063161688,,0,1055700000055948271
9011005053500000,1,55700000063161667,,0,1055700000055948271
9011005053500000,1,55700000063161709,,0,1055700000055948271
9011005053500000,1,55700000063161733,,0,1055700000034232055
9011005053500000,1,55700000063161757,,0,1055700000034232055
9011005053800000,1,55700000063161031,,1,1055700000010478969
9011005053800000,2,55700000063160985,,1,7055700000010478969
9011005053800000,1,55700000063161094,,1,1055700000010478969
9011005053800000,35,55700000063161115,,1,1055700000010478969
9011005053800000,6,55700000063161171,,1,7055700000010478969
9011005053800000,2,55700000063161008,,1,7055700000010478969
9011005053800000,1,55700000063161052,,1,1055700000010478969
9011005053800000,9,55700000063161221,,1,1055700000010479029
9011005053800000,1,55700000063161073,,1,1055700000010478969
9011005053800000,6,55700000063161148,,1,7055700000010478969
9011005053800000,9,55700000063161196,,1,1055700000010479029
9011005053800000,9,55700000063161269,,0,1055700000010478998
9011005053800000,2,55700000063161436,,0,7055700000010479060
9011005053800000,6,55700000063161459,,0,7055700000010479060
9011005053800000,6,55700000063161482,,0,7055700000010479060
9011005053800000,1,55700000063161246,,0,1055700000010478998
9011005053800000,1,55700000063161390,,0,7055700000010479060
9011005053800000,35,55700000063161315,,0,1055700000010479060
9011005053800000,1,55700000063161369,,0,1055700000010479060
9011005053800000,1,55700000063161294,,0,1055700000010478998
9011005053800000,1,55700000063161348,,0,1055700000010479060
9011005053800000,2,55700000063161413,,0,7055700000010479060
9011005053900000,7,55700000065020394,,1,7055700000019270652
9011005053900000,2,55700000065020443,,1,1055700000055418753
9011005053900000,1,55700000065020819,,1,1055700000055418809
9011005053900000,1,55700000065020611,,1,1055700000055418753
9011005053900000,2,55700000065020986,,1,1055700000055418753
9011005053900000,6,55700000065020527,,1,1055700000055418753
9011005053900000,6,55700000065020569,,1,1055700000055418753
9011005053900000,1,55700000065020695,,1,1055700000055418753
9011005053900000,1,55700000065020902,,1,1055700000055418753
9011005053900000,1,55700000065020944,,1,1055700000055418753
9011005053900000,2,55700000065021028,,1,1055700000055418753
9011005053900000,6,55700000065021070,,1,1055700000055418753
9011005053900000,4,55700000065020359,,1,7055700000019270652
9011005053900000,2,55700000065020485,,1,1055700000055418753
9011005053900000,1,55700000065020653,,1,1055700000055418753
9011005053900000,1,55700000065020737,,1,1055700000055418753
9011005053900000,1,55700000065020778,,1,1055700000055418809
9011005053900000,1,55700000065020860,,1,1055700000055418809
9011005053900000,1,55700000063160264,,0,1055700000055418915
9011005053900000,3,55700000065021112,,0,1055700000055418864
9011005053900000,6,55700000065021492,,0,1055700000055418864
9011005053900000,2,55700000065021638,,0,7055700000019270746
9011005053900000,1,55700000065021196,,0,1055700000055418864
9011005053900000,1,55700000065021280,,0,1055700000055418864
9011005053900000,2,55700000065021408,,0,1055700000055418864
9011005053900000,7,55700000065021450,,0,1055700000055418864
9011005053900000,1,55700000065021683,,0,1055700000055418864
9011005053900000,2,55700000065021364,,0,1055700000055418864
9011005053900000,6,55700000065021534,,0,1055700000055418864
9011005053900000,1,55700000065021568,,0,7055700000019270746
9011005053900000,2,55700000065021603,,0,7055700000019270746
9011005053900000,1,55700000065021810,,0,1055700000055418864
9011005053900000,1,55700000065021154,,0,1055700000055418864
9011005053900000,1,55700000065021238,,0,1055700000055418864
9011005053900000,1,55700000065021322,,0,1055700000055418864
9011005053900000,1,55700000065021726,,0,1055700000055418864
9011005053900000,1,55700000065021768,,0,1055700000055418864
9011005054000000,6,55700000065460300,,1,1055700000061328622
9011005054000000,6,55700000065460363,,1,1055700000061328622
9011005054000000,6,55700000065460426,,1,1055700000061328622
9011005054000000,3,55700000065460552,,1,1055700000061328622
9011005054000000,2,55700000065460930,,1,1055700000061328622
9011005054000000,1,55700000065461398,,1,1055700000061328622
9011005054000000,13,55700000065460615,,1,1055700000061328622
9011005054000000,1,55700000065461081,,1,1055700000061328699
9011005054000000,1,55700000065461272,,1,1055700000061328622
9011005054000000,6,55700000065460111,,1,1055700000061328622
9011005054000000,6,55700000065460174,,1,1055700000061328622
9011005054000000,6,55700000065460237,,1,1055700000061328622
9011005054000000,3,55700000065460489,,1,1055700000061328622
9011005054000000,2,55700000065460678,,1,1055700000061328622
9011005054000000,2,55700000065460867,,1,1055700000061328622
9011005054000000,2,55700000065460993,,1,1055700000061328622
9011005054000000,1,55700000065461146,,1,1055700000061328699
9011005054000000,1,55700000065461209,,1,1055700000061328622
9011005054000000,1,55700000065461335,,1,1055700000061328622
9011005054000000,1,55700000065461461,,1,1055700000061328622
9011005054000000,2,55700000065460741,,1,1055700000061328622
9011005054000000,2,55700000065460804,,1,1055700000061328622
9011005054000000,1,55700000065461524,,1,1055700000061328622
9011005054000000,1,55700000065461585,,0,1055700000061328778
9011005054000000,7,55700000065461951,,0,1055700000061328778
9011005054000000,7,55700000065462256,,0,1055700000061328778
9011005054000000,1,55700000065462586,,0,1055700000061328778
9011005054000000,1,55700000065462806,,0,1055700000061328778
9011005054000000,1,55700000065462867,,0,1055700000061328778
9011005054000000,8,55700000065462928,,0,1055700000061328778
9011005054000000,1,55700000065461707,,0,1055700000061328778
9011005054000000,2,55700000065461829,,0,1055700000061328778
9011005054000000,6,55700000065462378,,0,1055700000061328778
9011005054000000,1,55700000065462647,,0,1055700000061328778
9011005054000000,1,55700000065462745,,0,1055700000061328853
9011005054000000,1,55700000065461768,,0,1055700000061328778
9011005054000000,2,55700000065461890,,0,1055700000061328778
9011005054000000,7,55700000065462012,,0,1055700000061328778
9011005054000000,2,55700000065462073,,0,1055700000061328778
9011005054000000,7,55700000065462134,,0,1055700000061328778
9011005054000000,10,55700000065462317,,0,1055700000061328778
9011005054000000,1,55700000065462464,,0,1055700000061328778
9011005054000000,1,55700000065462525,,0,1055700000061328778
9011005054000000,9,55700000065462679,,0,1055700000062060597
9011005054000000,1,55700000065461646,,0,1055700000061328778
9011005054000000,2,55700000065462195,,0,1055700000061328778
9011005054300000,1,55700000065043402,,1,1055700000055967932
9011005054300000,1,55700000065043448,,1,1055700000055967969
9011005054300000,6,55700000065043374,,1,1055700000055967969
9011005054300000,1,55700000065043494,,1,1055700000055967969
9011005054300000,1,55700000065043540,,1,1055700000055967969
9011005054300000,6,55700000065043328,,1,1055700000055967932
9011005054500000,1,55700000063154706,,1,1055700000053427284
9011005054500000,1,55700000063154854,,1,1055700000053427284
9011005054500000,7,55700000063155002,,1,1055700000053427284
9011005054500000,9,55700000063155135,,1,1055700000053427265
9011005054500000,1,55700000063154743,,1,1055700000053427284
9011005054500000,1,55700000063154780,,1,1055700000053427284
9011005054500000,1,55700000063154928,,1,1055700000053427284
9011005054500000,9,55700000063155148,,1,1055700000053427265
9011005054500000,7,55700000063155039,,1,1055700000053427284
9011005054500000,1,55700000063155117,,1,1055700000053427284
9011005054500000,1,55700000063154817,,1,1055700000053427284
9011005054500000,1,55700000063154891,,1,1055700000053427284
9011005054500000,1,55700000063154965,,1,1055700000053427284
9011005054500000,1,55700000063155080,,1,1055700000053427284
9011005054500000,9,55700000065043206,,1,1055700000053427326
9011005054500000,1,55700000063155255,,0,1055700000053427363
9011005054500000,1,55700000063155342,,0,1055700000053427363
9011005054500000,1,55700000063155371,,0,1055700000053427363
9011005054500000,6,55700000063155458,,0,1055700000053427363
9011005054500000,1,55700000063155605,,0,1055700000053427363
9011005054500000,1,55700000063155197,,0,1055700000053427363
9011005054500000,1,55700000063155226,,0,1055700000053427363
9011005054500000,2,55700000063155400,,0,1055700000053427363
9011005054500000,7,55700000063155429,,0,1055700000053427363
9011005054500000,1,55700000063155547,,0,1055700000053427363
9011005054500000,1,55700000063155313,,0,1055700000053427363
9011005054500000,1,55700000063155576,,0,1055700000053427363
9011005054500000,1,55700000063155284,,0,1055700000053427363
9011005054500000,9,55700000065043240,,0,1055700000053427343
9011005054500000,9,55700000065043256,,0,1055700000053427343
9011005054500000,1,55700000065043290,,0,1055700000053427400
9011005054600000,9,55700000063154365,,1,1055700000052118852
9011005054600000,9,55700000063154520,,1,1055700000052118742
9011005054600000,11,55700000064955809,,1,1055700000063581315
9011005054600000,1,55700000064955938,,1,1055700000063581242
9011005054600000,7,55700000064955870,,1,1055700000063581315
9011005054600000,11,55700000064817914,,0,1055700000063581390
9011005054600000,7,55700000064817975,,0,1055700000063581390
9011005055200000,2,55700000063152283,,1,7055700000050222285
9011005055200000,1,55700000063151991,,1,1055700000050222285
9011005055200000,1,55700000063152137,,1,1055700000050222285
9011005055200000,7,55700000063152358,,1,7055700000050222285
9011005055200000,2,55700000063152508,,1,7055700000050222285
9011005055200000,6,55700000063152583,,1,7055700000050222285
9011005055200000,1,55700000063152735,,1,7055700000050222285
9011005055200000,2,55700000063152433,,1,7055700000050222285
9011005055200000,6,55700000063152660,,1,7055700000050222285
9011005055200000,1,55700000063152064,,1,1055700000050222285
9011005055200000,1,55700000063579521,,1,1055700000050222285
9011005055200000,1,55700000063152873,,0,1055700000050222357
9011005055200000,1,55700000063153062,,0,1055700000050222357
9011005055200000,2,55700000063153450,,0,7055700000050222357
9011005055200000,1,55700000063152999,,0,1055700000050222357
9011005055200000,1,55700000063152810,,0,1055700000050222357
9011005055200000,6,55700000063153190,,0,7055700000050222357
9011005055200000,6,55700000063153320,,0,7055700000050222357
9011005055200000,1,55700000063152936,,0,1055700000050222357
9011005055200000,2,55700000063153125,,0,7055700000050222357
9011005055200000,6,55700000063153255,,0,7055700000050222357
9011005055200000,2,55700000063153385,,0,7055700000050222357
9011005055500000,1,55700000063150992,,1,1055700000050226495
9011005055500000,1,55700000063151030,,1,1055700000050226495
9011005055500000,14,55700000063150910,,1,1055700000050226495
9011005055500000,2,55700000063150950,,1,7055700000050226495
9011005055500000,1,55700000063151068,,1,1055700000050226495
9011005055500000,1,55700000063151106,,1,1055700000050226495
9011005055500000,1,55700000064955131,,1,1055700000063578054
9011005055500000,2,55700000064955278,,1,1055700000063578054
9011005055500000,6,55700000064955425,,1,1055700000063578054
9011005055500000,1,55700000064955674,,1,1055700000063578054
9011005055500000,2,55700000064955327,,1,1055700000063578054
9011005055500000,1,55700000064955625,,1,1055700000063578054
9011005055500000,2,55700000064955229,,1,1055700000063578054
9011005055500000,6,55700000064955474,,1,1055700000063578054
9011005055500000,6,55700000064955523,,1,1055700000063578054
9011005055500000,1,55700000064955572,,1,1055700000063578054
9011005055500000,1,55700000064955180,,1,1055700000063578054
9011005055500000,2,55700000064955376,,1,1055700000063578054
9011005055500000,1,55700000063151383,,0,1055700000050226670
9011005055500000,1,55700000063151457,,0,1055700000050226670
9011005055500000,1,55700000063151420,,0,1055700000050226670
9011005055500000,1,55700000064817089,,0,1055700000063578117
9011005055500000,2,55700000064817185,,0,1055700000063578117
9011005055500000,2,55700000064817281,,0,1055700000063578117
9011005055500000,6,55700000064817377,,0,1055700000063578117
9011005055500000,6,55700000064817425,,0,1055700000063578117
9011005055500000,1,55700000064817041,,0,1055700000063578117
9011005055500000,1,55700000064817137,,0,1055700000063578117
9011005055500000,1,55700000064817569,,0,1055700000063578117
9011005055500000,1,55700000064816993,,0,1055700000063578117
9011005055500000,2,55700000064817233,,0,1055700000063578117
9011005055500000,2,55700000064817329,,0,1055700000063578117
9011005055500000,6,55700000064817473,,0,1055700000063578117
9011005055500000,1,55700000064817521,,0,1055700000063578117
9011005056600000,1,55700000063149297,,1,1055700000037200333
9011005056600000,7,55700000063149405,,1,1055700000037200333
9011005056600000,1,55700000063149589,,1,1055700000037200333
9011005056600000,1,55700000063149117,,1,1055700000037200333
9011005056600000,1,55700000063149261,,1,1055700000037200333
9011005056600000,2,55700000063149333,,1,1055700000037200333
9011005056600000,7,55700000063149369,,1,1055700000037200333
9011005056600000,2,55700000063149517,,1,1055700000037200333
9011005056600000,11,55700000063149074,,1,7055700000037200383
9011005056600000,1,55700000063149153,,1,1055700000037200333
9011005056600000,1,55700000063149225,,1,1055700000037200333
9011005056600000,1,55700000063149481,,1,1055700000037200333
9011005056600000,6,55700000063149553,,1,1055700000037200333
9011005056600000,1,55700000063149189,,1,1055700000037200333
9011005056600000,1,55700000063149445,,1,1055700000037200333
9011005056600000,7,55700000063149625,,1,1055700000037200333
9011005056600000,2,55700000063149663,,0,1055700000037200423
9011005056600000,1,55700000063149847,,0,1055700000037200423
9011005056600000,1,55700000063150209,,0,1055700000037200423
9011005056600000,1,55700000063149737,,0,1055700000037200423
9011005056600000,1,55700000063149991,,0,1055700000037200423
9011005056600000,7,55700000063150063,,0,1055700000037200423
9011005056600000,6,55700000063150099,,0,1055700000037200423
9011005056600000,7,55700000063149699,,0,1055700000037200423
9011005056600000,1,55700000063149811,,0,1055700000037200423
9011005056600000,1,55700000063149883,,0,1055700000037200423
9011005056600000,1,55700000063149919,,0,1055700000037200423
9011005056600000,1,55700000063149955,,0,1055700000037200423
9011005056600000,1,55700000063150137,,0,1055700000037200423
9011005056600000,7,55700000063149773,,0,1055700000037200423
9011005056600000,2,55700000063150027,,0,1055700000037200423
9011005056600000,1,55700000063150173,,0,1055700000037200423
9011005057100000,1,55700000063573544,,1,1055700000063573381
9011005057100000,1,55700000063573602,,1,1055700000063573381
9011005057100000,1,55700000063573689,,1,1055700000063573381
9011005057100000,1,55700000063573718,,1,1055700000063573381
9011005057100000,1,55700000063573457,,1,1055700000063573381
9011005057100000,1,55700000063573515,,1,1055700000063573381
9011005057100000,1,55700000063573660,,1,1055700000063573381
9011005057100000,1,55700000063573573,,1,1055700000063573381
9011005057100000,1,55700000063573486,,1,1055700000063573381
9011005057100000,1,55700000063573631,,1,1055700000063573381
9011005057100000,1,55700000063573748,,0,1055700000063573409
9011005057100000,1,55700000063573796,,0,1055700000063573409
9011005057100000,1,55700000063573820,,0,1055700000063573409
9011005057100000,1,55700000063573940,,0,1055700000063573409
9011005057100000,1,55700000063573892,,0,1055700000063573409
9011005057100000,1,55700000063573964,,0,1055700000063573409
9011005057100000,1,55700000063573844,,0,1055700000063573409
9011005057100000,1,55700000063573772,,0,1055700000063573409
9011005057100000,1,55700000063573868,,0,1055700000063573409
9011005057100000,1,55700000063573916,,0,1055700000063573409
9011005057200000,1,55700000063146241,,1,1055700000056345321
9011005057200000,1,55700000063146286,,1,1055700000056345262
9011005057200000,1,55700000063146331,,1,1055700000056345262
9011005057200000,2,55700000063146158,,1,1055700000056345262
9011005057200000,7,55700000063146203,,1,1055700000056345262
9011005057200000,1,55700000063146376,,1,1055700000056345262
9011005057200000,1,55700000063146646,,0,1055700000056345366
9011005057200000,1,55700000063146466,,0,1055700000056345366
9011005057200000,14,55700000063146601,,0,1055700000056345366
9011005057200000,2,55700000063146736,,0,1055700000056345366
9011005057200000,2,55700000063146828,,0,1055700000056345366
9011005057200000,1,55700000063146421,,0,1055700000056345366
9011005057200000,1,55700000063146511,,0,1055700000056345366
9011005057200000,7,55700000063146691,,0,1055700000056345366
9011005057200000,1,55700000063146879,,0,1055700000056345366
9011005057200000,3,55700000063146556,,0,1055700000056345366
9011005057200000,7,55700000063146781,,0,1055700000056345366
9011005057200000,1,55700000063146924,,0,1055700000056345366
9011005057300000,1,55700000063144094,,1,1055700000053624929
9011005057300000,1,55700000063144154,,1,1055700000053624929
9011005057300000,1,55700000063143985,,1,1055700000053624868
9011005057300000,1,55700000063144034,,1,1055700000053624868
9011005057300000,1,55700000063144321,,0,1055700000054644097
9011005057300000,1,55700000063144450,,0,1055700000054644023
9011005057300000,2,55700000063144631,,0,7055700000054644097
9011005057300000,6,55700000063144877,,0,7055700000054644097
9011005057300000,6,55700000063144938,,0,7055700000054644097
9011005057300000,1,55700000063145071,,0,1055700000054644023
9011005057300000,1,55700000063144203,,0,1055700000054644097
9011005057300000,1,55700000063144262,,0,1055700000054644097
9011005057300000,1,55700000063144509,,0,1055700000054644097
9011005057300000,7,55700000063144570,,0,7055700000054644097
9011005057300000,2,55700000063144692,,0,7055700000054644097
9011005057300000,1,55700000063144380,,0,1055700000054644097
9011005057300000,2,55700000063144753,,0,7055700000054644097
9011005057300000,2,55700000063144814,,0,7055700000054644097
9011005057300000,6,55700000063144999,,0,7055700000054644097
9011005057400000,7,55700000063139934,,1,7055700000051463011
9011005057400000,6,55700000063140054,,1,7055700000051463011
9011005057400000,1,55700000063140200,,1,1055700000051463011
9011005057400000,6,55700000063140396,,1,1055700000051463011
9011005057400000,6,55700000063140086,,1,7055700000051463011
9011005057400000,1,55700000063140116,,1,1055700000051463011
9011005057400000,1,55700000063140144,,1,1055700000051463011
9011005057400000,1,55700000063140172,,1,1055700000051463011
9011005057400000,1,55700000063140284,,1,1055700000051463011
9011005057400000,2,55700000063139904,,1,7055700000051463011
9011005057400000,2,55700000063139994,,1,7055700000051463011
9011005057400000,1,55700000063140228,,1,1055700000051463011
9011005057400000,1,55700000063140312,,1,1055700000051463011
9011005057400000,1,55700000063140340,,1,1055700000051463011
9011005057400000,1,55700000063140368,,1,1055700000051463011
9011005057400000,2,55700000063139964,,1,7055700000051463011
9011005057400000,2,55700000063140024,,1,7055700000051463011
9011005057400000,1,55700000063140256,,1,1055700000051463011
9011005057400000,1,55700000063140424,,0,1055700000050223998
9011005057400000,1,55700000063140442,,0,1055700000050223998
9011005057400000,1,55700000063140478,,0,1055700000050223998
9011005057400000,1,55700000063140514,,0,1055700000050223998
9011005057400000,1,55700000063140532,,0,1055700000050223998
9011005057400000,1,55700000063140568,,0,1055700000050223998
9011005057400000,1,55700000063140586,,0,1055700000050223998
9011005057400000,6,55700000063140722,,0,7055700000050223998
9011005057400000,1,55700000063140764,,0,1055700000050223998
9011005057400000,1,55700000063140460,,0,1055700000050223998
9011005057400000,1,55700000063140550,,0,1055700000050223998
9011005057400000,7,55700000063140642,,0,7055700000050223998
9011005057400000,2,55700000063140662,,0,7055700000050223998
9011005057400000,2,55700000063140702,,0,7055700000050223998
9011005057400000,1,55700000063140496,,0,1055700000050223998
9011005057400000,6,55700000063140604,,0,1055700000050223998
9011005057400000,2,55700000063140622,,0,7055700000050223998
9011005057400000,6,55700000063140744,,0,7055700000050223998
9011005057400000,2,55700000063140682,,0,7055700000050223998
9011005057700000,1,55700000064815265,,1,1055700000063564200
9011005057700000,1,55700000064815292,,1,1055700000063564200
9011005057700000,1,55700000064815319,,1,1055700000063564200
9011005057700000,1,55700000064815346,,1,1055700000063564200
9011005057700000,1,55700000064815373,,1,1055700000063564200
9011005057700000,1,55700000064815400,,1,1055700000063564200
9011005057700000,1,55700000064954706,,0,1055700000063564226
9011005057700000,1,55700000064954740,,0,1055700000063564226
9011005057700000,1,55700000064954723,,0,1055700000063564226
9011005057700000,1,55700000065041763,,0,1055700000063564226
9011005061200000,11,55700000063137553,,1,1055700000061751038
9011005061200000,11,55700000063137707,,1,1055700000061751038
9011005061200000,1,55700000063137403,,1,1055700000061751038
9011005061200000,1,55700000063137583,,1,1055700000061751038
9011005061200000,1,55700000063137745,,1,1055700000061751038
9011005061200000,1,55700000063137835,,1,1055700000061751038
9011005061200000,1,55700000063137343,,1,1055700000061751038
9011005061200000,1,55700000063137523,,1,1055700000061751038
9011005061200000,7,55700000063137673,,1,1055700000061751038
9011005061200000,1,55700000063137775,,1,1055700000061751038
9011005061200000,1,55700000063137805,,1,1055700000061751038
9011005061200000,11,55700000063137463,,1,1055700000061751038
9011005061200000,1,55700000063137493,,1,1055700000061751038
9011005061200000,1,55700000063137643,,1,1055700000061751038
9011005061200000,1,55700000065447084,,1,1055700000061751038
9011005061200000,6,55700000065447198,,1,1055700000061751077
9011005061200000,1,55700000065447115,,1,1055700000061751038
9011005061200000,2,55700000065447166,,1,1055700000061751077
9011005061200000,1,55700000063138100,,0,1055700000061751159
9011005061200000,1,55700000063138141,,0,1055700000061751159
9011005061200000,1,55700000063138223,,0,1055700000061751159
9011005061200000,1,55700000063138346,,0,1055700000061751159
9011005061200000,1,55700000063138387,,0,1055700000061751159
9011005061200000,1,55700000063138510,,0,1055700000061751159
9011005061200000,1,55700000063138551,,0,1055700000061751159
9011005061200000,7,55700000063138825,,0,1055700000061751159
9011005061200000,7,55700000063138907,,0,1055700000061751159
9011005061200000,1,55700000063138018,,0,1055700000061751159
9011005061200000,1,55700000063138305,,0,1055700000061751159
9011005061200000,13,55700000063138702,,0,1055700000061751159
9011005061200000,7,55700000063138743,,0,1055700000061751159
9011005061200000,9,55700000063137932,,0,1055700000062529510
9011005061200000,1,55700000063137977,,0,1055700000061751118
9011005061200000,1,55700000063138264,,0,1055700000061751159
9011005061200000,1,55700000063138428,,0,1055700000061751159
9011005061200000,7,55700000063138866,,0,1055700000061751159
9011005061200000,1,55700000063138059,,0,1055700000061751159
9011005061200000,1,55700000063138469,,0,1055700000061751159
9011005061200000,9,55700000063138573,,0,1055700000062047183
9011005061200000,2,55700000063138618,,0,1055700000061751118
9011005061200000,7,55700000063138784,,0,1055700000061751159
9011005061200000,7,55700000065447297,,0,1055700000061751159
9011005061200000,6,55700000065447368,,0,1055700000061751118
9011005061200000,1,55700000065447233,,0,1055700000061751159
9011005061300000,1,55700000063135974,,1,1055700000061749556
9011005061300000,1,55700000063136126,,1,1055700000061749556
9011005061300000,7,55700000063136508,,1,1055700000061749556
9011005061300000,11,55700000063136088,,1,1055700000061749556
9011005061300000,1,55700000063136202,,1,1055700000061749556
9011005061300000,11,55700000063136354,,1,1055700000061749556
9011005061300000,1,55700000063136050,,1,1055700000061749556
9011005061300000,1,55700000063136164,,1,1055700000061749556
9011005061300000,1,55700000063136240,,1,1055700000061749556
9011005061300000,1,55700000063136278,,1,1055700000061749556
9011005061300000,1,55700000063136316,,1,1055700000061749556
9011005061300000,11,55700000063136392,,1,1055700000061749556
9011005061300000,13,55700000063136430,,1,1055700000061749556
9011005061300000,7,55700000063136470,,1,1055700000061749556
9011005061300000,1,55700000063136012,,1,1055700000061749556
9011005061300000,11,55700000065041308,,1,1055700000061749608
9011005061300000,1,55700000063136644,,0,1055700000061749662
9011005061300000,1,55700000063136796,,0,1055700000061749662
9011005061300000,1,55700000063136834,,0,1055700000061749662
9011005061300000,1,55700000063136910,,0,1055700000061749662
9011005061300000,7,55700000063137138,,0,1055700000061749662
9011005061300000,7,55700000063137214,,0,1055700000061749662
9011005061300000,1,55700000063136606,,0,1055700000061749662
9011005061300000,1,55700000063136682,,0,1055700000061749662
9011005061300000,1,55700000063136720,,0,1055700000061749662
9011005061300000,1,55700000063136758,,0,1055700000061749662
9011005061300000,1,55700000063136872,,0,1055700000061749662
9011005061300000,1,55700000063136948,,0,1055700000061749662
9011005061300000,1,55700000063137024,,0,1055700000061749662
9011005061300000,7,55700000063137100,,0,1055700000061749662
9011005061300000,7,55700000063137176,,0,1055700000061749662
9011005061300000,1,55700000063137062,,0,1055700000061749662
9011005061300000,1,55700000063561733,,0,1055700000061749662
9011005061400000,6,55700000063135505,,1,1055700000002554279
9011005061400000,1,55700000063135175,,1,1055700000002554279
9011005061400000,2,55700000063135257,,1,1055700000002554279
9011005061400000,2,55700000063135298,,1,1055700000002554279
9011005061400000,6,55700000063135464,,1,1055700000002554279
9011005061400000,13,55700000063135216,,1,1055700000002554279
9011005061400000,2,55700000063135380,,1,1055700000002554279
9011005061400000,2,55700000063135339,,1,1055700000002554279
9011005061400000,6,55700000063135423,,1,1055700000002554279
9011005061400000,1,55700000063561556,,1,1055700000002554279
9011005061400000,2,55700000063135784,,0,1055700000019289101
9011005061400000,2,55700000063135744,,0,1055700000019289101
9011005061400000,6,55700000063135864,,0,1055700000019289101
9011005061400000,1,55700000063135584,,0,1055700000019289101
9011005061400000,1,55700000063135624,,0,1055700000019289101
9011005061400000,2,55700000063135664,,0,1055700000019289101
9011005061400000,6,55700000063135824,,0,1055700000019289101
9011005061400000,1,55700000063135544,,0,1055700000019289101
9011005061400000,2,55700000063135704,,0,1055700000019289101
9011005061400000,6,55700000063135904,,0,1055700000019289101
9011005061500000,1,55700000063133661,,1,1055700000053620424
9011005061500000,1,55700000063133690,,1,1055700000053620424
9011005061500000,1,55700000063133719,,1,1055700000053620424
9011005061500000,2,55700000063133835,,1,1055700000053620424
9011005061500000,2,55700000063133864,,1,1055700000053620424
9011005061500000,2,55700000063133922,,1,1055700000053620424
9011005061500000,7,55700000063133980,,1,1055700000053620424
9011005061500000,6,55700000063134185,,1,1055700000053620424
9011005061500000,1,55700000063134214,,1,1055700000053620424
9011005061500000,2,55700000063133951,,1,1055700000053620424
9011005061500000,2,55700000063134009,,1,1055700000053620424
9011005061500000,6,55700000063134096,,1,1055700000053620424
9011005061500000,6,55700000063134125,,1,1055700000053620424
9011005061500000,2,55700000063133777,,1,1055700000053620424
9011005061500000,6,55700000063134156,,1,1055700000053620424
9011005061500000,1,55700000063134243,,1,1055700000053620424
9011005061500000,1,55700000063134301,,1,1055700000053620424
9011005061500000,1,55700000063133748,,1,1055700000053620424
9011005061500000,2,55700000063133806,,1,1055700000053620424
9011005061500000,2,55700000063133893,,1,1055700000053620424
9011005061500000,6,55700000063134038,,1,1055700000053620424
9011005061500000,6,55700000063134067,,1,1055700000053620424
9011005061500000,1,55700000063561412,,1,1055700000053620424
9011005061500000,1,55700000063134361,,0,1055700000053620499
9011005061500000,1,55700000063134391,,0,1055700000053620499
9011005061500000,1,55700000063134451,,0,1055700000053620499
9011005061500000,1,55700000063134511,,0,1055700000053620499
9011005061500000,2,55700000063134660,,0,1055700000053620499
9011005061500000,2,55700000063134750,,0,1055700000053620499
9011005061500000,2,55700000063134870,,0,1055700000053620499
9011005061500000,1,55700000063134331,,0,1055700000053620461
9011005061500000,1,55700000063134421,,0,1055700000053620499
9011005061500000,1,55700000063134601,,0,1055700000053620499
9011005061500000,13,55700000063134630,,0,1055700000053620499
9011005061500000,2,55700000063134690,,0,1055700000053620499
9011005061500000,2,55700000063134780,,0,1055700000053620499
9011005061500000,7,55700000063134840,,0,1055700000053620499
9011005061500000,6,55700000063134964,,0,1055700000053620499
9011005061500000,6,55700000063134996,,0,1055700000053620499
9011005061500000,2,55700000063134810,,0,1055700000053620499
9011005061500000,1,55700000063134481,,0,1055700000053620499
9011005061500000,1,55700000063134571,,0,1055700000053620499
9011005061500000,7,55700000063134720,,0,1055700000053620499
9011005061500000,6,55700000063134902,,0,1055700000053620499
9011005061500000,6,55700000063134934,,0,1055700000053620499
9011005061500000,1,55700000063561449,,0,1055700000053620499
9011005061600000,1,55700000063131676,,1,1055700000055578725
9011005061600000,1,55700000063131756,,1,1055700000055578725
9011005061600000,1,55700000063131796,,1,1055700000055578725
9011005061600000,2,55700000063132076,,1,1055700000055578725
9011005061600000,7,55700000063132237,,1,1055700000055578725
9011005061600000,1,55700000063131716,,1,1055700000055578725
9011005061600000,2,55700000063131995,,1,1055700000055578725
9011005061600000,6,55700000063132321,,1,1055700000055578725
9011005061600000,6,55700000063132362,,1,1055700000055578725
9011005061600000,6,55700000063132442,,1,1055700000055578725
9011005061600000,6,55700000063132402,,1,1055700000055578725
9011005061600000,1,55700000063131556,,1,1055700000055578725
9011005061600000,1,55700000063131596,,1,1055700000055578725
9011005061600000,13,55700000063131835,,1,1055700000055578725
9011005061600000,2,55700000063131875,,1,1055700000055578725
9011005061600000,2,55700000063131915,,1,1055700000055578725
9011005061600000,7,55700000063131955,,1,1055700000055578725
9011005061600000,2,55700000063132036,,1,1055700000055578725
9011005061600000,2,55700000063132116,,1,1055700000055578725
9011005061600000,2,55700000063132157,,1,1055700000055578725
9011005061600000,2,55700000063132197,,1,1055700000055578725
9011005061600000,6,55700000063132278,,1,1055700000055578725
9011005061600000,6,55700000063132483,,1,1055700000055578725
9011005061600000,1,55700000065041050,,1,1055700000055578725
9011005061600000,2,55700000063132603,,0,1055700000019291194
9011005061600000,2,55700000063133112,,0,1055700000019291194
9011005061600000,6,55700000063133192,,0,1055700000019291194
9011005061600000,2,55700000063132642,,0,1055700000019291194
9011005061600000,2,55700000063132720,,0,1055700000019291194
9011005061600000,2,55700000063132759,,0,1055700000019291194
9011005061600000,2,55700000063132798,,0,1055700000019291194
9011005061600000,7,55700000063132837,,0,1055700000019291194
9011005061600000,6,55700000063132915,,0,1055700000019291194
9011005061600000,6,55700000063133270,,0,1055700000019291194
9011005061600000,1,55700000063133309,,0,1055700000019291194
9011005061600000,1,55700000063133348,,0,1055700000019291194
9011005061600000,1,55700000063132525,,0,1055700000019291194
9011005061600000,6,55700000063132876,,0,1055700000019291194
9011005061600000,6,55700000063132954,,0,1055700000019291194
9011005061600000,13,55700000063132995,,0,1055700000019291194
9011005061600000,6,55700000063133153,,0,1055700000019291194
9011005061600000,1,55700000063133426,,0,1055700000019291194
9011005061600000,1,55700000063133504,,0,1055700000019291194
9011005061600000,1,55700000063133543,,0,1055700000019291194
9011005061600000,1,55700000063132564,,0,1055700000019291194
9011005061600000,2,55700000063132681,,0,1055700000019291194
9011005061600000,2,55700000063133034,,0,1055700000019291194
9011005061600000,2,55700000063133073,,0,1055700000019291194
9011005061600000,6,55700000063133231,,0,1055700000019291194
9011005061600000,1,55700000063133465,,0,1055700000019291194
9011005061600000,1,55700000063561268,,0,1055700000019291194
9011005061700000,1,55700000063131368,,1,1055700000062045761
9011005061700000,1,55700000063131349,,1,1055700000062045761
9011005061700000,1,55700000063131387,,1,1055700000062045761
9011005061700000,1,55700000063561098,,1,1055700000062045761
9011005061700000,1,55700000063131425,,0,1055700000052113559
9011005061700000,1,55700000063131482,,0,1055700000052113559
9011005061700000,1,55700000063131444,,0,1055700000052113559
9011005061700000,1,55700000063131463,,0,1055700000052113559
9011005061700000,1,55700000065040998,,0,1055700000052113559
9011005062000000,1,55700000063130290,,1,1055700000055578220
9011005062000000,1,55700000063130570,,1,1055700000055578220
9011005062000000,1,55700000063130660,,1,1055700000053428411
9011005062000000,1,55700000063130514,,1,1055700000055578220
9011005062000000,1,55700000063130626,,1,1055700000055578220
9011005062000000,1,55700000063130759,,1,1055700000053428596
9011005062000000,1,55700000063130346,,1,1055700000055578220
9011005062000000,1,55700000063130402,,1,1055700000055578220
9011005062000000,1,55700000063130458,,1,1055700000055578220
9011005062000000,1,55700000063561000,,1,1055700000053428596
9011005062000000,1,55700000063131090,,0,1055700000053428657
9011005062000000,1,55700000063131200,,0,1055700000053428657
9011005062000000,1,55700000063131035,,0,1055700000053428657
9011005062000000,1,55700000063130815,,0,1055700000053428657
9011005062000000,1,55700000063130925,,0,1055700000053428657
9011005062000000,1,55700000063130980,,0,1055700000053428657
9011005062000000,1,55700000063131145,,0,1055700000053428657
9011005062000000,1,55700000063131255,,0,1055700000053428657
9011005062000000,1,55700000063561058,,0,1055700000053428657
9011005062300000,1,55700000063129444,,1,1055700000054640192
9011005062300000,1,55700000063129469,,1,1055700000002559824
9011005062300000,1,55700000063129494,,1,1055700000002559824
9011005062300000,1,55700000063129519,,1,1055700000002559824
9011005062300000,6,55700000063129619,,1,1055700000002559824
9011005062300000,1,55700000063129671,,1,1055700000002559753
9011005062300000,6,55700000063129772,,1,1055700000002559824
9011005062300000,2,55700000063129594,,1,1055700000002559824
9011005062300000,1,55700000063129645,,1,1055700000002559753
9011005062300000,1,55700000063129697,,1,1055700000002559753
9011005062300000,2,55700000063129722,,1,1055700000002559824
9011005062300000,2,55700000063129747,,1,1055700000002559824
9011005062300000,1,55700000063129544,,1,1055700000002559824
9011005062300000,1,55700000063129569,,1,1055700000002559824
9011005062300000,6,55700000063129797,,1,1055700000002559824
9011005062300000,1,55700000063129875,,0,1055700000002559928
9011005062300000,1,55700000063130005,,0,1055700000002559928
9011005062300000,1,55700000063130031,,0,1055700000002559928
9011005062300000,2,55700000063130083,,0,1055700000002559928
9011005062300000,6,55700000063130162,,0,1055700000002559928
9011005062300000,1,55700000063129901,,0,1055700000002559928
9011005062300000,1,55700000063129979,,0,1055700000002559928
9011005062300000,1,55700000063129823,,0,1055700000002559928
9011005062300000,1,55700000063129927,,0,1055700000002559928
9011005062300000,2,55700000063130057,,0,1055700000002559928
9011005062300000,1,55700000063130136,,0,1055700000012968516
9011005062300000,6,55700000063130188,,0,1055700000002559928
9011005062300000,1,55700000063129849,,0,1055700000002559928
9011005062300000,1,55700000063129953,,0,1055700000002559928
9011005062300000,2,55700000063130109,,0,1055700000002559928
9011005062800000,1,55700000063128270,,1,1055700000035127123
9011005062800000,2,55700000063128297,,1,1055700000035127123
9011005062800000,6,55700000063128380,,1,1055700000035127123
9011005062800000,1,55700000063128430,,1,1055700000035127159
9011005062800000,1,55700000063128216,,1,1055700000035127159
9011005062800000,1,55700000063128243,,1,1055700000035127123
9011005062800000,2,55700000063128351,,1,1055700000035127123
9011005062800000,9,55700000063128518,,1,1055700000060464948
9011005062800000,35,55700000063128691,,1,1055700000035127001
9011005062800000,1,55700000063128755,,1,1055700000035127001
9011005062800000,7,55700000063128324,,1,1055700000035127123
9011005062800000,9,55700000063128463,,1,1055700000008135871
9011005062800000,9,55700000063128573,,1,1055700000060464948
9011005062800000,35,55700000063128627,,1,1055700000035127001
9011005062800000,1,55700000063128807,,1,1055700000035127001
9011005062800000,9,55700000065040389,,0,1055700000060465015
9011005062800000,7,55700000065040567,,0,1055700000035127276
9011005062800000,6,55700000065040623,,0,1055700000035127276
9011005062800000,1,55700000065040899,,0,1055700000035127312
9011005062800000,1,55700000065040513,,0,1055700000035127276
9011005062800000,1,55700000065040701,,0,1055700000035127312
9011005062800000,35,55700000065040444,,0,1055700000035127312
9011005062800000,1,55700000065040486,,0,1055700000035127276
9011005062800000,2,55700000065040540,,0,1055700000035127276
9011005062800000,2,55700000065040594,,0,1055700000035127276
9011005062800000,1,55700000065040750,,0,1055700000035127218
9011005062800000,1,55700000065040848,,0,1055700000035127218
9011005062800000,1,55700000065040650,,0,1055700000035127276
9011005062800000,1,55700000065040799,,0,1055700000035127218
9011005062900000,9,55700000063127760,,1,1055700000060631592
9011005062900000,35,55700000063127788,,1,1055700000060631592
9011005062900000,35,55700000063127720,,1,1055700000060631592
9011005062900000,1,55700000063127847,,1,1055700000060631627
9011005062900000,9,55700000063127894,,1,1055700000062044225
9011005062900000,9,55700000063127922,,1,1055700000060631592
9011005062900000,35,55700000063128130,,0,1055700000060631686
9011005062900000,35,55700000063127998,,0,1055700000060631686
9011005062900000,9,55700000065040165,,0,1055700000060631721
9011005062900000,1,55700000065040214,,0,1055700000060631721
9011005062900000,9,55700000065040275,,0,1055700000062044286
9011005063000000,1,55700000063124451,,1,1055700000056138036
9011005063000000,4,55700000063124741,,1,1055700000056138036
9011005063000000,7,55700000063124799,,1,1055700000056138036
9011005063000000,1,55700000063125165,,1,1055700000056138036
9011005063000000,1,55700000063124277,,1,1055700000056138036
9011005063000000,1,55700000063124335,,1,1055700000056138036
9011005063000000,11,55700000063124683,,1,1055700000056138036
9011005063000000,7,55700000063124973,,1,1055700000056138036
9011005063000000,1,55700000063124625,,1,1055700000056138036
9011005063000000,7,55700000063125031,,1,1055700000056138036
9011005063000000,7,55700000063125089,,1,1055700000056138036
9011005063000000,1,55700000063124161,,1,1055700000056138036
9011005063000000,1,55700000063124219,,1,1055700000056138036
9011005063000000,1,55700000063124393,,1,1055700000056138036
9011005063000000,1,55700000063124509,,1,1055700000056138036
9011005063000000,1,55700000063124567,,1,1055700000056138036
9011005063000000,7,55700000063124857,,1,1055700000056138036
9011005063000000,7,55700000063124915,,1,1055700000056138036
9011005063000000,1,55700000063125223,,1,1055700000056138036
9011005063000000,9,55700000063125272,,1,1055700000034069204
9011005063000000,7,55700000063126156,,0,1055700000056138093
9011005063000000,1,55700000063125323,,0,1055700000056138093
9011005063000000,1,55700000063125372,,0,1055700000056138093
9011005063000000,1,55700000063125519,,0,1055700000056138093
9011005063000000,1,55700000063125617,,0,1055700000056138093
9011005063000000,1,55700000063125764,,0,1055700000056138093
9011005063000000,7,55700000063125911,,0,1055700000056138093
9011005063000000,7,55700000063125960,,0,1055700000056138093
9011005063000000,7,55700000063126009,,0,1055700000056138093
9011005063000000,1,55700000063126301,,0,1055700000056138093
9011005063000000,9,55700000063126331,,0,1055700000056138151
9011005063000000,1,55700000063125666,,0,1055700000056138093
9011005063000000,4,55700000063125862,,0,1055700000056138093
9011005063000000,1,55700000063125421,,0,1055700000056138093
9011005063000000,1,55700000063125470,,0,1055700000056138093
9011005063000000,1,55700000063125568,,0,1055700000056138093
9011005063000000,1,55700000063125715,,0,1055700000056138093
9011005063000000,11,55700000063125813,,0,1055700000056138093
9011005063000000,7,55700000063126058,,0,1055700000056138093
9011005063000000,1,55700000063126223,,0,1055700000056138093
9011005063000000,7,55700000063126107,,0,1055700000056138093
9011005063000000,9,55700000063126250,,0,1055700000034069310
9011005063100000,1,55700000063123647,,1,1055700000055907074
9011005063100000,1,55700000063123690,,1,1055700000055907074
9011005063100000,1,55700000063123604,,1,1055700000055907126
9011005063100000,9,55700000063123819,,1,1055700000052859119
9011005063100000,1,55700000063123733,,1,1055700000055907074
9011005063100000,1,55700000063123776,,1,1055700000055907074
9011005063100000,1,55700000063123909,,0,1055700000054639490
9011005063100000,1,55700000063123865,,0,1055700000054639490
9011005063100000,1,55700000063123953,,0,1055700000054639490
9011005063100000,1,55700000063124041,,0,1055700000054639490
9011005063100000,9,55700000063124085,,0,1055700000054639490
9011005063100000,1,55700000063123997,,0,1055700000054639490
9011005065300000,1,55700000063121582,,1,1055700000050217137
9011005065300000,1,55700000063121630,,1,1055700000050217185
9011005065300000,1,55700000063121754,,1,1055700000050217092
9011005065300000,1,55700000063121675,,1,1055700000002569432
9011005065300000,1,55700000063121836,,1,1055700000050217092
9011005065300000,1,55700000063121877,,1,1055700000050217092
9011005065300000,1,55700000063121713,,1,1055700000002569353
9011005065300000,1,55700000063121795,,1,1055700000050217092
9011005065300000,1,55700000063122053,,0,1055700000002569475
9011005065300000,1,55700000063122143,,0,1055700000050217237
9011005065300000,1,55700000063121925,,0,1055700000050217330
9011005065300000,1,55700000063121994,,0,1055700000050217285
9011005065300000,1,55700000063122109,,0,1055700000002569475
9011005065300000,1,55700000063122177,,0,1055700000050217237
9011005065300000,1,55700000063122081,,0,1055700000002569475
9011005065300000,1,55700000063121963,,0,1055700000050217330
9011005065300000,1,55700000063122025,,0,1055700000050217285
9011005065500000,1,55700000063119443,,1,1055700000053429676
9011005065500000,1,55700000063119825,,1,1055700000053429676
9011005065500000,1,55700000063119381,,1,1055700000053429676
9011005065500000,1,55700000063119567,,1,1055700000053429676
9011005065500000,35,55700000063119975,,1,1055700000053429878
9011005065500000,1,55700000063119629,,1,1055700000053429676
9011005065500000,1,55700000063119691,,1,1055700000053429676
9011005065500000,1,55700000063119505,,1,1055700000053429676
9011005065500000,1,55700000063119763,,1,1055700000053429878
9011005065500000,9,55700000063119901,,1,1055700000053429815
9011005065500000,1,55700000063120049,,0,1055700000053429937
9011005065500000,1,55700000063120123,,0,1055700000053429937
9011005065500000,1,55700000063120086,,0,1055700000053429937
9011005065500000,1,55700000063120197,,0,1055700000053429937
9011005065500000,1,55700000063120234,,0,1055700000053429937
9011005065500000,1,55700000063120318,,0,1055700000053430012
9011005065500000,1,55700000063120355,,0,1055700000053429937
9011005065500000,1,55700000063120402,,0,1055700000053430012
9011005065500000,1,55700000063120160,,0,1055700000053429937
9011005065500000,1,55700000063120271,,0,1055700000053429937
9011005066100000,1,55700000063117020,,1,1055700000061746451
9011005066100000,1,55700000063117212,,1,1055700000061746451
9011005066100000,1,55700000063117276,,1,1055700000061746451
9011005066100000,1,55700000063117404,,1,1055700000061746451
9011005066100000,2,55700000063117692,,1,1055700000061746451
9011005066100000,7,55700000063117764,,1,1055700000061746451
9011005066100000,7,55700000063117796,,1,1055700000061746451
9011005066100000,6,55700000063117894,,1,1055700000061746451
9011005066100000,3,55700000063117180,,1,1055700000061746451
9011005066100000,1,55700000063117372,,1,1055700000061746451
9011005066100000,1,55700000063117500,,1,1055700000061746451
9011005066100000,1,55700000063116892,,1,1055700000061746451
9011005066100000,1,55700000063116988,,1,1055700000061746451
9011005066100000,1,55700000063117084,,1,1055700000061746451
9011005066100000,1,55700000063117116,,1,1055700000061746451
9011005066100000,3,55700000063117244,,1,1055700000061746451
9011005066100000,3,55700000063117340,,1,1055700000061746451
9011005066100000,1,55700000063117468,,1,1055700000061746451
9011005066100000,1,55700000063117564,,1,1055700000061746451
9011005066100000,1,55700000063117596,,1,1055700000061746451
9011005066100000,2,55700000063117628,,1,1055700000061746451
9011005066100000,6,55700000063117828,,1,1055700000061746451
9011005066100000,6,55700000063117860,,1,1055700000061746451
9011005066100000,1,55700000063117934,,1,1055700000061746451
9011005066100000,1,55700000063116924,,1,1055700000061746451
9011005066100000,1,55700000063116956,,1,1055700000061746451
9011005066100000,1,55700000063117052,,1,1055700000061746451
9011005066100000,1,55700000063117148,,1,1055700000061746451
9011005066100000,14,55700000063117308,,1,1055700000061746451
9011005066100000,11,55700000063117436,,1,1055700000061746451
9011005066100000,1,55700000063117532,,1,1055700000061746451
9011005066100000,2,55700000063117660,,1,1055700000061746451
9011005066100000,7,55700000063117724,,1,1055700000061746451
9011005066100000,1,55700000063551341,,0,1055700000061746492
9011005066100000,1,55700000063551405,,0,1055700000061746492
9011005066100000,1,55700000063551437,,0,1055700000061746492
9011005066100000,1,55700000063551565,,0,1055700000061746492
9011005066100000,2,55700000063551917,,0,1055700000061746492
9011005066100000,2,55700000063551949,,0,1055700000061746492
9011005066100000,2,55700000063551981,,0,1055700000061746492
9011005066100000,6,55700000063552237,,0,1055700000061746492
9011005066100000,6,55700000063552269,,0,1055700000061746492
9011005066100000,1,55700000063552437,,0,1055700000061746492
9011005066100000,1,55700000063552469,,0,1055700000061746492
9011005066100000,1,55700000063551373,,0,1055700000061746492
9011005066100000,1,55700000063551725,,0,1055700000061746492
9011005066100000,1,55700000063551757,,0,1055700000061746492
9011005066100000,1,55700000063551789,,0,1055700000061746492
9011005066100000,7,55700000063552013,,0,1055700000061746492
9011005066100000,6,55700000063552335,,0,1055700000061746492
9011005066100000,1,55700000063552405,,0,1055700000061746492
9011005066100000,1,55700000063551277,,0,1055700000061746492
9011005066100000,1,55700000063551309,,0,1055700000061746492
9011005066100000,1,55700000063551629,,0,1055700000061746492
9011005066100000,1,55700000063551469,,0,1055700000061746492
9011005066100000,1,55700000063551501,,0,1055700000061746492
9011005066100000,1,55700000063551533,,0,1055700000061746492
9011005066100000,1,55700000063551597,,0,1055700000061746492
9011005066100000,2,55700000063552077,,0,1055700000061746492
9011005066100000,7,55700000063552141,,0,1055700000061746492
9011005066100000,1,55700000063551661,,0,1055700000061746492
9011005066100000,1,55700000063551693,,0,1055700000061746492
9011005066100000,1,55700000063551821,,0,1055700000061746492
9011005066100000,1,55700000063551853,,0,1055700000061746492
9011005066100000,1,55700000063551885,,0,1055700000061746492
9011005066100000,2,55700000063552045,,0,1055700000061746492
9011005066100000,2,55700000063552109,,0,1055700000061746492
9011005066100000,7,55700000063552173,,0,1055700000061746492
9011005066100000,7,55700000063552205,,0,1055700000061746492
9011005066100000,6,55700000063552303,,0,1055700000061746492
9011005066100000,1,55700000063552373,,0,1055700000061746492
9011005066300000,9,55700000063116820,,1,1055700000052113095
9011005066300000,1,55700000063116849,,1,1055700000051462602
9011005066400000,1,55700000063116533,,1,1055700000019091048
9011005066400000,1,55700000063116598,,1,1055700000019091121
9011005066400000,9,55700000063116706,,0,1055700000034074336
9011005066400000,1,55700000063116772,,0,1055700000019091209
9011005066400000,35,55700000063116629,,0,1055700000002575616
9011005066500000,7,55700000063111034,,1,1055700000053432311
9011005066500000,7,55700000063111274,,1,1055700000053432311
9011005066500000,1,55700000063111450,,1,1055700000053432236
9011005066500000,1,55700000063111538,,1,1055700000053432236
9011005066500000,1,55700000063111626,,1,1055700000053432236
9011005066500000,1,55700000063111795,,1,1055700000053432311
9011005066500000,2,55700000063112139,,1,1055700000053432236
9011005066500000,7,55700000063112315,,1,1055700000053432236
9011005066500000,1,55700000063112585,,1,1055700000053432236
9011005066500000,8,55700000063112673,,1,1055700000053432236
9011005066500000,7,55700000063111114,,1,1055700000053432311
9011005066500000,1,55700000063111715,,1,1055700000053432378
9011005066500000,7,55700000063112227,,1,1055700000053432236
9011005066500000,9,55700000063112913,,1,1055700000053432311
9011005066500000,35,55700000063112971,,1,1055700000053432197
9011005066500000,1,55700000063113119,,1,1055700000053432197
9011005066500000,10,55700000063111354,,1,1055700000053432311
9011005066500000,7,55700000063112403,,1,1055700000053432236
9011005066500000,7,55700000063111194,,1,1055700000053432311
9011005066500000,1,55700000063111875,,1,1055700000053432311
9011005066500000,1,55700000063111963,,1,1055700000053432236
9011005066500000,1,55700000063112051,,1,1055700000053432236
9011005066500000,1,55700000063112497,,1,1055700000053432236
9011005066500000,1,55700000063112753,,1,1055700000053432311
9011005066500000,1,55700000063112833,,1,1055700000053432311
9011005066500000,1,55700000063546795,,1,1055700000053432311
9011005066500000,1,55700000063113191,,0,1055700000053432520
9011005066500000,1,55700000063113299,,0,1055700000053432454
9011005066500000,13,55700000063113407,,0,1055700000053432454
9011005066500000,7,55700000063113897,,0,1055700000053432559
9011005066500000,1,55700000063114069,,0,1055700000053432454
9011005066500000,1,55700000063114185,,0,1055700000053432559
9011005066500000,1,55700000063113245,,0,1055700000053432454
9011005066500000,11,55700000063113353,,0,1055700000053432454
9011005066500000,7,55700000063113461,,0,1055700000053432454
9011005066500000,7,55700000063113515,,0,1055700000053432454
9011005066500000,11,55700000063113649,,0,1055700000053432559
9011005066500000,2,55700000063113711,,0,1055700000053432559
9011005066500000,7,55700000063113773,,0,1055700000053432559
9011005066500000,1,55700000063113961,,0,1055700000053432454
9011005066500000,1,55700000063114015,,0,1055700000053432454
9011005066500000,1,55700000063114247,,0,1055700000053432559
9011005066500000,9,55700000063114309,,0,1055700000053432520
9011005066500000,1,55700000063113160,,0,1055700000053432633
9011005066500000,1,55700000063113587,,0,1055700000053432559
9011005066500000,7,55700000063113835,,0,1055700000053432559
9011005066500000,1,55700000063114123,,0,1055700000053432454
9011005066500000,1,55700000063114278,,0,1055700000053432520
9011005066500000,1,55700000063114365,,0,1055700000053432454
9011005067000000,1,55700000063110560,,1,1055700000053438321
9011005067000000,1,55700000063110513,,1,1055700000053438321
9011005067000000,1,55700000063110622,,1,1055700000053438321
9011005067000000,9,55700000063546387,,1,1055700000053438412
9011005067000000,1,55700000063110726,,0,1055700000053438433
9011005067000000,1,55700000063110783,,0,1055700000053438433
9011005067000000,1,55700000063110669,,0,1055700000053438433
9011005067700000,1,55700000063110951,,1,1055700000053421288
9011005067700000,1,55700000063110965,,0,1055700000053421309
9011005068100000,1,55700000063110375,,1,1055700000052811636
9011005068100000,1,55700000063110392,,1,1055700000052811636
9011005068100000,1,55700000063110408,,0,1055700000052811661
9011005068100000,1,55700000063110424,,0,1055700000052811661
9011005068100000,1,55700000063110440,,0,1055700000052811661
9011005077500000,1,55700000065039131,,1,5055700000011724349
9011005077500000,37,55700000065039167,,1,5055700000011724349
9011005077500000,6,55700000065039188,,1,5055700000011724349
9011005077500000,1,55700000065039115,,1,5055700000011724349
9011005077500000,9,55700000065039147,,1,5055700000011724349
9011005077500000,8,55700000065039260,,1,5055700000011724349
9011005077500000,38,55700000065039204,,1,5055700000011724349
9011005077500000,39,55700000065039292,,0,5055700000011724371
9011005077500000,40,55700000065039400,,0,5055700000011724371
9011005077500000,38,55700000065039344,,0,5055700000011724371
9011005077500000,1,55700000065039276,,0,5055700000011724371
9011005077500000,6,55700000065039308,,0,5055700000011724371
9011005077500000,9,55700000065039324,,0,5055700000011724371
9011005077500000,8,55700000065039416,,0,5055700000011724371
